案例,URL,關鍵字,標籤
最高法院 100 年度台上字第 214 號民事判決,https://judgment.judicial.gov.tw/EXPORTFILE/ExportToPdf.aspx?type=JD&id=TPSV%2c100%2c%e5%8f%b0%e4%b8%8a%2c214%2c20110210&fname=%e6%9c%80%e9%ab%98%e6%b3%95%e9%99%a2+100+%e5%b9%b4%e5%ba%a6%e5%8f%b0%e4%b8%8a%e5%ad%97%e7%ac%ac+214+%e8%99%9f%e6%b0%91%e4%ba%8b%e5%88%a4%e6%b1%ba&lawpara=&ot=in,"颱風, 地質, 淹水",
最高法院 100 年度台上字第 2211 號民事判決,https://judgment.judicial.gov.tw/EXPORTFILE/ExportToPdf.aspx?type=JD&id=TPSV%2c100%2c%e5%8f%b0%e4%b8%8a%2c2211%2c20111222&fname=%e6%9c%80%e9%ab%98%e6%b3%95%e9%99%a2+100+%e5%b9%b4%e5%ba%a6%e5%8f%b0%e4%b8%8a%e5%ad%97%e7%ac%ac+2211+%e8%99%9f%e6%b0%91%e4%ba%8b%e5%88%a4%e6%b1%ba&lawpara=&ot=in,地震,
最高法院 100 年度台上字第 471 號民事判決,https://judgment.judicial.gov.tw/EXPORTFILE/ExportToPdf.aspx?type=JD&id=TPSV%2c100%2c%e5%8f%b0%e4%b8%8a%2c471%2c20110331&fname=%e6%9c%80%e9%ab%98%e6%b3%95%e9%99%a2+100+%e5%b9%b4%e5%ba%a6%e5%8f%b0%e4%b8%8a%e5%ad%97%e7%ac%ac+471+%e8%99%9f%e6%b0%91%e4%ba%8b%e5%88%a4%e6%b1%ba&lawpara=&ot=in,地質,
最高法院 100 年度台上字第 655 號民事判決,https://judgment.judicial.gov.tw/EXPORTFILE/ExportToPdf.aspx?type=JD&id=TPSV%2c100%2c%e5%8f%b0%e4%b8%8a%2c655%2c20110428&fname=%e6%9c%80%e9%ab%98%e6%b3%95%e9%99%a2+100+%e5%b9%b4%e5%ba%a6%e5%8f%b0%e4%b8%8a%e5%ad%97%e7%ac%ac+655+%e8%99%9f%e6%b0%91%e4%ba%8b%e5%88%a4%e6%b1%ba&lawpara=&ot=in,地質,
最高法院 101 年度台上字第 1065 號民事判決,https://judgment.judicial.gov.tw/EXPORTFILE/ExportToPdf.aspx?type=JD&id=TPSV%2c101%2c%e5%8f%b0%e4%b8%8a%2c1065%2c20120718&fname=%e6%9c%80%e9%ab%98%e6%b3%95%e9%99%a2+101+%e5%b9%b4%e5%ba%a6%e5%8f%b0%e4%b8%8a%e5%ad%97%e7%ac%ac+1065+%e8%99%9f%e6%b0%91%e4%ba%8b%e5%88%a4%e6%b1%ba&lawpara=&ot=in,地質,
最高法院 101 年度台上字第 2039 號民事裁定,https://judgment.judicial.gov.tw/EXPORTFILE/ExportToPdf.aspx?type=JD&id=TPSV%2c101%2c%e5%8f%b0%e4%b8%8a%2c2039%2c20121213&fname=%e6%9c%80%e9%ab%98%e6%b3%95%e9%99%a2+101+%e5%b9%b4%e5%ba%a6%e5%8f%b0%e4%b8%8a%e5%ad%97%e7%ac%ac+2039+%e8%99%9f%e6%b0%91%e4%ba%8b%e8%a3%81%e5%ae%9a&lawpara=&ot=in,地質,
最高法院 101 年度台上字第 2081 號民事判決,https://judgment.judicial.gov.tw/EXPORTFILE/ExportToPdf.aspx?type=JD&id=TPSV%2c101%2c%e5%8f%b0%e4%b8%8a%2c2081%2c20121220&fname=%e6%9c%80%e9%ab%98%e6%b3%95%e9%99%a2+101+%e5%b9%b4%e5%ba%a6%e5%8f%b0%e4%b8%8a%e5%ad%97%e7%ac%ac+2081+%e8%99%9f%e6%b0%91%e4%ba%8b%e5%88%a4%e6%b1%ba&lawpara=&ot=in,颱風,
最高法院 102 年度台上字第 1701 號民事判決,https://judgment.judicial.gov.tw/EXPORTFILE/ExportToPdf.aspx?type=JD&id=TPSV%2c102%2c%e5%8f%b0%e4%b8%8a%2c1701%2c20130912&fname=%e6%9c%80%e9%ab%98%e6%b3%95%e9%99%a2+102+%e5%b9%b4%e5%ba%a6%e5%8f%b0%e4%b8%8a%e5%ad%97%e7%ac%ac+1701+%e8%99%9f%e6%b0%91%e4%ba%8b%e5%88%a4%e6%b1%ba&lawpara=&ot=in,"颱風, 豪雨",
最高法院 102 年度台上字第 722 號民事裁定,https://judgment.judicial.gov.tw/EXPORTFILE/ExportToPdf.aspx?type=JD&id=TPSV%2c102%2c%e5%8f%b0%e4%b8%8a%2c722%2c20130418&fname=%e6%9c%80%e9%ab%98%e6%b3%95%e9%99%a2+102+%e5%b9%b4%e5%ba%a6%e5%8f%b0%e4%b8%8a%e5%ad%97%e7%ac%ac+722+%e8%99%9f%e6%b0%91%e4%ba%8b%e8%a3%81%e5%ae%9a&lawpara=&ot=in,"風災, 風災, 颱風",
最高法院 102 年度台聲字第 828 號民事裁定,https://judgment.judicial.gov.tw/EXPORTFILE/ExportToPdf.aspx?type=JD&id=TPSV%2c102%2c%e5%8f%b0%e8%81%b2%2c828%2c20130725&fname=%e6%9c%80%e9%ab%98%e6%b3%95%e9%99%a2+102+%e5%b9%b4%e5%ba%a6%e5%8f%b0%e8%81%b2%e5%ad%97%e7%ac%ac+828+%e8%99%9f%e6%b0%91%e4%ba%8b%e8%a3%81%e5%ae%9a&lawpara=&ot=in,"風災, 風災, 颱風, 洪水",
最高法院 103 年度台上字第 1153 號民事判決,https://judgment.judicial.gov.tw/EXPORTFILE/ExportToPdf.aspx?type=JD&id=TPSV%2c103%2c%e5%8f%b0%e4%b8%8a%2c1153%2c20140611&fname=%e6%9c%80%e9%ab%98%e6%b3%95%e9%99%a2+103+%e5%b9%b4%e5%ba%a6%e5%8f%b0%e4%b8%8a%e5%ad%97%e7%ac%ac+1153+%e8%99%9f%e6%b0%91%e4%ba%8b%e5%88%a4%e6%b1%ba&lawpara=&ot=in,"洪水, 豪雨, 颱風, 地質, 地形",
最高法院 103 年度台上字第 1240 號民事判決,https://judgment.judicial.gov.tw/EXPORTFILE/ExportToPdf.aspx?type=JD&id=TPSV%2c103%2c%e5%8f%b0%e4%b8%8a%2c1240%2c20140624&fname=%e6%9c%80%e9%ab%98%e6%b3%95%e9%99%a2+103+%e5%b9%b4%e5%ba%a6%e5%8f%b0%e4%b8%8a%e5%ad%97%e7%ac%ac+1240+%e8%99%9f%e6%b0%91%e4%ba%8b%e5%88%a4%e6%b1%ba&lawpara=&ot=in,"水災, 地質, 風災, 風災, 颱風, 豪雨",
最高法院 103 年度台上字第 1622 號民事判決,https://judgment.judicial.gov.tw/EXPORTFILE/ExportToPdf.aspx?type=JD&id=TPSV%2c103%2c%e5%8f%b0%e4%b8%8a%2c1622%2c20140813&fname=%e6%9c%80%e9%ab%98%e6%b3%95%e9%99%a2+103+%e5%b9%b4%e5%ba%a6%e5%8f%b0%e4%b8%8a%e5%ad%97%e7%ac%ac+1622+%e8%99%9f%e6%b0%91%e4%ba%8b%e5%88%a4%e6%b1%ba&lawpara=&ot=in,颱風,
最高法院 103 年度台上字第 1924 號民事判決,https://judgment.judicial.gov.tw/EXPORTFILE/ExportToPdf.aspx?type=JD&id=TPSV%2c103%2c%e5%8f%b0%e4%b8%8a%2c1924%2c20140918&fname=%e6%9c%80%e9%ab%98%e6%b3%95%e9%99%a2+103+%e5%b9%b4%e5%ba%a6%e5%8f%b0%e4%b8%8a%e5%ad%97%e7%ac%ac+1924+%e8%99%9f%e6%b0%91%e4%ba%8b%e5%88%a4%e6%b1%ba&lawpara=&ot=in,"颱風, 豪雨, 淹水",
最高法院 103 年度台上字第 2185 號民事判決,https://judgment.judicial.gov.tw/EXPORTFILE/ExportToPdf.aspx?type=JD&id=TPSV%2c103%2c%e5%8f%b0%e4%b8%8a%2c2185%2c20141022&fname=%e6%9c%80%e9%ab%98%e6%b3%95%e9%99%a2+103+%e5%b9%b4%e5%ba%a6%e5%8f%b0%e4%b8%8a%e5%ad%97%e7%ac%ac+2185+%e8%99%9f%e6%b0%91%e4%ba%8b%e5%88%a4%e6%b1%ba&lawpara=&ot=in,地震,
最高法院 104 年度台上字第 132 號民事判決,https://judgment.judicial.gov.tw/EXPORTFILE/ExportToPdf.aspx?type=JD&id=TPSV%2c104%2c%e5%8f%b0%e4%b8%8a%2c132%2c20150123&fname=%e6%9c%80%e9%ab%98%e6%b3%95%e9%99%a2+104+%e5%b9%b4%e5%ba%a6%e5%8f%b0%e4%b8%8a%e5%ad%97%e7%ac%ac+132+%e8%99%9f%e6%b0%91%e4%ba%8b%e5%88%a4%e6%b1%ba&lawpara=&ot=in,"地質, 地形",
最高法院 104 年度台上字第 1561 號民事判決,https://judgment.judicial.gov.tw/EXPORTFILE/ExportToPdf.aspx?type=JD&id=TPSV%2c104%2c%e5%8f%b0%e4%b8%8a%2c1561%2c20150819&fname=%e6%9c%80%e9%ab%98%e6%b3%95%e9%99%a2+104+%e5%b9%b4%e5%ba%a6%e5%8f%b0%e4%b8%8a%e5%ad%97%e7%ac%ac+1561+%e8%99%9f%e6%b0%91%e4%ba%8b%e5%88%a4%e6%b1%ba&lawpara=&ot=in,"颱風, 豪雨",
最高法院 104 年度台上字第 1721 號民事裁定,https://judgment.judicial.gov.tw/EXPORTFILE/ExportToPdf.aspx?type=JD&id=TPSV%2c104%2c%e5%8f%b0%e4%b8%8a%2c1721%2c20150910&fname=%e6%9c%80%e9%ab%98%e6%b3%95%e9%99%a2+104+%e5%b9%b4%e5%ba%a6%e5%8f%b0%e4%b8%8a%e5%ad%97%e7%ac%ac+1721+%e8%99%9f%e6%b0%91%e4%ba%8b%e8%a3%81%e5%ae%9a&lawpara=&ot=in,地質,
最高法院 104 年度台上字第 179 號民事判決,https://judgment.judicial.gov.tw/EXPORTFILE/ExportToPdf.aspx?type=JD&id=TPSV%2c104%2c%e5%8f%b0%e4%b8%8a%2c179%2c20150129&fname=%e6%9c%80%e9%ab%98%e6%b3%95%e9%99%a2+104+%e5%b9%b4%e5%ba%a6%e5%8f%b0%e4%b8%8a%e5%ad%97%e7%ac%ac+179+%e8%99%9f%e6%b0%91%e4%ba%8b%e5%88%a4%e6%b1%ba&lawpara=&ot=in,地質,
最高法院 104 年度台上字第 2237 號民事判決,https://judgment.judicial.gov.tw/EXPORTFILE/ExportToPdf.aspx?type=JD&id=TPSV%2c104%2c%e5%8f%b0%e4%b8%8a%2c2237%2c20151119&fname=%e6%9c%80%e9%ab%98%e6%b3%95%e9%99%a2+104+%e5%b9%b4%e5%ba%a6%e5%8f%b0%e4%b8%8a%e5%ad%97%e7%ac%ac+2237+%e8%99%9f%e6%b0%91%e4%ba%8b%e5%88%a4%e6%b1%ba&lawpara=&ot=in,"颱風, 地形, 洪水",
最高法院 104 年度台上字第 2309 號民事判決,https://judgment.judicial.gov.tw/EXPORTFILE/ExportToPdf.aspx?type=JD&id=TPSV%2c104%2c%e5%8f%b0%e4%b8%8a%2c2309%2c20151203&fname=%e6%9c%80%e9%ab%98%e6%b3%95%e9%99%a2+104+%e5%b9%b4%e5%ba%a6%e5%8f%b0%e4%b8%8a%e5%ad%97%e7%ac%ac+2309+%e8%99%9f%e6%b0%91%e4%ba%8b%e5%88%a4%e6%b1%ba&lawpara=&ot=in,地質,
最高法院 104 年度台上字第 696 號民事判決,https://judgment.judicial.gov.tw/EXPORTFILE/ExportToPdf.aspx?type=JD&id=TPSV%2c104%2c%e5%8f%b0%e4%b8%8a%2c696%2c20150422&fname=%e6%9c%80%e9%ab%98%e6%b3%95%e9%99%a2+104+%e5%b9%b4%e5%ba%a6%e5%8f%b0%e4%b8%8a%e5%ad%97%e7%ac%ac+696+%e8%99%9f%e6%b0%91%e4%ba%8b%e5%88%a4%e6%b1%ba&lawpara=&ot=in,"颱風, 豪雨",
最高法院 104 年度台上字第 791 號民事判決,https://judgment.judicial.gov.tw/EXPORTFILE/ExportToPdf.aspx?type=JD&id=TPSV%2c104%2c%e5%8f%b0%e4%b8%8a%2c791%2c20150506&fname=%e6%9c%80%e9%ab%98%e6%b3%95%e9%99%a2+104+%e5%b9%b4%e5%ba%a6%e5%8f%b0%e4%b8%8a%e5%ad%97%e7%ac%ac+791+%e8%99%9f%e6%b0%91%e4%ba%8b%e5%88%a4%e6%b1%ba&lawpara=&ot=in,颱風,
最高法院 105 年度台上字第 189 號民事判決,https://judgment.judicial.gov.tw/EXPORTFILE/ExportToPdf.aspx?type=JD&id=TPSV%2c105%2c%e5%8f%b0%e4%b8%8a%2c189%2c20160128&fname=%e6%9c%80%e9%ab%98%e6%b3%95%e9%99%a2+105+%e5%b9%b4%e5%ba%a6%e5%8f%b0%e4%b8%8a%e5%ad%97%e7%ac%ac+189+%e8%99%9f%e6%b0%91%e4%ba%8b%e5%88%a4%e6%b1%ba&lawpara=&ot=in,颱風,
最高法院 105 年度台上字第 776 號民事判決,https://judgment.judicial.gov.tw/EXPORTFILE/ExportToPdf.aspx?type=JD&id=TPSV%2c105%2c%e5%8f%b0%e4%b8%8a%2c776%2c20160511&fname=%e6%9c%80%e9%ab%98%e6%b3%95%e9%99%a2+105+%e5%b9%b4%e5%ba%a6%e5%8f%b0%e4%b8%8a%e5%ad%97%e7%ac%ac+776+%e8%99%9f%e6%b0%91%e4%ba%8b%e5%88%a4%e6%b1%ba&lawpara=&ot=in,颱風,
最高法院 105 年度台上字第 995 號民事判決,https://judgment.judicial.gov.tw/EXPORTFILE/ExportToPdf.aspx?type=JD&id=TPSV%2c105%2c%e5%8f%b0%e4%b8%8a%2c995%2c20160608&fname=%e6%9c%80%e9%ab%98%e6%b3%95%e9%99%a2+105+%e5%b9%b4%e5%ba%a6%e5%8f%b0%e4%b8%8a%e5%ad%97%e7%ac%ac+995+%e8%99%9f%e6%b0%91%e4%ba%8b%e5%88%a4%e6%b1%ba&lawpara=&ot=in,地質,
最高法院 106 年度台上字第 2313 號民事判決,https://judgment.judicial.gov.tw/EXPORTFILE/ExportToPdf.aspx?type=JD&id=TPSV%2c106%2c%e5%8f%b0%e4%b8%8a%2c2313%2c20180831%2c1&fname=%e6%9c%80%e9%ab%98%e6%b3%95%e9%99%a2+106+%e5%b9%b4%e5%ba%a6%e5%8f%b0%e4%b8%8a%e5%ad%97%e7%ac%ac+2313+%e8%99%9f%e6%b0%91%e4%ba%8b%e5%88%a4%e6%b1%ba&lawpara=&ot=in,地震,
最高法院 106 年度台上字第 24 號民事判決,https://judgment.judicial.gov.tw/EXPORTFILE/ExportToPdf.aspx?type=JD&id=TPSV%2c106%2c%e5%8f%b0%e4%b8%8a%2c24%2c20170427&fname=%e6%9c%80%e9%ab%98%e6%b3%95%e9%99%a2+106+%e5%b9%b4%e5%ba%a6%e5%8f%b0%e4%b8%8a%e5%ad%97%e7%ac%ac+24+%e8%99%9f%e6%b0%91%e4%ba%8b%e5%88%a4%e6%b1%ba&lawpara=&ot=in,"颱風, 豪雨",
最高法院 106 年度台上字第 2517 號民事判決,https://judgment.judicial.gov.tw/EXPORTFILE/ExportToPdf.aspx?type=JD&id=TPSV%2c106%2c%e5%8f%b0%e4%b8%8a%2c2517%2c20180905%2c1&fname=%e6%9c%80%e9%ab%98%e6%b3%95%e9%99%a2+106+%e5%b9%b4%e5%ba%a6%e5%8f%b0%e4%b8%8a%e5%ad%97%e7%ac%ac+2517+%e8%99%9f%e6%b0%91%e4%ba%8b%e5%88%a4%e6%b1%ba&lawpara=&ot=in,"颱風, 地質, 風災, 風災, 颱風",
最高法院 106 年度台上字第 2869 號民事判決,https://judgment.judicial.gov.tw/EXPORTFILE/ExportToPdf.aspx?type=JD&id=TPSV%2c106%2c%e5%8f%b0%e4%b8%8a%2c2869%2c20171228%2c1&fname=%e6%9c%80%e9%ab%98%e6%b3%95%e9%99%a2+106+%e5%b9%b4%e5%ba%a6%e5%8f%b0%e4%b8%8a%e5%ad%97%e7%ac%ac+2869+%e8%99%9f%e6%b0%91%e4%ba%8b%e5%88%a4%e6%b1%ba&lawpara=&ot=in,颱風,
最高法院 106 年度台上字第 2877 號民事判決,https://judgment.judicial.gov.tw/EXPORTFILE/ExportToPdf.aspx?type=JD&id=TPSV%2c106%2c%e5%8f%b0%e4%b8%8a%2c2877%2c20180104%2c1&fname=%e6%9c%80%e9%ab%98%e6%b3%95%e9%99%a2+106+%e5%b9%b4%e5%ba%a6%e5%8f%b0%e4%b8%8a%e5%ad%97%e7%ac%ac+2877+%e8%99%9f%e6%b0%91%e4%ba%8b%e5%88%a4%e6%b1%ba&lawpara=&ot=in,颱風,
最高法院 106 年度台上字第 2969 號民事判決,https://judgment.judicial.gov.tw/EXPORTFILE/ExportToPdf.aspx?type=JD&id=TPSV%2c106%2c%e5%8f%b0%e4%b8%8a%2c2969%2c20180622%2c1&fname=%e6%9c%80%e9%ab%98%e6%b3%95%e9%99%a2+106+%e5%b9%b4%e5%ba%a6%e5%8f%b0%e4%b8%8a%e5%ad%97%e7%ac%ac+2969+%e8%99%9f%e6%b0%91%e4%ba%8b%e5%88%a4%e6%b1%ba&lawpara=&ot=in,"地質, 地形",
最高法院 106 年度台上字第 466 號民事判決,https://judgment.judicial.gov.tw/EXPORTFILE/ExportToPdf.aspx?type=JD&id=TPSV%2c106%2c%e5%8f%b0%e4%b8%8a%2c466%2c20170323&fname=%e6%9c%80%e9%ab%98%e6%b3%95%e9%99%a2+106+%e5%b9%b4%e5%ba%a6%e5%8f%b0%e4%b8%8a%e5%ad%97%e7%ac%ac+466+%e8%99%9f%e6%b0%91%e4%ba%8b%e5%88%a4%e6%b1%ba&lawpara=&ot=in,"颱風, 豪雨, 地震",
最高法院 107 年度台上字第 1154 號民事判決,https://judgment.judicial.gov.tw/PdfWithLine/GetPDF.ashx?jrecno=107%2c%e5%8f%b0%e4%b8%8a%2c1154%2c20190425%2c1&tablename=TPSV&fname=%e6%9c%80%e9%ab%98%e6%b3%95%e9%99%a2107%e5%b9%b4%e5%ba%a6%e5%8f%b0%e4%b8%8a%e5%ad%97%e7%ac%ac1154%e8%99%9f%e6%b0%91%e4%ba%8b%e5%88%a4%e6%b1%ba,"豪雨, 淹水",
最高法院 107 年度台上字第 1185 號民事裁定,https://judgment.judicial.gov.tw/PdfWithLine/GetPDF.ashx?jrecno=107%2c%e5%8f%b0%e4%b8%8a%2c1185%2c20190314%2c1&tablename=TPSV&fname=%e6%9c%80%e9%ab%98%e6%b3%95%e9%99%a2107%e5%b9%b4%e5%ba%a6%e5%8f%b0%e4%b8%8a%e5%ad%97%e7%ac%ac1185%e8%99%9f%e6%b0%91%e4%ba%8b%e8%a3%81%e5%ae%9a,"颱風, 豪雨",
最高法院 107 年度台上字第 1192 號民事判決,https://judgment.judicial.gov.tw/EXPORTFILE/ExportToPdf.aspx?type=JD&id=TPSV%2c107%2c%e5%8f%b0%e4%b8%8a%2c1192%2c20180906%2c1&fname=%e6%9c%80%e9%ab%98%e6%b3%95%e9%99%a2+107+%e5%b9%b4%e5%ba%a6%e5%8f%b0%e4%b8%8a%e5%ad%97%e7%ac%ac+1192+%e8%99%9f%e6%b0%91%e4%ba%8b%e5%88%a4%e6%b1%ba&lawpara=&ot=in,"水災, 颱風, 風災, 風災, 颱風",
最高法院 107 年度台上字第 1197 號民事判決,https://judgment.judicial.gov.tw/PdfWithLine/GetPDF.ashx?jrecno=107%2c%e5%8f%b0%e4%b8%8a%2c1197%2c20190718%2c1&tablename=TPSV&fname=%e6%9c%80%e9%ab%98%e6%b3%95%e9%99%a2107%e5%b9%b4%e5%ba%a6%e5%8f%b0%e4%b8%8a%e5%ad%97%e7%ac%ac1197%e8%99%9f%e6%b0%91%e4%ba%8b%e5%88%a4%e6%b1%ba,地質,
最高法院 107 年度台上字第 1646 號民事判決,https://judgment.judicial.gov.tw/EXPORTFILE/ExportToPdf.aspx?type=JD&id=TPSV%2c107%2c%e5%8f%b0%e4%b8%8a%2c1646%2c20181122%2c1&fname=%e6%9c%80%e9%ab%98%e6%b3%95%e9%99%a2+107+%e5%b9%b4%e5%ba%a6%e5%8f%b0%e4%b8%8a%e5%ad%97%e7%ac%ac+1646+%e8%99%9f%e6%b0%91%e4%ba%8b%e5%88%a4%e6%b1%ba&lawpara=&ot=in,颱風,
最高法院 107 年度台上字第 1859 號民事判決,https://judgment.judicial.gov.tw/PdfWithLine/GetPDF.ashx?jrecno=107%2c%e5%8f%b0%e4%b8%8a%2c1859%2c20190515%2c1&tablename=TPSV&fname=%e6%9c%80%e9%ab%98%e6%b3%95%e9%99%a2107%e5%b9%b4%e5%ba%a6%e5%8f%b0%e4%b8%8a%e5%ad%97%e7%ac%ac1859%e8%99%9f%e6%b0%91%e4%ba%8b%e5%88%a4%e6%b1%ba,颱風,
最高法院 107 年度台上字第 2190 號民事裁定,https://judgment.judicial.gov.tw/PdfWithLine/GetPDF.ashx?jrecno=107%2c%e5%8f%b0%e4%b8%8a%2c2190%2c20200423%2c1&tablename=TPSV&fname=%e6%9c%80%e9%ab%98%e6%b3%95%e9%99%a2107%e5%b9%b4%e5%ba%a6%e5%8f%b0%e4%b8%8a%e5%ad%97%e7%ac%ac2190%e8%99%9f%e6%b0%91%e4%ba%8b%e8%a3%81%e5%ae%9a,地質,
最高法院 107 年度台上字第 619 號民事判決,https://judgment.judicial.gov.tw/EXPORTFILE/ExportToPdf.aspx?type=JD&id=TPSV%2c107%2c%e5%8f%b0%e4%b8%8a%2c619%2c20180823%2c1&fname=%e6%9c%80%e9%ab%98%e6%b3%95%e9%99%a2+107+%e5%b9%b4%e5%ba%a6%e5%8f%b0%e4%b8%8a%e5%ad%97%e7%ac%ac+619+%e8%99%9f%e6%b0%91%e4%ba%8b%e5%88%a4%e6%b1%ba&lawpara=&ot=in,"颱風, 地質",
最高法院 108 年度台上字第 1479 號民事判決,https://judgment.judicial.gov.tw/PdfWithLine/GetPDF.ashx?jrecno=108%2c%e5%8f%b0%e4%b8%8a%2c1479%2c20190920%2c1&tablename=TPSV&fname=%e6%9c%80%e9%ab%98%e6%b3%95%e9%99%a2108%e5%b9%b4%e5%ba%a6%e5%8f%b0%e4%b8%8a%e5%ad%97%e7%ac%ac1479%e8%99%9f%e6%b0%91%e4%ba%8b%e5%88%a4%e6%b1%ba,"地質, 地下水位, 地形",
最高法院 108 年度台上字第 1651 號民事判決,https://judgment.judicial.gov.tw/PdfWithLine/GetPDF.ashx?jrecno=108%2c%e5%8f%b0%e4%b8%8a%2c1651%2c20200409%2c1&tablename=TPSV&fname=%e6%9c%80%e9%ab%98%e6%b3%95%e9%99%a2108%e5%b9%b4%e5%ba%a6%e5%8f%b0%e4%b8%8a%e5%ad%97%e7%ac%ac1651%e8%99%9f%e6%b0%91%e4%ba%8b%e5%88%a4%e6%b1%ba,"颱風, 地質, 豪雨",
最高法院 108 年度台上字第 1721 號民事判決,https://judgment.judicial.gov.tw/PdfWithLine/GetPDF.ashx?jrecno=108%2c%e5%8f%b0%e4%b8%8a%2c1721%2c20191204%2c1&tablename=TPSV&fname=%e6%9c%80%e9%ab%98%e6%b3%95%e9%99%a2108%e5%b9%b4%e5%ba%a6%e5%8f%b0%e4%b8%8a%e5%ad%97%e7%ac%ac1721%e8%99%9f%e6%b0%91%e4%ba%8b%e5%88%a4%e6%b1%ba,戰爭,
最高法院 108 年度台上字第 345 號民事判決,https://judgment.judicial.gov.tw/PdfWithLine/GetPDF.ashx?jrecno=108%2c%e5%8f%b0%e4%b8%8a%2c345%2c20191121%2c1&tablename=TPSV&fname=%e6%9c%80%e9%ab%98%e6%b3%95%e9%99%a2108%e5%b9%b4%e5%ba%a6%e5%8f%b0%e4%b8%8a%e5%ad%97%e7%ac%ac345%e8%99%9f%e6%b0%91%e4%ba%8b%e5%88%a4%e6%b1%ba,地質,
最高法院 108 年度台上字第 81 號民事判決,https://judgment.judicial.gov.tw/PdfWithLine/GetPDF.ashx?jrecno=108%2c%e5%8f%b0%e4%b8%8a%2c81%2c20200903%2c1&tablename=TPSV&fname=%e6%9c%80%e9%ab%98%e6%b3%95%e9%99%a2108%e5%b9%b4%e5%ba%a6%e5%8f%b0%e4%b8%8a%e5%ad%97%e7%ac%ac81%e8%99%9f%e6%b0%91%e4%ba%8b%e5%88%a4%e6%b1%ba,颱風,
最高法院 108 年度台抗字第 849 號民事裁定,https://judgment.judicial.gov.tw/PdfWithLine/GetPDF.ashx?jrecno=108%2c%e5%8f%b0%e6%8a%97%2c849%2c20191121%2c1&tablename=TPSV&fname=%e6%9c%80%e9%ab%98%e6%b3%95%e9%99%a2108%e5%b9%b4%e5%ba%a6%e5%8f%b0%e6%8a%97%e5%ad%97%e7%ac%ac849%e8%99%9f%e6%b0%91%e4%ba%8b%e8%a3%81%e5%ae%9a,"颱風, 地貌",
最高法院 109 年度台上字第 2984 號民事判決,https://judgment.judicial.gov.tw/PdfWithLine/GetPDF.ashx?jrecno=109%2c%e5%8f%b0%e4%b8%8a%2c2984%2c20201224%2c1&tablename=TPSV&fname=%e6%9c%80%e9%ab%98%e6%b3%95%e9%99%a2109%e5%b9%b4%e5%ba%a6%e5%8f%b0%e4%b8%8a%e5%ad%97%e7%ac%ac2984%e8%99%9f%e6%b0%91%e4%ba%8b%e5%88%a4%e6%b1%ba,"地質, 地下水位",
最高法院 109 年度台上字第 615 號民事判決,https://judgment.judicial.gov.tw/PdfWithLine/GetPDF.ashx?jrecno=109%2c%e5%8f%b0%e4%b8%8a%2c615%2c20200603%2c1&tablename=TPSV&fname=%e6%9c%80%e9%ab%98%e6%b3%95%e9%99%a2109%e5%b9%b4%e5%ba%a6%e5%8f%b0%e4%b8%8a%e5%ad%97%e7%ac%ac615%e8%99%9f%e6%b0%91%e4%ba%8b%e5%88%a4%e6%b1%ba,"颱風, 豪雨",
最高法院 109 年度台上字第 732 號民事判決,https://judgment.judicial.gov.tw/PdfWithLine/GetPDF.ashx?jrecno=109%2c%e5%8f%b0%e4%b8%8a%2c732%2c20200821%2c1&tablename=TPSV&fname=%e6%9c%80%e9%ab%98%e6%b3%95%e9%99%a2109%e5%b9%b4%e5%ba%a6%e5%8f%b0%e4%b8%8a%e5%ad%97%e7%ac%ac732%e8%99%9f%e6%b0%91%e4%ba%8b%e5%88%a4%e6%b1%ba,"颱風, 豪雨",
最高法院 109 年度台上字第 801 號民事判決,https://judgment.judicial.gov.tw/PdfWithLine/GetPDF.ashx?jrecno=109%2c%e5%8f%b0%e4%b8%8a%2c801%2c20200520%2c1&tablename=TPSV&fname=%e6%9c%80%e9%ab%98%e6%b3%95%e9%99%a2109%e5%b9%b4%e5%ba%a6%e5%8f%b0%e4%b8%8a%e5%ad%97%e7%ac%ac801%e8%99%9f%e6%b0%91%e4%ba%8b%e5%88%a4%e6%b1%ba,颱風,
最高法院 110 年度台上字第 115 號民事判決,https://judgment.judicial.gov.tw/PdfWithLine/GetPDF.ashx?jrecno=110%2c%e5%8f%b0%e4%b8%8a%2c115%2c20220303%2c1&tablename=TPSV&fname=%e6%9c%80%e9%ab%98%e6%b3%95%e9%99%a2110%e5%b9%b4%e5%ba%a6%e5%8f%b0%e4%b8%8a%e5%ad%97%e7%ac%ac115%e8%99%9f%e6%b0%91%e4%ba%8b%e5%88%a4%e6%b1%ba,"地貌, 風災, 風災, 颱風, 豪雨, 颱風, 地形",
最高法院 110 年度台上字第 143 號民事判決,https://judgment.judicial.gov.tw/FILES/TPSV/110%2c%e5%8f%b0%e4%b8%8a%2c143%2c20221013%2c1.pdf,地質,
最高法院 110 年度台上字第 1430 號民事判決,https://judgment.judicial.gov.tw/PdfWithLine/GetPDF.ashx?jrecno=110%2c%e5%8f%b0%e4%b8%8a%2c1430%2c20220413%2c1&tablename=TPSV&fname=%e6%9c%80%e9%ab%98%e6%b3%95%e9%99%a2110%e5%b9%b4%e5%ba%a6%e5%8f%b0%e4%b8%8a%e5%ad%97%e7%ac%ac1430%e8%99%9f%e6%b0%91%e4%ba%8b%e5%88%a4%e6%b1%ba,地質,
最高法院 110 年度台上字第 1597 號民事判決,https://judgment.judicial.gov.tw/PdfWithLine/GetPDF.ashx?jrecno=110%2c%e5%8f%b0%e4%b8%8a%2c1597%2c20220303%2c1&tablename=TPSV&fname=%e6%9c%80%e9%ab%98%e6%b3%95%e9%99%a2110%e5%b9%b4%e5%ba%a6%e5%8f%b0%e4%b8%8a%e5%ad%97%e7%ac%ac1597%e8%99%9f%e6%b0%91%e4%ba%8b%e5%88%a4%e6%b1%ba,洪水,
最高法院 110 年度台上字第 1797 號民事判決,https://judgment.judicial.gov.tw/PdfWithLine/GetPDF.ashx?jrecno=110%2c%e5%8f%b0%e4%b8%8a%2c1797%2c20220721%2c1&tablename=TPSV&fname=%e6%9c%80%e9%ab%98%e6%b3%95%e9%99%a2110%e5%b9%b4%e5%ba%a6%e5%8f%b0%e4%b8%8a%e5%ad%97%e7%ac%ac1797%e8%99%9f%e6%b0%91%e4%ba%8b%e5%88%a4%e6%b1%ba,地質,
最高法院 110 年度台上字第 2337 號民事判決,https://judgment.judicial.gov.tw/PdfWithLine/GetPDF.ashx?jrecno=110%2c%e5%8f%b0%e4%b8%8a%2c2337%2c20220512%2c1&tablename=TPSV&fname=%e6%9c%80%e9%ab%98%e6%b3%95%e9%99%a2110%e5%b9%b4%e5%ba%a6%e5%8f%b0%e4%b8%8a%e5%ad%97%e7%ac%ac2337%e8%99%9f%e6%b0%91%e4%ba%8b%e5%88%a4%e6%b1%ba,"颱風, 地質",
最高法院 110 年度台上字第 3186 號民事判決,https://judgment.judicial.gov.tw/PdfWithLine/GetPDF.ashx?jrecno=110%2c%e5%8f%b0%e4%b8%8a%2c3186%2c20211229%2c1&tablename=TPSV&fname=%e6%9c%80%e9%ab%98%e6%b3%95%e9%99%a2110%e5%b9%b4%e5%ba%a6%e5%8f%b0%e4%b8%8a%e5%ad%97%e7%ac%ac3186%e8%99%9f%e6%b0%91%e4%ba%8b%e5%88%a4%e6%b1%ba,豪雨,
最高法院 110 年度台上字第 883 號民事判決,https://judgment.judicial.gov.tw/PdfWithLine/GetPDF.ashx?jrecno=110%2c%e5%8f%b0%e4%b8%8a%2c883%2c20220720%2c1&tablename=TPSV&fname=%e6%9c%80%e9%ab%98%e6%b3%95%e9%99%a2110%e5%b9%b4%e5%ba%a6%e5%8f%b0%e4%b8%8a%e5%ad%97%e7%ac%ac883%e8%99%9f%e6%b0%91%e4%ba%8b%e5%88%a4%e6%b1%ba,地形,
最高法院 111 年度台上字第 1062 號民事判決,https://judgment.judicial.gov.tw/FILES/TPSV/111%2c%e5%8f%b0%e4%b8%8a%2c1062%2c20230315%2c1.pdf,"颱風, 豪雨",
最高法院 111 年度台上字第 1267 號民事判決,https://judgment.judicial.gov.tw/FILES/TPSV/111%2c%e5%8f%b0%e4%b8%8a%2c1267%2c20231019%2c1.pdf,颱風,
最高法院 111 年度台上字第 1332 號民事判決,https://judgment.judicial.gov.tw/FILES/TPSV/111%2c%e5%8f%b0%e4%b8%8a%2c1332%2c20230712%2c1.pdf,"地下水位, 淹水",
最高法院 111 年度台上字第 1853 號民事判決,https://judgment.judicial.gov.tw/PdfWithLine/GetPDF.ashx?jrecno=111%2c%e5%8f%b0%e4%b8%8a%2c1853%2c20220915%2c1&tablename=TPSV&fname=%e6%9c%80%e9%ab%98%e6%b3%95%e9%99%a2111%e5%b9%b4%e5%ba%a6%e5%8f%b0%e4%b8%8a%e5%ad%97%e7%ac%ac1853%e8%99%9f%e6%b0%91%e4%ba%8b%e5%88%a4%e6%b1%ba,"颱風, 颱風, 天氣, 豪雨",
最高法院 111 年度台上字第 2541 號民事判決,https://judgment.judicial.gov.tw/FILES/TPSV/111%2c%e5%8f%b0%e4%b8%8a%2c2541%2c20230208%2c1.pdf,颱風,
最高法院 111 年度台上字第 47 號民事判決,https://judgment.judicial.gov.tw/PdfWithLine/GetPDF.ashx?jrecno=111%2c%e5%8f%b0%e4%b8%8a%2c47%2c20220504%2c1&tablename=TPSV&fname=%e6%9c%80%e9%ab%98%e6%b3%95%e9%99%a2111%e5%b9%b4%e5%ba%a6%e5%8f%b0%e4%b8%8a%e5%ad%97%e7%ac%ac47%e8%99%9f%e6%b0%91%e4%ba%8b%e5%88%a4%e6%b1%ba,颱風,
最高法院 93 年度台上字第 2503 號民事判決,https://judgment.judicial.gov.tw/EXPORTFILE/ExportToPdf.aspx?type=JD&id=TPSV%2c93%2c%e5%8f%b0%e4%b8%8a%2c2503%2c20041216&fname=%e6%9c%80%e9%ab%98%e6%b3%95%e9%99%a2+93+%e5%b9%b4%e5%ba%a6%e5%8f%b0%e4%b8%8a%e5%ad%97%e7%ac%ac+2503+%e8%99%9f%e6%b0%91%e4%ba%8b%e5%88%a4%e6%b1%ba&lawpara=&ot=in,地震,
最高法院 94 年度台上字第 1395 號民事判決,https://judgment.judicial.gov.tw/EXPORTFILE/ExportToPdf.aspx?type=JD&id=TPSV%2c94%2c%e5%8f%b0%e4%b8%8a%2c1395%2c20050728&fname=%e6%9c%80%e9%ab%98%e6%b3%95%e9%99%a2+94+%e5%b9%b4%e5%ba%a6%e5%8f%b0%e4%b8%8a%e5%ad%97%e7%ac%ac+1395+%e8%99%9f%e6%b0%91%e4%ba%8b%e5%88%a4%e6%b1%ba&lawpara=&ot=in,豪雨,
最高法院 97 年度台上字第 197 號民事判決,https://judgment.judicial.gov.tw/EXPORTFILE/ExportToPdf.aspx?type=JD&id=TPSV%2c97%2c%e5%8f%b0%e4%b8%8a%2c197%2c20080131&fname=%e6%9c%80%e9%ab%98%e6%b3%95%e9%99%a2+97+%e5%b9%b4%e5%ba%a6%e5%8f%b0%e4%b8%8a%e5%ad%97%e7%ac%ac+197+%e8%99%9f%e6%b0%91%e4%ba%8b%e5%88%a4%e6%b1%ba&lawpara=&ot=in,"豪雨, 地震",
最高法院 97 年度台上字第 360 號民事判決,https://judgment.judicial.gov.tw/EXPORTFILE/ExportToPdf.aspx?type=JD&id=TPSV%2c97%2c%e5%8f%b0%e4%b8%8a%2c360%2c20080229&fname=%e6%9c%80%e9%ab%98%e6%b3%95%e9%99%a2+97+%e5%b9%b4%e5%ba%a6%e5%8f%b0%e4%b8%8a%e5%ad%97%e7%ac%ac+360+%e8%99%9f%e6%b0%91%e4%ba%8b%e5%88%a4%e6%b1%ba&lawpara=&ot=in,地震,
最高法院 98 年度台上字第 1761 號民事判決,https://judgment.judicial.gov.tw/EXPORTFILE/ExportToPdf.aspx?type=JD&id=TPSV%2c98%2c%e5%8f%b0%e4%b8%8a%2c1761%2c20090924&fname=%e6%9c%80%e9%ab%98%e6%b3%95%e9%99%a2+98+%e5%b9%b4%e5%ba%a6%e5%8f%b0%e4%b8%8a%e5%ad%97%e7%ac%ac+1761+%e8%99%9f%e6%b0%91%e4%ba%8b%e5%88%a4%e6%b1%ba&lawpara=&ot=in,地質,
最高法院 98 年度台上字第 1822 號民事判決,https://judgment.judicial.gov.tw/EXPORTFILE/ExportToPdf.aspx?type=JD&id=TPSV%2c98%2c%e5%8f%b0%e4%b8%8a%2c1822%2c20090930&fname=%e6%9c%80%e9%ab%98%e6%b3%95%e9%99%a2+98+%e5%b9%b4%e5%ba%a6%e5%8f%b0%e4%b8%8a%e5%ad%97%e7%ac%ac+1822+%e8%99%9f%e6%b0%91%e4%ba%8b%e5%88%a4%e6%b1%ba&lawpara=&ot=in,"地質, 地下水位, 地貌, 地形",
最高法院 98 年度台上字第 1914 號民事判決,https://judgment.judicial.gov.tw/EXPORTFILE/ExportToPdf.aspx?type=JD&id=TPSV%2c98%2c%e5%8f%b0%e4%b8%8a%2c1914%2c20091015&fname=%e6%9c%80%e9%ab%98%e6%b3%95%e9%99%a2+98+%e5%b9%b4%e5%ba%a6%e5%8f%b0%e4%b8%8a%e5%ad%97%e7%ac%ac+1914+%e8%99%9f%e6%b0%91%e4%ba%8b%e5%88%a4%e6%b1%ba&lawpara=&ot=in,地質,
最高法院 98 年度台上字第 59 號民事判決,https://judgment.judicial.gov.tw/EXPORTFILE/ExportToPdf.aspx?type=JD&id=TPSV%2c98%2c%e5%8f%b0%e4%b8%8a%2c59%2c20090115&fname=%e6%9c%80%e9%ab%98%e6%b3%95%e9%99%a2+98+%e5%b9%b4%e5%ba%a6%e5%8f%b0%e4%b8%8a%e5%ad%97%e7%ac%ac+59+%e8%99%9f%e6%b0%91%e4%ba%8b%e5%88%a4%e6%b1%ba&lawpara=&ot=in,地形,
最高法院 99 年度台上字第 2018 號民事判決,https://judgment.judicial.gov.tw/EXPORTFILE/ExportToPdf.aspx?type=JD&id=TPSV%2c99%2c%e5%8f%b0%e4%b8%8a%2c2018%2c20101028&fname=%e6%9c%80%e9%ab%98%e6%b3%95%e9%99%a2+99+%e5%b9%b4%e5%ba%a6%e5%8f%b0%e4%b8%8a%e5%ad%97%e7%ac%ac+2018+%e8%99%9f%e6%b0%91%e4%ba%8b%e5%88%a4%e6%b1%ba&lawpara=&ot=in,地質,
最高行政法院 102 年度判字第 126 號判決,https://judgment.judicial.gov.tw/EXPORTFILE/ExportToPdf.aspx?type=JD&id=TPAA%2c102%2c%e5%88%a4%2c126%2c20130314%2c1&fname=%e6%9c%80%e9%ab%98%e8%a1%8c%e6%94%bf%e6%b3%95%e9%99%a2+102+%e5%b9%b4%e5%ba%a6%e5%88%a4%e5%ad%97%e7%ac%ac+126+%e8%99%9f%e5%88%a4%e6%b1%ba&lawpara=&ot=in,"颱風, 戰爭, 地震",
福建金門地方法院 107 年度建字第 5 號民事判決,https://judgment.judicial.gov.tw/PdfWithLine/GetPDF.ashx?jrecno=107%2c%e5%bb%ba%2c5%2c20210128%2c2&tablename=KMDV&fname=%e7%a6%8f%e5%bb%ba%e9%87%91%e9%96%80%e5%9c%b0%e6%96%b9%e6%b3%95%e9%99%a2107%e5%b9%b4%e5%ba%a6%e5%bb%ba%e5%ad%97%e7%ac%ac5%e8%99%9f%e6%b0%91%e4%ba%8b%e5%88%a4%e6%b1%ba,"颱風, 地形",
福建金門地方法院 97 年度建字第 5 號民事判決,https://judgment.judicial.gov.tw/EXPORTFILE/ExportToPdf.aspx?type=JD&id=KMDV%2c97%2c%e5%bb%ba%2c5%2c20091023%2c3&fname=%e7%a6%8f%e5%bb%ba%e9%87%91%e9%96%80%e5%9c%b0%e6%96%b9%e6%b3%95%e9%99%a2+97+%e5%b9%b4%e5%ba%a6%e5%bb%ba%e5%ad%97%e7%ac%ac+5+%e8%99%9f%e6%b0%91%e4%ba%8b%e5%88%a4%e6%b1%ba&lawpara=&ot=in,地震,
福建金門地方法院 98 年度重訴字第 5 號民事判決,https://judgment.judicial.gov.tw/EXPORTFILE/ExportToPdf.aspx?type=JD&id=KMDV%2c98%2c%e9%87%8d%e8%a8%b4%2c5%2c20110826%2c3&fname=%e7%a6%8f%e5%bb%ba%e9%87%91%e9%96%80%e5%9c%b0%e6%96%b9%e6%b3%95%e9%99%a2+98+%e5%b9%b4%e5%ba%a6%e9%87%8d%e8%a8%b4%e5%ad%97%e7%ac%ac+5+%e8%99%9f%e6%b0%91%e4%ba%8b%e5%88%a4%e6%b1%ba&lawpara=&ot=in,"地貌, 豪雨, 颱風, 淹水, 地形",
福建高等法院金門分院 100 年度建上字第 1 號民事判決,https://judgment.judicial.gov.tw/EXPORTFILE/ExportToPdf.aspx?type=JD&id=KMHV%2c100%2c%e5%bb%ba%e4%b8%8a%2c1%2c20130117%2c1&fname=%e7%a6%8f%e5%bb%ba%e9%ab%98%e7%ad%89%e6%b3%95%e9%99%a2%e9%87%91%e9%96%80%e5%88%86%e9%99%a2+100+%e5%b9%b4%e5%ba%a6%e5%bb%ba%e4%b8%8a%e5%ad%97%e7%ac%ac+1+%e8%99%9f%e6%b0%91%e4%ba%8b%e5%88%a4%e6%b1%ba&lawpara=&ot=in,"地質, 地形",
福建高等法院金門分院 100 年度建上字第 2 號民事判決,https://judgment.judicial.gov.tw/EXPORTFILE/ExportToPdf.aspx?type=JD&id=KMHV%2c100%2c%e5%bb%ba%e4%b8%8a%2c2%2c20120920%2c1&fname=%e7%a6%8f%e5%bb%ba%e9%ab%98%e7%ad%89%e6%b3%95%e9%99%a2%e9%87%91%e9%96%80%e5%88%86%e9%99%a2+100+%e5%b9%b4%e5%ba%a6%e5%bb%ba%e4%b8%8a%e5%ad%97%e7%ac%ac+2+%e8%99%9f%e6%b0%91%e4%ba%8b%e5%88%a4%e6%b1%ba&lawpara=&ot=in,地質,
福建高等法院金門分院 100 年度建上字第 3 號民事判決,https://judgment.judicial.gov.tw/EXPORTFILE/ExportToPdf.aspx?type=JD&id=KMHV%2c100%2c%e5%bb%ba%e4%b8%8a%2c3%2c20121018%2c1&fname=%e7%a6%8f%e5%bb%ba%e9%ab%98%e7%ad%89%e6%b3%95%e9%99%a2%e9%87%91%e9%96%80%e5%88%86%e9%99%a2+100+%e5%b9%b4%e5%ba%a6%e5%bb%ba%e4%b8%8a%e5%ad%97%e7%ac%ac+3+%e8%99%9f%e6%b0%91%e4%ba%8b%e5%88%a4%e6%b1%ba&lawpara=&ot=in,淹水,
福建高等法院金門分院 101 年度建上字第 3 號民事判決,https://judgment.judicial.gov.tw/EXPORTFILE/ExportToPdf.aspx?type=JD&id=KMHV%2c101%2c%e5%bb%ba%e4%b8%8a%2c3%2c20130117%2c1&fname=%e7%a6%8f%e5%bb%ba%e9%ab%98%e7%ad%89%e6%b3%95%e9%99%a2%e9%87%91%e9%96%80%e5%88%86%e9%99%a2+101+%e5%b9%b4%e5%ba%a6%e5%bb%ba%e4%b8%8a%e5%ad%97%e7%ac%ac+3+%e8%99%9f%e6%b0%91%e4%ba%8b%e5%88%a4%e6%b1%ba&lawpara=&ot=in,"地質, 地形",
福建高等法院金門分院 102 年度建上字第 2 號民事判決,https://judgment.judicial.gov.tw/EXPORTFILE/ExportToPdf.aspx?type=JD&id=KMHV%2c102%2c%e5%bb%ba%e4%b8%8a%2c2%2c20140612%2c2&fname=%e7%a6%8f%e5%bb%ba%e9%ab%98%e7%ad%89%e6%b3%95%e9%99%a2%e9%87%91%e9%96%80%e5%88%86%e9%99%a2+102+%e5%b9%b4%e5%ba%a6%e5%bb%ba%e4%b8%8a%e5%ad%97%e7%ac%ac+2+%e8%99%9f%e6%b0%91%e4%ba%8b%e5%88%a4%e6%b1%ba&lawpara=&ot=in,颱風,
福建高等法院金門分院 104 年度建上更（一）字第 1 號民事判決,https://judgment.judicial.gov.tw/EXPORTFILE/ExportToPdf.aspx?type=JD&id=KMHV%2c104%2c%e5%bb%ba%e4%b8%8a%e6%9b%b4%ef%bc%88%e4%b8%80%ef%bc%89%2c1%2c20170816%2c2&fname=%e7%a6%8f%e5%bb%ba%e9%ab%98%e7%ad%89%e6%b3%95%e9%99%a2%e9%87%91%e9%96%80%e5%88%86%e9%99%a2+104+%e5%b9%b4%e5%ba%a6%e5%bb%ba%e4%b8%8a%e6%9b%b4%ef%bc%88%e4%b8%80%ef%bc%89%e5%ad%97%e7%ac%ac+1+%e8%99%9f%e6%b0%91%e4%ba%8b%e5%88%a4%e6%b1%ba&lawpara=&ot=in,"颱風, 地質, 地形",
福建高等法院金門分院 98 年度建上字第 1 號民事判決,https://judgment.judicial.gov.tw/EXPORTFILE/ExportToPdf.aspx?type=JD&id=KMHV%2c98%2c%e5%bb%ba%e4%b8%8a%2c1%2c20120308%2c1&fname=%e7%a6%8f%e5%bb%ba%e9%ab%98%e7%ad%89%e6%b3%95%e9%99%a2%e9%87%91%e9%96%80%e5%88%86%e9%99%a2+98+%e5%b9%b4%e5%ba%a6%e5%bb%ba%e4%b8%8a%e5%ad%97%e7%ac%ac+1+%e8%99%9f%e6%b0%91%e4%ba%8b%e5%88%a4%e6%b1%ba&lawpara=&ot=in,地震,
臺北高等行政法院 97 年度訴字第 831 號判決,https://judgment.judicial.gov.tw/EXPORTFILE/ExportToPdf.aspx?type=JD&id=TPBA%2c97%2c%e8%a8%b4%2c831%2c20100609%2c3&fname=%e8%87%ba%e5%8c%97%e9%ab%98%e7%ad%89%e8%a1%8c%e6%94%bf%e6%b3%95%e9%99%a2+97+%e5%b9%b4%e5%ba%a6%e8%a8%b4%e5%ad%97%e7%ac%ac+831+%e8%99%9f%e5%88%a4%e6%b1%ba&lawpara=&ot=in,"地質, 地震",
臺北高等行政法院 97 年度訴字第 832 號判決,https://judgment.judicial.gov.tw/EXPORTFILE/ExportToPdf.aspx?type=JD&id=TPBA%2c97%2c%e8%a8%b4%2c832%2c20081009%2c1&fname=%e8%87%ba%e5%8c%97%e9%ab%98%e7%ad%89%e8%a1%8c%e6%94%bf%e6%b3%95%e9%99%a2+97+%e5%b9%b4%e5%ba%a6%e8%a8%b4%e5%ad%97%e7%ac%ac+832+%e8%99%9f%e5%88%a4%e6%b1%ba&lawpara=&ot=in,"地質, 地下水位",
臺灣南投地方法院 103 年度建字第 4 號民事判決,https://judgment.judicial.gov.tw/EXPORTFILE/ExportToPdf.aspx?type=JD&id=NTDV%2c103%2c%e5%bb%ba%2c4%2c20151028%2c1&fname=%e8%87%ba%e7%81%a3%e5%8d%97%e6%8a%95%e5%9c%b0%e6%96%b9%e6%b3%95%e9%99%a2+103+%e5%b9%b4%e5%ba%a6%e5%bb%ba%e5%ad%97%e7%ac%ac+4+%e8%99%9f%e6%b0%91%e4%ba%8b%e5%88%a4%e6%b1%ba&lawpara=&ot=in,"風災, 風災, 颱風",
臺灣南投地方法院 104 年度建字第 1 號民事判決,https://judgment.judicial.gov.tw/EXPORTFILE/ExportToPdf.aspx?type=JD&id=NTDV%2c104%2c%e5%bb%ba%2c1%2c20170222%2c1&fname=%e8%87%ba%e7%81%a3%e5%8d%97%e6%8a%95%e5%9c%b0%e6%96%b9%e6%b3%95%e9%99%a2+104+%e5%b9%b4%e5%ba%a6%e5%bb%ba%e5%ad%97%e7%ac%ac+1+%e8%99%9f%e6%b0%91%e4%ba%8b%e5%88%a4%e6%b1%ba&lawpara=&ot=in,颱風,
臺灣南投地方法院 107 年度建字第 7 號民事判決,https://judgment.judicial.gov.tw/FILES/NTDV/107%2c%e5%bb%ba%2c7%2c20220112%2c1.pdf,地質,
臺灣南投地方法院 108 年度建字第 4 號民事判決,https://judgment.judicial.gov.tw/PdfWithLine/GetPDF.ashx?jrecno=108%2c%e5%bb%ba%2c4%2c20200319%2c1&tablename=NTDV&fname=%e8%87%ba%e7%81%a3%e5%8d%97%e6%8a%95%e5%9c%b0%e6%96%b9%e6%b3%95%e9%99%a2108%e5%b9%b4%e5%ba%a6%e5%bb%ba%e5%ad%97%e7%ac%ac4%e8%99%9f%e6%b0%91%e4%ba%8b%e5%88%a4%e6%b1%ba,"颱風, 颱風, 天氣, 豪雨, 地形",
臺灣南投地方法院 91 年度訴字第 614 號民事判決,https://judgment.judicial.gov.tw/EXPORTFILE/ExportToPdf.aspx?type=JD&id=NTDV%2c91%2c%e8%a8%b4%2c614%2c20030429%2c1&fname=%e8%87%ba%e7%81%a3%e5%8d%97%e6%8a%95%e5%9c%b0%e6%96%b9%e6%b3%95%e9%99%a2+91+%e5%b9%b4%e5%ba%a6%e8%a8%b4%e5%ad%97%e7%ac%ac+614+%e8%99%9f%e6%b0%91%e4%ba%8b%e5%88%a4%e6%b1%ba&lawpara=&ot=in,豪雨,
臺灣南投地方法院 91 年度訴字第 618 號民事判決,https://judgment.judicial.gov.tw/EXPORTFILE/ExportToPdf.aspx?type=JD&id=NTDV%2c91%2c%e8%a8%b4%2c618%2c20030603%2c2&fname=%e8%87%ba%e7%81%a3%e5%8d%97%e6%8a%95%e5%9c%b0%e6%96%b9%e6%b3%95%e9%99%a2+91+%e5%b9%b4%e5%ba%a6%e8%a8%b4%e5%ad%97%e7%ac%ac+618+%e8%99%9f%e6%b0%91%e4%ba%8b%e5%88%a4%e6%b1%ba&lawpara=&ot=in,"地形, 地質, 豪雨, 地震",
臺灣南投地方法院 91 年度重訴字第 124 號民事判決,https://judgment.judicial.gov.tw/EXPORTFILE/ExportToPdf.aspx?type=JD&id=NTDV%2c91%2c%e9%87%8d%e8%a8%b4%2c124%2c20030813%2c1&fname=%e8%87%ba%e7%81%a3%e5%8d%97%e6%8a%95%e5%9c%b0%e6%96%b9%e6%b3%95%e9%99%a2+91+%e5%b9%b4%e5%ba%a6%e9%87%8d%e8%a8%b4%e5%ad%97%e7%ac%ac+124+%e8%99%9f%e6%b0%91%e4%ba%8b%e5%88%a4%e6%b1%ba&lawpara=&ot=in,"地質, 地形",
臺灣南投地方法院 94 年度建字第 8 號民事判決,https://judgment.judicial.gov.tw/EXPORTFILE/ExportToPdf.aspx?type=JD&id=NTDV%2c94%2c%e5%bb%ba%2c8%2c20060719%2c1&fname=%e8%87%ba%e7%81%a3%e5%8d%97%e6%8a%95%e5%9c%b0%e6%96%b9%e6%b3%95%e9%99%a2+94+%e5%b9%b4%e5%ba%a6%e5%bb%ba%e5%ad%97%e7%ac%ac+8+%e8%99%9f%e6%b0%91%e4%ba%8b%e5%88%a4%e6%b1%ba&lawpara=&ot=in,"地質, 地震",
臺灣南投地方法院 98 年度建字第 13 號民事判決,https://judgment.judicial.gov.tw/EXPORTFILE/ExportToPdf.aspx?type=JD&id=NTDV%2c98%2c%e5%bb%ba%2c13%2c20110707%2c2&fname=%e8%87%ba%e7%81%a3%e5%8d%97%e6%8a%95%e5%9c%b0%e6%96%b9%e6%b3%95%e9%99%a2+98+%e5%b9%b4%e5%ba%a6%e5%bb%ba%e5%ad%97%e7%ac%ac+13+%e8%99%9f%e6%b0%91%e4%ba%8b%e5%88%a4%e6%b1%ba&lawpara=&ot=in,"地質, 地震",
臺灣南投地方法院 99 年度建字第 1 號民事判決,https://judgment.judicial.gov.tw/EXPORTFILE/ExportToPdf.aspx?type=JD&id=NTDV%2c99%2c%e5%bb%ba%2c1%2c20110822%2c1&fname=%e8%87%ba%e7%81%a3%e5%8d%97%e6%8a%95%e5%9c%b0%e6%96%b9%e6%b3%95%e9%99%a2+99+%e5%b9%b4%e5%ba%a6%e5%bb%ba%e5%ad%97%e7%ac%ac+1+%e8%99%9f%e6%b0%91%e4%ba%8b%e5%88%a4%e6%b1%ba&lawpara=&ot=in,"地貌, 風災, 風災, 颱風, 地震, 水災, 豪雨, 地形",
臺灣南投地方法院 99 年度建字第 14 號民事判決,https://judgment.judicial.gov.tw/EXPORTFILE/ExportToPdf.aspx?type=JD&id=NTDV%2c99%2c%e5%bb%ba%2c14%2c20120328%2c1&fname=%e8%87%ba%e7%81%a3%e5%8d%97%e6%8a%95%e5%9c%b0%e6%96%b9%e6%b3%95%e9%99%a2+99+%e5%b9%b4%e5%ba%a6%e5%bb%ba%e5%ad%97%e7%ac%ac+14+%e8%99%9f%e6%b0%91%e4%ba%8b%e5%88%a4%e6%b1%ba&lawpara=&ot=in,颱風,
臺灣嘉義地方法院 100 年度建字第 6 號民事判決,https://judgment.judicial.gov.tw/EXPORTFILE/ExportToPdf.aspx?type=JD&id=CYDV%2c100%2c%e5%bb%ba%2c6%2c20120719%2c1&fname=%e8%87%ba%e7%81%a3%e5%98%89%e7%be%a9%e5%9c%b0%e6%96%b9%e6%b3%95%e9%99%a2+100+%e5%b9%b4%e5%ba%a6%e5%bb%ba%e5%ad%97%e7%ac%ac+6+%e8%99%9f%e6%b0%91%e4%ba%8b%e5%88%a4%e6%b1%ba&lawpara=&ot=in,"地貌, 風災, 風災, 颱風, 洪水, 地震, 水災, 豪雨, 地形",
臺灣嘉義地方法院 101 年度建字第 22 號民事判決,https://judgment.judicial.gov.tw/EXPORTFILE/ExportToPdf.aspx?type=JD&id=CYDV%2c101%2c%e5%bb%ba%2c22%2c20121122%2c1&fname=%e8%87%ba%e7%81%a3%e5%98%89%e7%be%a9%e5%9c%b0%e6%96%b9%e6%b3%95%e9%99%a2+101+%e5%b9%b4%e5%ba%a6%e5%bb%ba%e5%ad%97%e7%ac%ac+22+%e8%99%9f%e6%b0%91%e4%ba%8b%e5%88%a4%e6%b1%ba&lawpara=&ot=in,天氣,
臺灣嘉義地方法院 101 年度建字第 23 號民事判決,https://judgment.judicial.gov.tw/EXPORTFILE/ExportToPdf.aspx?type=JD&id=CYDV%2c101%2c%e5%bb%ba%2c23%2c20140731%2c3&fname=%e8%87%ba%e7%81%a3%e5%98%89%e7%be%a9%e5%9c%b0%e6%96%b9%e6%b3%95%e9%99%a2+101+%e5%b9%b4%e5%ba%a6%e5%bb%ba%e5%ad%97%e7%ac%ac+23+%e8%99%9f%e6%b0%91%e4%ba%8b%e5%88%a4%e6%b1%ba&lawpara=&ot=in,戰爭,
臺灣嘉義地方法院 101 年度建字第 32 號民事判決,https://judgment.judicial.gov.tw/EXPORTFILE/ExportToPdf.aspx?type=JD&id=CYDV%2c101%2c%e5%bb%ba%2c32%2c20130711%2c1&fname=%e8%87%ba%e7%81%a3%e5%98%89%e7%be%a9%e5%9c%b0%e6%96%b9%e6%b3%95%e9%99%a2+101+%e5%b9%b4%e5%ba%a6%e5%bb%ba%e5%ad%97%e7%ac%ac+32+%e8%99%9f%e6%b0%91%e4%ba%8b%e5%88%a4%e6%b1%ba&lawpara=&ot=in,"地質, 地貌",
臺灣嘉義地方法院 102 年度建字第 20 號民事判決,https://judgment.judicial.gov.tw/EXPORTFILE/ExportToPdf.aspx?type=JD&id=CYDV%2c102%2c%e5%bb%ba%2c20%2c20140827%2c1&fname=%e8%87%ba%e7%81%a3%e5%98%89%e7%be%a9%e5%9c%b0%e6%96%b9%e6%b3%95%e9%99%a2+102+%e5%b9%b4%e5%ba%a6%e5%bb%ba%e5%ad%97%e7%ac%ac+20+%e8%99%9f%e6%b0%91%e4%ba%8b%e5%88%a4%e6%b1%ba&lawpara=&ot=in,"地震, 戰爭, 水災, 豪雨, 颱風",
臺灣嘉義地方法院 102 年度建字第 23 號民事判決,https://judgment.judicial.gov.tw/EXPORTFILE/ExportToPdf.aspx?type=JD&id=CYDV%2c102%2c%e5%bb%ba%2c23%2c20140905%2c1&fname=%e8%87%ba%e7%81%a3%e5%98%89%e7%be%a9%e5%9c%b0%e6%96%b9%e6%b3%95%e9%99%a2+102+%e5%b9%b4%e5%ba%a6%e5%bb%ba%e5%ad%97%e7%ac%ac+23+%e8%99%9f%e6%b0%91%e4%ba%8b%e5%88%a4%e6%b1%ba&lawpara=&ot=in,颱風,
臺灣嘉義地方法院 102 年度建字第 34 號民事判決,https://judgment.judicial.gov.tw/EXPORTFILE/ExportToPdf.aspx?type=JD&id=CYDV%2c102%2c%e5%bb%ba%2c34%2c20150205%2c1&fname=%e8%87%ba%e7%81%a3%e5%98%89%e7%be%a9%e5%9c%b0%e6%96%b9%e6%b3%95%e9%99%a2+102+%e5%b9%b4%e5%ba%a6%e5%bb%ba%e5%ad%97%e7%ac%ac+34+%e8%99%9f%e6%b0%91%e4%ba%8b%e5%88%a4%e6%b1%ba&lawpara=&ot=in,"地質, 風災, 風災, 颱風, 地形",
臺灣嘉義地方法院 102 年度建字第 41 號民事判決,https://judgment.judicial.gov.tw/EXPORTFILE/ExportToPdf.aspx?type=JD&id=CYDV%2c102%2c%e5%bb%ba%2c41%2c20161226%2c1&fname=%e8%87%ba%e7%81%a3%e5%98%89%e7%be%a9%e5%9c%b0%e6%96%b9%e6%b3%95%e9%99%a2+102+%e5%b9%b4%e5%ba%a6%e5%bb%ba%e5%ad%97%e7%ac%ac+41+%e8%99%9f%e6%b0%91%e4%ba%8b%e5%88%a4%e6%b1%ba&lawpara=&ot=in,颱風,
臺灣嘉義地方法院 103 年度建字第 4 號民事判決,https://judgment.judicial.gov.tw/EXPORTFILE/ExportToPdf.aspx?type=JD&id=CYDV%2c103%2c%e5%bb%ba%2c4%2c20141127%2c1&fname=%e8%87%ba%e7%81%a3%e5%98%89%e7%be%a9%e5%9c%b0%e6%96%b9%e6%b3%95%e9%99%a2+103+%e5%b9%b4%e5%ba%a6%e5%bb%ba%e5%ad%97%e7%ac%ac+4+%e8%99%9f%e6%b0%91%e4%ba%8b%e5%88%a4%e6%b1%ba&lawpara=&ot=in,"地質, 地形",
臺灣嘉義地方法院 104 年度建字第 17 號民事判決,https://judgment.judicial.gov.tw/EXPORTFILE/ExportToPdf.aspx?type=JD&id=CYDV%2c104%2c%e5%bb%ba%2c17%2c20160913%2c1&fname=%e8%87%ba%e7%81%a3%e5%98%89%e7%be%a9%e5%9c%b0%e6%96%b9%e6%b3%95%e9%99%a2+104+%e5%b9%b4%e5%ba%a6%e5%bb%ba%e5%ad%97%e7%ac%ac+17+%e8%99%9f%e6%b0%91%e4%ba%8b%e5%88%a4%e6%b1%ba&lawpara=&ot=in,"風災, 風災, 颱風, 洪水, 地震, 豪雨, 淹水",
臺灣嘉義地方法院 104 年度建字第 23 號民事判決,https://judgment.judicial.gov.tw/EXPORTFILE/ExportToPdf.aspx?type=JD&id=CYDV%2c104%2c%e5%bb%ba%2c23%2c20171026%2c2&fname=%e8%87%ba%e7%81%a3%e5%98%89%e7%be%a9%e5%9c%b0%e6%96%b9%e6%b3%95%e9%99%a2+104+%e5%b9%b4%e5%ba%a6%e5%bb%ba%e5%ad%97%e7%ac%ac+23+%e8%99%9f%e6%b0%91%e4%ba%8b%e5%88%a4%e6%b1%ba&lawpara=&ot=in,"颱風, 地質, 地下水位, 地震",
臺灣嘉義地方法院 104 年度建字第 4 號民事判決,https://judgment.judicial.gov.tw/EXPORTFILE/ExportToPdf.aspx?type=JD&id=CYDV%2c104%2c%e5%bb%ba%2c4%2c20160607%2c1&fname=%e8%87%ba%e7%81%a3%e5%98%89%e7%be%a9%e5%9c%b0%e6%96%b9%e6%b3%95%e9%99%a2+104+%e5%b9%b4%e5%ba%a6%e5%bb%ba%e5%ad%97%e7%ac%ac+4+%e8%99%9f%e6%b0%91%e4%ba%8b%e5%88%a4%e6%b1%ba&lawpara=&ot=in,"地貌, 豪雨, 風災, 颱風, 天氣, 風災, 地質, 地形",
臺灣嘉義地方法院 105 年度建字第 3 號民事判決,https://judgment.judicial.gov.tw/EXPORTFILE/ExportToPdf.aspx?type=JD&id=CYDV%2c105%2c%e5%bb%ba%2c3%2c20170411%2c2&fname=%e8%87%ba%e7%81%a3%e5%98%89%e7%be%a9%e5%9c%b0%e6%96%b9%e6%b3%95%e9%99%a2+105+%e5%b9%b4%e5%ba%a6%e5%bb%ba%e5%ad%97%e7%ac%ac+3+%e8%99%9f%e6%b0%91%e4%ba%8b%e5%88%a4%e6%b1%ba&lawpara=&ot=in,"颱風, 洪水, 豪雨, 地震",
臺灣嘉義地方法院 105 年度建字第 8 號民事判決,https://judgment.judicial.gov.tw/EXPORTFILE/ExportToPdf.aspx?type=JD&id=CYDV%2c105%2c%e5%bb%ba%2c8%2c20161130%2c1&fname=%e8%87%ba%e7%81%a3%e5%98%89%e7%be%a9%e5%9c%b0%e6%96%b9%e6%b3%95%e9%99%a2+105+%e5%b9%b4%e5%ba%a6%e5%bb%ba%e5%ad%97%e7%ac%ac+8+%e8%99%9f%e6%b0%91%e4%ba%8b%e5%88%a4%e6%b1%ba&lawpara=&ot=in,地質,
臺灣嘉義地方法院 106 年度重訴字第 69 號民事判決,https://judgment.judicial.gov.tw/EXPORTFILE/ExportToPdf.aspx?type=JD&id=CYDV%2c106%2c%e9%87%8d%e8%a8%b4%2c69%2c20181130%2c2&fname=%e8%87%ba%e7%81%a3%e5%98%89%e7%be%a9%e5%9c%b0%e6%96%b9%e6%b3%95%e9%99%a2+106+%e5%b9%b4%e5%ba%a6%e9%87%8d%e8%a8%b4%e5%ad%97%e7%ac%ac+69+%e8%99%9f%e6%b0%91%e4%ba%8b%e5%88%a4%e6%b1%ba&lawpara=&ot=in,"洪水, 地震, 戰爭, 豪雨, 颱風, 地形",
臺灣嘉義地方法院 107 年度建字第 13 號民事判決,https://judgment.judicial.gov.tw/FILES/CYDV/107%2c%e5%bb%ba%2c13%2c20230921%2c2.pdf,"颱風, 地質, 地形",
臺灣嘉義地方法院 108 年度建字第 19 號民事判決,https://judgment.judicial.gov.tw/FILES/CYDV/108%2c%e5%bb%ba%2c19%2c20230821%2c2.pdf,"地質, 天氣, 地形",
臺灣嘉義地方法院 110 年度建字第 9 號民事判決,https://judgment.judicial.gov.tw/FILES/CYDV/110%2c%e5%bb%ba%2c9%2c20240319%2c1.pdf,地震,
臺灣嘉義地方法院 111 年度訴字第 96 號民事判決,https://judgment.judicial.gov.tw/FILES/CYDV/111%2c%e8%a8%b4%2c96%2c20220905%2c1.pdf,戰爭,
臺灣嘉義地方法院 112 年度建字第 6 號民事判決,https://judgment.judicial.gov.tw/FILES/CYDV/112%2c%e5%bb%ba%2c6%2c20230505%2c1.pdf,戰爭,
臺灣嘉義地方法院 94 年度建字第 9 號民事判決,https://judgment.judicial.gov.tw/EXPORTFILE/ExportToPdf.aspx?type=JD&id=CYDV%2c94%2c%e5%bb%ba%2c9%2c20111114%2c3&fname=%e8%87%ba%e7%81%a3%e5%98%89%e7%be%a9%e5%9c%b0%e6%96%b9%e6%b3%95%e9%99%a2+94+%e5%b9%b4%e5%ba%a6%e5%bb%ba%e5%ad%97%e7%ac%ac+9+%e8%99%9f%e6%b0%91%e4%ba%8b%e5%88%a4%e6%b1%ba&lawpara=&ot=in,"風災, 風災, 颱風",
臺灣嘉義地方法院 96 年度建字第 13 號民事判決,https://judgment.judicial.gov.tw/EXPORTFILE/ExportToPdf.aspx?type=JD&id=CYDV%2c96%2c%e5%bb%ba%2c13%2c20080122%2c1&fname=%e8%87%ba%e7%81%a3%e5%98%89%e7%be%a9%e5%9c%b0%e6%96%b9%e6%b3%95%e9%99%a2+96+%e5%b9%b4%e5%ba%a6%e5%bb%ba%e5%ad%97%e7%ac%ac+13+%e8%99%9f%e6%b0%91%e4%ba%8b%e5%88%a4%e6%b1%ba&lawpara=&ot=in,戰爭,
臺灣嘉義地方法院 96 年度建字第 5 號民事判決,https://judgment.judicial.gov.tw/EXPORTFILE/ExportToPdf.aspx?type=JD&id=CYDV%2c96%2c%e5%bb%ba%2c5%2c20080820%2c1&fname=%e8%87%ba%e7%81%a3%e5%98%89%e7%be%a9%e5%9c%b0%e6%96%b9%e6%b3%95%e9%99%a2+96+%e5%b9%b4%e5%ba%a6%e5%bb%ba%e5%ad%97%e7%ac%ac+5+%e8%99%9f%e6%b0%91%e4%ba%8b%e5%88%a4%e6%b1%ba&lawpara=&ot=in,"地形, 豪雨, 地震",
臺灣嘉義地方法院 96 年度建字第 7 號民事判決,https://judgment.judicial.gov.tw/EXPORTFILE/ExportToPdf.aspx?type=JD&id=CYDV%2c96%2c%e5%bb%ba%2c7%2c20100126%2c1&fname=%e8%87%ba%e7%81%a3%e5%98%89%e7%be%a9%e5%9c%b0%e6%96%b9%e6%b3%95%e9%99%a2+96+%e5%b9%b4%e5%ba%a6%e5%bb%ba%e5%ad%97%e7%ac%ac+7+%e8%99%9f%e6%b0%91%e4%ba%8b%e5%88%a4%e6%b1%ba&lawpara=&ot=in,"豪雨, 淹水",
臺灣嘉義地方法院 98 年度建字第 15 號民事判決,https://judgment.judicial.gov.tw/EXPORTFILE/ExportToPdf.aspx?type=JD&id=CYDV%2c98%2c%e5%bb%ba%2c15%2c20120904%2c1&fname=%e8%87%ba%e7%81%a3%e5%98%89%e7%be%a9%e5%9c%b0%e6%96%b9%e6%b3%95%e9%99%a2+98+%e5%b9%b4%e5%ba%a6%e5%bb%ba%e5%ad%97%e7%ac%ac+15+%e8%99%9f%e6%b0%91%e4%ba%8b%e5%88%a4%e6%b1%ba&lawpara=&ot=in,"颱風, 豪雨",
臺灣嘉義地方法院 98 年度建字第 17 號民事判決,https://judgment.judicial.gov.tw/EXPORTFILE/ExportToPdf.aspx?type=JD&id=CYDV%2c98%2c%e5%bb%ba%2c17%2c20111019%2c1&fname=%e8%87%ba%e7%81%a3%e5%98%89%e7%be%a9%e5%9c%b0%e6%96%b9%e6%b3%95%e9%99%a2+98+%e5%b9%b4%e5%ba%a6%e5%bb%ba%e5%ad%97%e7%ac%ac+17+%e8%99%9f%e6%b0%91%e4%ba%8b%e5%88%a4%e6%b1%ba&lawpara=&ot=in,"颱風, 地質, 豪雨, 地形",
臺灣嘉義地方法院 98 年度建字第 19 號民事判決,https://judgment.judicial.gov.tw/EXPORTFILE/ExportToPdf.aspx?type=JD&id=CYDV%2c98%2c%e5%bb%ba%2c19%2c20120626%2c1&fname=%e8%87%ba%e7%81%a3%e5%98%89%e7%be%a9%e5%9c%b0%e6%96%b9%e6%b3%95%e9%99%a2+98+%e5%b9%b4%e5%ba%a6%e5%bb%ba%e5%ad%97%e7%ac%ac+19+%e8%99%9f%e6%b0%91%e4%ba%8b%e5%88%a4%e6%b1%ba&lawpara=&ot=in,"颱風, 地質, 豪雨, 地形",
臺灣嘉義地方法院 99 年度建字第 6 號民事判決,https://judgment.judicial.gov.tw/EXPORTFILE/ExportToPdf.aspx?type=JD&id=CYDV%2c99%2c%e5%bb%ba%2c6%2c20110111%2c1&fname=%e8%87%ba%e7%81%a3%e5%98%89%e7%be%a9%e5%9c%b0%e6%96%b9%e6%b3%95%e9%99%a2+99+%e5%b9%b4%e5%ba%a6%e5%bb%ba%e5%ad%97%e7%ac%ac+6+%e8%99%9f%e6%b0%91%e4%ba%8b%e5%88%a4%e6%b1%ba&lawpara=&ot=in,"豪雨, 淹水",
臺灣基隆地方法院 101 年度建字第 15 號民事判決,https://judgment.judicial.gov.tw/EXPORTFILE/ExportToPdf.aspx?type=JD&id=KLDV%2c101%2c%e5%bb%ba%2c15%2c20130315%2c1&fname=%e8%87%ba%e7%81%a3%e5%9f%ba%e9%9a%86%e5%9c%b0%e6%96%b9%e6%b3%95%e9%99%a2+101+%e5%b9%b4%e5%ba%a6%e5%bb%ba%e5%ad%97%e7%ac%ac+15+%e8%99%9f%e6%b0%91%e4%ba%8b%e5%88%a4%e6%b1%ba&lawpara=&ot=in,颱風,
臺灣基隆地方法院 101 年度建字第 17 號民事判決,https://judgment.judicial.gov.tw/EXPORTFILE/ExportToPdf.aspx?type=JD&id=KLDV%2c101%2c%e5%bb%ba%2c17%2c20140513%2c1&fname=%e8%87%ba%e7%81%a3%e5%9f%ba%e9%9a%86%e5%9c%b0%e6%96%b9%e6%b3%95%e9%99%a2+101+%e5%b9%b4%e5%ba%a6%e5%bb%ba%e5%ad%97%e7%ac%ac+17+%e8%99%9f%e6%b0%91%e4%ba%8b%e5%88%a4%e6%b1%ba&lawpara=&ot=in,颱風,
臺灣基隆地方法院 101 年度建字第 7 號民事判決,https://judgment.judicial.gov.tw/EXPORTFILE/ExportToPdf.aspx?type=JD&id=KLDV%2c101%2c%e5%bb%ba%2c7%2c20120817%2c1&fname=%e8%87%ba%e7%81%a3%e5%9f%ba%e9%9a%86%e5%9c%b0%e6%96%b9%e6%b3%95%e9%99%a2+101+%e5%b9%b4%e5%ba%a6%e5%bb%ba%e5%ad%97%e7%ac%ac+7+%e8%99%9f%e6%b0%91%e4%ba%8b%e5%88%a4%e6%b1%ba&lawpara=&ot=in,"地質, 地下水位",
臺灣基隆地方法院 101 年度建字第 8 號民事判決,https://judgment.judicial.gov.tw/EXPORTFILE/ExportToPdf.aspx?type=JD&id=KLDV%2c101%2c%e5%bb%ba%2c8%2c20120410%2c1&fname=%e8%87%ba%e7%81%a3%e5%9f%ba%e9%9a%86%e5%9c%b0%e6%96%b9%e6%b3%95%e9%99%a2+101+%e5%b9%b4%e5%ba%a6%e5%bb%ba%e5%ad%97%e7%ac%ac+8+%e8%99%9f%e6%b0%91%e4%ba%8b%e5%88%a4%e6%b1%ba&lawpara=&ot=in,地形,
臺灣基隆地方法院 101 年度訴字第 266 號民事判決,https://judgment.judicial.gov.tw/EXPORTFILE/ExportToPdf.aspx?type=JD&id=KLDV%2c101%2c%e8%a8%b4%2c266%2c20150130%2c1&fname=%e8%87%ba%e7%81%a3%e5%9f%ba%e9%9a%86%e5%9c%b0%e6%96%b9%e6%b3%95%e9%99%a2+101+%e5%b9%b4%e5%ba%a6%e8%a8%b4%e5%ad%97%e7%ac%ac+266+%e8%99%9f%e6%b0%91%e4%ba%8b%e5%88%a4%e6%b1%ba&lawpara=&ot=in,"地質, 地下水位",
臺灣基隆地方法院 102 年度建字第 21 號民事判決,https://judgment.judicial.gov.tw/EXPORTFILE/ExportToPdf.aspx?type=JD&id=KLDV%2c102%2c%e5%bb%ba%2c21%2c20150312%2c3&fname=%e8%87%ba%e7%81%a3%e5%9f%ba%e9%9a%86%e5%9c%b0%e6%96%b9%e6%b3%95%e9%99%a2+102+%e5%b9%b4%e5%ba%a6%e5%bb%ba%e5%ad%97%e7%ac%ac+21+%e8%99%9f%e6%b0%91%e4%ba%8b%e5%88%a4%e6%b1%ba&lawpara=&ot=in,"洪水, 地震, 豪雨, 颱風, 天氣, 地形",
臺灣基隆地方法院 103 年度建字第 12 號民事判決,https://judgment.judicial.gov.tw/PdfWithLine/GetPDF.ashx?jrecno=103%2c%e5%bb%ba%2c12%2c20200401%2c1&tablename=KLDV&fname=%e8%87%ba%e7%81%a3%e5%9f%ba%e9%9a%86%e5%9c%b0%e6%96%b9%e6%b3%95%e9%99%a2103%e5%b9%b4%e5%ba%a6%e5%bb%ba%e5%ad%97%e7%ac%ac12%e8%99%9f%e6%b0%91%e4%ba%8b%e5%88%a4%e6%b1%ba,颱風,
臺灣基隆地方法院 103 年度建字第 22 號民事判決,https://judgment.judicial.gov.tw/EXPORTFILE/ExportToPdf.aspx?type=JD&id=KLDV%2c103%2c%e5%bb%ba%2c22%2c20141219%2c1&fname=%e8%87%ba%e7%81%a3%e5%9f%ba%e9%9a%86%e5%9c%b0%e6%96%b9%e6%b3%95%e9%99%a2+103+%e5%b9%b4%e5%ba%a6%e5%bb%ba%e5%ad%97%e7%ac%ac+22+%e8%99%9f%e6%b0%91%e4%ba%8b%e5%88%a4%e6%b1%ba&lawpara=&ot=in,颱風,
臺灣基隆地方法院 103 年度建字第 32 號民事判決,https://judgment.judicial.gov.tw/EXPORTFILE/ExportToPdf.aspx?type=JD&id=KLDV%2c103%2c%e5%bb%ba%2c32%2c20170711%2c1&fname=%e8%87%ba%e7%81%a3%e5%9f%ba%e9%9a%86%e5%9c%b0%e6%96%b9%e6%b3%95%e9%99%a2+103+%e5%b9%b4%e5%ba%a6%e5%bb%ba%e5%ad%97%e7%ac%ac+32+%e8%99%9f%e6%b0%91%e4%ba%8b%e5%88%a4%e6%b1%ba&lawpara=&ot=in,颱風,
臺灣基隆地方法院 103 年度建字第 34 號民事判決,https://judgment.judicial.gov.tw/FILES/KLDV/103%2c%e5%bb%ba%2c34%2c20230306%2c2.pdf,地質,
臺灣基隆地方法院 105 年度建字第 29 號民事判決,https://judgment.judicial.gov.tw/EXPORTFILE/ExportToPdf.aspx?type=JD&id=KLDV%2c105%2c%e5%bb%ba%2c29%2c20180308%2c1&fname=%e8%87%ba%e7%81%a3%e5%9f%ba%e9%9a%86%e5%9c%b0%e6%96%b9%e6%b3%95%e9%99%a2+105+%e5%b9%b4%e5%ba%a6%e5%bb%ba%e5%ad%97%e7%ac%ac+29+%e8%99%9f%e6%b0%91%e4%ba%8b%e5%88%a4%e6%b1%ba&lawpara=&ot=in,"颱風, 地形",
臺灣基隆地方法院 107 年度建字第 15 號民事判決,https://judgment.judicial.gov.tw/FILES/KLDV/107%2c%e5%bb%ba%2c15%2c20210507%2c2.pdf,颱風,
臺灣基隆地方法院 107 年度重訴字第 58 號民事判決,https://judgment.judicial.gov.tw/PdfWithLine/GetPDF.ashx?jrecno=107%2c%e9%87%8d%e8%a8%b4%2c58%2c20190530%2c1&tablename=KLDV&fname=%e8%87%ba%e7%81%a3%e5%9f%ba%e9%9a%86%e5%9c%b0%e6%96%b9%e6%b3%95%e9%99%a2107%e5%b9%b4%e5%ba%a6%e9%87%8d%e8%a8%b4%e5%ad%97%e7%ac%ac58%e8%99%9f%e6%b0%91%e4%ba%8b%e5%88%a4%e6%b1%ba,地質,
臺灣基隆地方法院 108 年度建字第 13 號民事判決,https://judgment.judicial.gov.tw/FILES/KLDV/108%2c%e5%bb%ba%2c13%2c20211230%2c1.pdf,地質,
臺灣基隆地方法院 109 年度建字第 1 號民事判決,https://judgment.judicial.gov.tw/FILES/KLDV/109%2c%e5%bb%ba%2c1%2c20220811%2c1.pdf,颱風,
臺灣基隆地方法院 91 年度重訴字第 105 號民事判決,https://judgment.judicial.gov.tw/EXPORTFILE/ExportToPdf.aspx?type=JD&id=KLDV%2c91%2c%e9%87%8d%e8%a8%b4%2c105%2c20031107%2c2&fname=%e8%87%ba%e7%81%a3%e5%9f%ba%e9%9a%86%e5%9c%b0%e6%96%b9%e6%b3%95%e9%99%a2+91+%e5%b9%b4%e5%ba%a6%e9%87%8d%e8%a8%b4%e5%ad%97%e7%ac%ac+105+%e8%99%9f%e6%b0%91%e4%ba%8b%e5%88%a4%e6%b1%ba&lawpara=&ot=in,地質,
臺灣基隆地方法院 91 年度重訴更二字第 1 號民事判決,https://judgment.judicial.gov.tw/EXPORTFILE/ExportToPdf.aspx?type=JD&id=KLDV%2c91%2c%e9%87%8d%e8%a8%b4%e6%9b%b4%e4%ba%8c%2c1%2c20031107%2c2&fname=%e8%87%ba%e7%81%a3%e5%9f%ba%e9%9a%86%e5%9c%b0%e6%96%b9%e6%b3%95%e9%99%a2+91+%e5%b9%b4%e5%ba%a6%e9%87%8d%e8%a8%b4%e6%9b%b4%e4%ba%8c%e5%ad%97%e7%ac%ac+1+%e8%99%9f%e6%b0%91%e4%ba%8b%e5%88%a4%e6%b1%ba&lawpara=&ot=in,"地質, 地下水位",
臺灣基隆地方法院 93 年度重訴字第 43 號民事判決,https://judgment.judicial.gov.tw/EXPORTFILE/ExportToPdf.aspx?type=JD&id=KLDV%2c93%2c%e9%87%8d%e8%a8%b4%2c43%2c20090804%2c1&fname=%e8%87%ba%e7%81%a3%e5%9f%ba%e9%9a%86%e5%9c%b0%e6%96%b9%e6%b3%95%e9%99%a2+93+%e5%b9%b4%e5%ba%a6%e9%87%8d%e8%a8%b4%e5%ad%97%e7%ac%ac+43+%e8%99%9f%e6%b0%91%e4%ba%8b%e5%88%a4%e6%b1%ba&lawpara=&ot=in,"地質, 地形",
臺灣基隆地方法院 94 年度重訴字第 70 號民事判決,https://judgment.judicial.gov.tw/EXPORTFILE/ExportToPdf.aspx?type=JD&id=KLDV%2c94%2c%e9%87%8d%e8%a8%b4%2c70%2c20070206%2c1&fname=%e8%87%ba%e7%81%a3%e5%9f%ba%e9%9a%86%e5%9c%b0%e6%96%b9%e6%b3%95%e9%99%a2+94+%e5%b9%b4%e5%ba%a6%e9%87%8d%e8%a8%b4%e5%ad%97%e7%ac%ac+70+%e8%99%9f%e6%b0%91%e4%ba%8b%e5%88%a4%e6%b1%ba&lawpara=&ot=in,淹水,
臺灣基隆地方法院 95 年度訴字第 132 號民事判決,https://judgment.judicial.gov.tw/EXPORTFILE/ExportToPdf.aspx?type=JD&id=KLDV%2c95%2c%e8%a8%b4%2c132%2c20070525%2c1&fname=%e8%87%ba%e7%81%a3%e5%9f%ba%e9%9a%86%e5%9c%b0%e6%96%b9%e6%b3%95%e9%99%a2+95+%e5%b9%b4%e5%ba%a6%e8%a8%b4%e5%ad%97%e7%ac%ac+132+%e8%99%9f%e6%b0%91%e4%ba%8b%e5%88%a4%e6%b1%ba&lawpara=&ot=in,天氣,
臺灣基隆地方法院 97 年度重訴字第 24 號民事判決,https://judgment.judicial.gov.tw/EXPORTFILE/ExportToPdf.aspx?type=JD&id=KLDV%2c97%2c%e9%87%8d%e8%a8%b4%2c24%2c20120323%2c1&fname=%e8%87%ba%e7%81%a3%e5%9f%ba%e9%9a%86%e5%9c%b0%e6%96%b9%e6%b3%95%e9%99%a2+97+%e5%b9%b4%e5%ba%a6%e9%87%8d%e8%a8%b4%e5%ad%97%e7%ac%ac+24+%e8%99%9f%e6%b0%91%e4%ba%8b%e5%88%a4%e6%b1%ba&lawpara=&ot=in,"水災, 洪水, 風災, 風災, 颱風, 豪雨",
臺灣基隆地方法院 98 年度重訴字第 66 號民事判決,https://judgment.judicial.gov.tw/EXPORTFILE/ExportToPdf.aspx?type=JD&id=KLDV%2c98%2c%e9%87%8d%e8%a8%b4%2c66%2c20120518%2c1&fname=%e8%87%ba%e7%81%a3%e5%9f%ba%e9%9a%86%e5%9c%b0%e6%96%b9%e6%b3%95%e9%99%a2+98+%e5%b9%b4%e5%ba%a6%e9%87%8d%e8%a8%b4%e5%ad%97%e7%ac%ac+66+%e8%99%9f%e6%b0%91%e4%ba%8b%e5%88%a4%e6%b1%ba&lawpara=&ot=in,地震,
臺灣基隆地方法院 99 年度重訴字第 5 號民事判決,https://judgment.judicial.gov.tw/EXPORTFILE/ExportToPdf.aspx?type=JD&id=KLDV%2c99%2c%e9%87%8d%e8%a8%b4%2c5%2c20120323%2c1&fname=%e8%87%ba%e7%81%a3%e5%9f%ba%e9%9a%86%e5%9c%b0%e6%96%b9%e6%b3%95%e9%99%a2+99+%e5%b9%b4%e5%ba%a6%e9%87%8d%e8%a8%b4%e5%ad%97%e7%ac%ac+5+%e8%99%9f%e6%b0%91%e4%ba%8b%e5%88%a4%e6%b1%ba&lawpara=&ot=in,"颱風, 天氣",
臺灣士林地方法院 100 年度建字第 33 號民事判決,https://judgment.judicial.gov.tw/EXPORTFILE/ExportToPdf.aspx?type=JD&id=SLDV%2c100%2c%e5%bb%ba%2c33%2c20120529%2c1&fname=%e8%87%ba%e7%81%a3%e5%a3%ab%e6%9e%97%e5%9c%b0%e6%96%b9%e6%b3%95%e9%99%a2+100+%e5%b9%b4%e5%ba%a6%e5%bb%ba%e5%ad%97%e7%ac%ac+33+%e8%99%9f%e6%b0%91%e4%ba%8b%e5%88%a4%e6%b1%ba&lawpara=&ot=in,"颱風, 地質",
臺灣士林地方法院 100 年度建字第 59 號民事判決,https://judgment.judicial.gov.tw/EXPORTFILE/ExportToPdf.aspx?type=JD&id=SLDV%2c100%2c%e5%bb%ba%2c59%2c20120829%2c1&fname=%e8%87%ba%e7%81%a3%e5%a3%ab%e6%9e%97%e5%9c%b0%e6%96%b9%e6%b3%95%e9%99%a2+100+%e5%b9%b4%e5%ba%a6%e5%bb%ba%e5%ad%97%e7%ac%ac+59+%e8%99%9f%e6%b0%91%e4%ba%8b%e5%88%a4%e6%b1%ba&lawpara=&ot=in,天氣,
臺灣士林地方法院 101 年度建字第 13 號民事判決,https://judgment.judicial.gov.tw/EXPORTFILE/ExportToPdf.aspx?type=JD&id=SLDV%2c101%2c%e5%bb%ba%2c13%2c20150911%2c1&fname=%e8%87%ba%e7%81%a3%e5%a3%ab%e6%9e%97%e5%9c%b0%e6%96%b9%e6%b3%95%e9%99%a2+101+%e5%b9%b4%e5%ba%a6%e5%bb%ba%e5%ad%97%e7%ac%ac+13+%e8%99%9f%e6%b0%91%e4%ba%8b%e5%88%a4%e6%b1%ba&lawpara=&ot=in,地質,
臺灣士林地方法院 102 年度建字第 47 號民事判決,https://judgment.judicial.gov.tw/EXPORTFILE/ExportToPdf.aspx?type=JD&id=SLDV%2c102%2c%e5%bb%ba%2c47%2c20150701%2c3&fname=%e8%87%ba%e7%81%a3%e5%a3%ab%e6%9e%97%e5%9c%b0%e6%96%b9%e6%b3%95%e9%99%a2+102+%e5%b9%b4%e5%ba%a6%e5%bb%ba%e5%ad%97%e7%ac%ac+47+%e8%99%9f%e6%b0%91%e4%ba%8b%e5%88%a4%e6%b1%ba&lawpara=&ot=in,地震,
臺灣士林地方法院 103 年度建字第 11 號民事判決,https://judgment.judicial.gov.tw/EXPORTFILE/ExportToPdf.aspx?type=JD&id=SLDV%2c103%2c%e5%bb%ba%2c11%2c20151008%2c1&fname=%e8%87%ba%e7%81%a3%e5%a3%ab%e6%9e%97%e5%9c%b0%e6%96%b9%e6%b3%95%e9%99%a2+103+%e5%b9%b4%e5%ba%a6%e5%bb%ba%e5%ad%97%e7%ac%ac+11+%e8%99%9f%e6%b0%91%e4%ba%8b%e5%88%a4%e6%b1%ba&lawpara=&ot=in,地形,
臺灣士林地方法院 104 年度建字第 64 號民事判決,https://judgment.judicial.gov.tw/EXPORTFILE/ExportToPdf.aspx?type=JD&id=SLDV%2c104%2c%e5%bb%ba%2c64%2c20161227%2c1&fname=%e8%87%ba%e7%81%a3%e5%a3%ab%e6%9e%97%e5%9c%b0%e6%96%b9%e6%b3%95%e9%99%a2+104+%e5%b9%b4%e5%ba%a6%e5%bb%ba%e5%ad%97%e7%ac%ac+64+%e8%99%9f%e6%b0%91%e4%ba%8b%e5%88%a4%e6%b1%ba&lawpara=&ot=in,"颱風, 地質",
臺灣士林地方法院 104 年度建字第 88 號民事判決,https://judgment.judicial.gov.tw/EXPORTFILE/ExportToPdf.aspx?type=JD&id=SLDV%2c104%2c%e5%bb%ba%2c88%2c20170517%2c1&fname=%e8%87%ba%e7%81%a3%e5%a3%ab%e6%9e%97%e5%9c%b0%e6%96%b9%e6%b3%95%e9%99%a2+104+%e5%b9%b4%e5%ba%a6%e5%bb%ba%e5%ad%97%e7%ac%ac+88+%e8%99%9f%e6%b0%91%e4%ba%8b%e5%88%a4%e6%b1%ba&lawpara=&ot=in,地形,
臺灣士林地方法院 105 年度建字第 50 號民事判決,https://judgment.judicial.gov.tw/EXPORTFILE/ExportToPdf.aspx?type=JD&id=SLDV%2c105%2c%e5%bb%ba%2c50%2c20180209%2c2&fname=%e8%87%ba%e7%81%a3%e5%a3%ab%e6%9e%97%e5%9c%b0%e6%96%b9%e6%b3%95%e9%99%a2+105+%e5%b9%b4%e5%ba%a6%e5%bb%ba%e5%ad%97%e7%ac%ac+50+%e8%99%9f%e6%b0%91%e4%ba%8b%e5%88%a4%e6%b1%ba&lawpara=&ot=in,"颱風, 地形",
臺灣士林地方法院 111 年度建字第 66 號民事判決,https://judgment.judicial.gov.tw/FILES/SLDV/111%2c%e5%bb%ba%2c66%2c20240130%2c1.pdf,疫情,
臺灣士林地方法院 94 年度建字第 39 號民事判決,https://judgment.judicial.gov.tw/EXPORTFILE/ExportToPdf.aspx?type=JD&id=SLDV%2c94%2c%e5%bb%ba%2c39%2c20060804%2c2&fname=%e8%87%ba%e7%81%a3%e5%a3%ab%e6%9e%97%e5%9c%b0%e6%96%b9%e6%b3%95%e9%99%a2+94+%e5%b9%b4%e5%ba%a6%e5%bb%ba%e5%ad%97%e7%ac%ac+39+%e8%99%9f%e6%b0%91%e4%ba%8b%e5%88%a4%e6%b1%ba&lawpara=&ot=in,地質,
臺灣士林地方法院 95 年度建字第 18 號民事判決,https://judgment.judicial.gov.tw/EXPORTFILE/ExportToPdf.aspx?type=JD&id=SLDV%2c95%2c%e5%bb%ba%2c18%2c20101119%2c1&fname=%e8%87%ba%e7%81%a3%e5%a3%ab%e6%9e%97%e5%9c%b0%e6%96%b9%e6%b3%95%e9%99%a2+95+%e5%b9%b4%e5%ba%a6%e5%bb%ba%e5%ad%97%e7%ac%ac+18+%e8%99%9f%e6%b0%91%e4%ba%8b%e5%88%a4%e6%b1%ba&lawpara=&ot=in,"地下水位, 地貌, 豪雨, 地形",
臺灣士林地方法院 96 年度簡上字第 24 號民事判決,https://judgment.judicial.gov.tw/EXPORTFILE/ExportToPdf.aspx?type=JD&id=SLDV%2c96%2c%e7%b0%a1%e4%b8%8a%2c24%2c20120831%2c1&fname=%e8%87%ba%e7%81%a3%e5%a3%ab%e6%9e%97%e5%9c%b0%e6%96%b9%e6%b3%95%e9%99%a2+96+%e5%b9%b4%e5%ba%a6%e7%b0%a1%e4%b8%8a%e5%ad%97%e7%ac%ac+24+%e8%99%9f%e6%b0%91%e4%ba%8b%e5%88%a4%e6%b1%ba&lawpara=&ot=in,地質,
臺灣士林地方法院 97 年度建字第 39 號民事判決,https://judgment.judicial.gov.tw/EXPORTFILE/ExportToPdf.aspx?type=JD&id=SLDV%2c97%2c%e5%bb%ba%2c39%2c20090413%2c1&fname=%e8%87%ba%e7%81%a3%e5%a3%ab%e6%9e%97%e5%9c%b0%e6%96%b9%e6%b3%95%e9%99%a2+97+%e5%b9%b4%e5%ba%a6%e5%bb%ba%e5%ad%97%e7%ac%ac+39+%e8%99%9f%e6%b0%91%e4%ba%8b%e5%88%a4%e6%b1%ba&lawpara=&ot=in,地質,
臺灣士林地方法院 97 年度建字第 62 號民事判決,https://judgment.judicial.gov.tw/EXPORTFILE/ExportToPdf.aspx?type=JD&id=SLDV%2c97%2c%e5%bb%ba%2c62%2c20110627%2c1&fname=%e8%87%ba%e7%81%a3%e5%a3%ab%e6%9e%97%e5%9c%b0%e6%96%b9%e6%b3%95%e9%99%a2+97+%e5%b9%b4%e5%ba%a6%e5%bb%ba%e5%ad%97%e7%ac%ac+62+%e8%99%9f%e6%b0%91%e4%ba%8b%e5%88%a4%e6%b1%ba&lawpara=&ot=in,"地質, 天氣, 地震",
臺灣士林地方法院 97 年度建字第 65 號民事判決,https://judgment.judicial.gov.tw/EXPORTFILE/ExportToPdf.aspx?type=JD&id=SLDV%2c97%2c%e5%bb%ba%2c65%2c20120829%2c1&fname=%e8%87%ba%e7%81%a3%e5%a3%ab%e6%9e%97%e5%9c%b0%e6%96%b9%e6%b3%95%e9%99%a2+97+%e5%b9%b4%e5%ba%a6%e5%bb%ba%e5%ad%97%e7%ac%ac+65+%e8%99%9f%e6%b0%91%e4%ba%8b%e5%88%a4%e6%b1%ba&lawpara=&ot=in,"颱風, 地質, 地下水位, 豪雨",
臺灣士林地方法院 98 年度建字第 13 號民事判決,https://judgment.judicial.gov.tw/EXPORTFILE/ExportToPdf.aspx?type=JD&id=SLDV%2c98%2c%e5%bb%ba%2c13%2c20101019%2c2&fname=%e8%87%ba%e7%81%a3%e5%a3%ab%e6%9e%97%e5%9c%b0%e6%96%b9%e6%b3%95%e9%99%a2+98+%e5%b9%b4%e5%ba%a6%e5%bb%ba%e5%ad%97%e7%ac%ac+13+%e8%99%9f%e6%b0%91%e4%ba%8b%e5%88%a4%e6%b1%ba&lawpara=&ot=in,地質,
臺灣士林地方法院 99 年度建字第 7 號民事判決,https://judgment.judicial.gov.tw/EXPORTFILE/ExportToPdf.aspx?type=JD&id=SLDV%2c99%2c%e5%bb%ba%2c7%2c20110627%2c2&fname=%e8%87%ba%e7%81%a3%e5%a3%ab%e6%9e%97%e5%9c%b0%e6%96%b9%e6%b3%95%e9%99%a2+99+%e5%b9%b4%e5%ba%a6%e5%bb%ba%e5%ad%97%e7%ac%ac+7+%e8%99%9f%e6%b0%91%e4%ba%8b%e5%88%a4%e6%b1%ba&lawpara=&ot=in,"地質, 地下水位, 地貌, 地形",
臺灣士林地方法院 99 年度建字第 8 號民事判決,https://judgment.judicial.gov.tw/EXPORTFILE/ExportToPdf.aspx?type=JD&id=SLDV%2c99%2c%e5%bb%ba%2c8%2c20121228%2c2&fname=%e8%87%ba%e7%81%a3%e5%a3%ab%e6%9e%97%e5%9c%b0%e6%96%b9%e6%b3%95%e9%99%a2+99+%e5%b9%b4%e5%ba%a6%e5%bb%ba%e5%ad%97%e7%ac%ac+8+%e8%99%9f%e6%b0%91%e4%ba%8b%e5%88%a4%e6%b1%ba&lawpara=&ot=in,地質,
臺灣宜蘭地方法院 100 年度建字第 2 號民事判決,https://judgment.judicial.gov.tw/EXPORTFILE/ExportToPdf.aspx?type=JD&id=ILDV%2c100%2c%e5%bb%ba%2c2%2c20130819%2c1&fname=%e8%87%ba%e7%81%a3%e5%ae%9c%e8%98%ad%e5%9c%b0%e6%96%b9%e6%b3%95%e9%99%a2+100+%e5%b9%b4%e5%ba%a6%e5%bb%ba%e5%ad%97%e7%ac%ac+2+%e8%99%9f%e6%b0%91%e4%ba%8b%e5%88%a4%e6%b1%ba&lawpara=&ot=in,"颱風, 豪雨",
臺灣宜蘭地方法院 109 年度建字第 11 號民事判決,https://judgment.judicial.gov.tw/FILES/ILDV/109%2c%e5%bb%ba%2c11%2c20240325%2c1.pdf,地質,
臺灣宜蘭地方法院 110 年度建字第 16 號民事判決,https://judgment.judicial.gov.tw/FILES/ILDV/110%2c%e5%bb%ba%2c16%2c20230328%2c1.pdf,地質,
臺灣宜蘭地方法院 97 年度訴字第 282 號民事判決,https://judgment.judicial.gov.tw/EXPORTFILE/ExportToPdf.aspx?type=JD&id=ILDV%2c97%2c%e8%a8%b4%2c282%2c20100531%2c1&fname=%e8%87%ba%e7%81%a3%e5%ae%9c%e8%98%ad%e5%9c%b0%e6%96%b9%e6%b3%95%e9%99%a2+97+%e5%b9%b4%e5%ba%a6%e8%a8%b4%e5%ad%97%e7%ac%ac+282+%e8%99%9f%e6%b0%91%e4%ba%8b%e5%88%a4%e6%b1%ba&lawpara=&ot=in,豪雨,
臺灣宜蘭地方法院 97 年度重訴字第 61 號民事判決,https://judgment.judicial.gov.tw/EXPORTFILE/ExportToPdf.aspx?type=JD&id=ILDV%2c97%2c%e9%87%8d%e8%a8%b4%2c61%2c20090608%2c1&fname=%e8%87%ba%e7%81%a3%e5%ae%9c%e8%98%ad%e5%9c%b0%e6%96%b9%e6%b3%95%e9%99%a2+97+%e5%b9%b4%e5%ba%a6%e9%87%8d%e8%a8%b4%e5%ad%97%e7%ac%ac+61+%e8%99%9f%e6%b0%91%e4%ba%8b%e5%88%a4%e6%b1%ba&lawpara=&ot=in,地質,
臺灣宜蘭地方法院 97 年度重訴字第 68 號民事判決,https://judgment.judicial.gov.tw/EXPORTFILE/ExportToPdf.aspx?type=JD&id=ILDV%2c97%2c%e9%87%8d%e8%a8%b4%2c68%2c20100423%2c2&fname=%e8%87%ba%e7%81%a3%e5%ae%9c%e8%98%ad%e5%9c%b0%e6%96%b9%e6%b3%95%e9%99%a2+97+%e5%b9%b4%e5%ba%a6%e9%87%8d%e8%a8%b4%e5%ad%97%e7%ac%ac+68+%e8%99%9f%e6%b0%91%e4%ba%8b%e5%88%a4%e6%b1%ba&lawpara=&ot=in,"風災, 地質, 地形",
臺灣宜蘭地方法院 99 年度建字第 12 號民事判決,https://judgment.judicial.gov.tw/EXPORTFILE/ExportToPdf.aspx?type=JD&id=ILDV%2c99%2c%e5%bb%ba%2c12%2c20110721%2c3&fname=%e8%87%ba%e7%81%a3%e5%ae%9c%e8%98%ad%e5%9c%b0%e6%96%b9%e6%b3%95%e9%99%a2+99+%e5%b9%b4%e5%ba%a6%e5%bb%ba%e5%ad%97%e7%ac%ac+12+%e8%99%9f%e6%b0%91%e4%ba%8b%e5%88%a4%e6%b1%ba&lawpara=&ot=in,"颱風, 淹水",
臺灣宜蘭地方法院 99 年度建字第 19 號民事判決,https://judgment.judicial.gov.tw/EXPORTFILE/ExportToPdf.aspx?type=JD&id=ILDV%2c99%2c%e5%bb%ba%2c19%2c20140421%2c1&fname=%e8%87%ba%e7%81%a3%e5%ae%9c%e8%98%ad%e5%9c%b0%e6%96%b9%e6%b3%95%e9%99%a2+99+%e5%b9%b4%e5%ba%a6%e5%bb%ba%e5%ad%97%e7%ac%ac+19+%e8%99%9f%e6%b0%91%e4%ba%8b%e5%88%a4%e6%b1%ba&lawpara=&ot=in,"地質, 地下水位, 地形",
臺灣宜蘭地方法院 99 年度建字第 20 號民事判決,https://judgment.judicial.gov.tw/EXPORTFILE/ExportToPdf.aspx?type=JD&id=ILDV%2c99%2c%e5%bb%ba%2c20%2c20101227%2c1&fname=%e8%87%ba%e7%81%a3%e5%ae%9c%e8%98%ad%e5%9c%b0%e6%96%b9%e6%b3%95%e9%99%a2+99+%e5%b9%b4%e5%ba%a6%e5%bb%ba%e5%ad%97%e7%ac%ac+20+%e8%99%9f%e6%b0%91%e4%ba%8b%e5%88%a4%e6%b1%ba&lawpara=&ot=in,"天氣, 地震, 豪雨, 淹水, 地質",
臺灣宜蘭地方法院 99 年度建字第 27 號民事判決,https://judgment.judicial.gov.tw/EXPORTFILE/ExportToPdf.aspx?type=JD&id=ILDV%2c99%2c%e5%bb%ba%2c27%2c20120329%2c2&fname=%e8%87%ba%e7%81%a3%e5%ae%9c%e8%98%ad%e5%9c%b0%e6%96%b9%e6%b3%95%e9%99%a2+99+%e5%b9%b4%e5%ba%a6%e5%bb%ba%e5%ad%97%e7%ac%ac+27+%e8%99%9f%e6%b0%91%e4%ba%8b%e5%88%a4%e6%b1%ba&lawpara=&ot=in,颱風,
臺灣宜蘭地方法院 99 年度建字第 28 號民事判決,https://judgment.judicial.gov.tw/EXPORTFILE/ExportToPdf.aspx?type=JD&id=ILDV%2c99%2c%e5%bb%ba%2c28%2c20111222%2c1&fname=%e8%87%ba%e7%81%a3%e5%ae%9c%e8%98%ad%e5%9c%b0%e6%96%b9%e6%b3%95%e9%99%a2+99+%e5%b9%b4%e5%ba%a6%e5%bb%ba%e5%ad%97%e7%ac%ac+28+%e8%99%9f%e6%b0%91%e4%ba%8b%e5%88%a4%e6%b1%ba&lawpara=&ot=in,戰爭,
臺灣屏東地方法院 101 年度建字第 16 號民事判決,https://judgment.judicial.gov.tw/EXPORTFILE/ExportToPdf.aspx?type=JD&id=PTDV%2c101%2c%e5%bb%ba%2c16%2c20180126%2c1&fname=%e8%87%ba%e7%81%a3%e5%b1%8f%e6%9d%b1%e5%9c%b0%e6%96%b9%e6%b3%95%e9%99%a2+101+%e5%b9%b4%e5%ba%a6%e5%bb%ba%e5%ad%97%e7%ac%ac+16+%e8%99%9f%e6%b0%91%e4%ba%8b%e5%88%a4%e6%b1%ba&lawpara=&ot=in,"風災, 地質, 地貌, 地形",
臺灣屏東地方法院 101 年度建字第 25 號民事判決,https://judgment.judicial.gov.tw/EXPORTFILE/ExportToPdf.aspx?type=JD&id=PTDV%2c101%2c%e5%bb%ba%2c25%2c20150723%2c1&fname=%e8%87%ba%e7%81%a3%e5%b1%8f%e6%9d%b1%e5%9c%b0%e6%96%b9%e6%b3%95%e9%99%a2+101+%e5%b9%b4%e5%ba%a6%e5%bb%ba%e5%ad%97%e7%ac%ac+25+%e8%99%9f%e6%b0%91%e4%ba%8b%e5%88%a4%e6%b1%ba&lawpara=&ot=in,"地質, 地下水位, 地形",
臺灣屏東地方法院 101 年度建字第 5 號民事判決,https://judgment.judicial.gov.tw/EXPORTFILE/ExportToPdf.aspx?type=JD&id=PTDV%2c101%2c%e5%bb%ba%2c5%2c20140325%2c1&fname=%e8%87%ba%e7%81%a3%e5%b1%8f%e6%9d%b1%e5%9c%b0%e6%96%b9%e6%b3%95%e9%99%a2+101+%e5%b9%b4%e5%ba%a6%e5%bb%ba%e5%ad%97%e7%ac%ac+5+%e8%99%9f%e6%b0%91%e4%ba%8b%e5%88%a4%e6%b1%ba&lawpara=&ot=in,"風災, 風災, 颱風, 地下水位, 水災, 豪雨, 地質, 地形",
臺灣屏東地方法院 101 年度建字第 6 號民事判決,https://judgment.judicial.gov.tw/EXPORTFILE/ExportToPdf.aspx?type=JD&id=PTDV%2c101%2c%e5%bb%ba%2c6%2c20121205%2c1&fname=%e8%87%ba%e7%81%a3%e5%b1%8f%e6%9d%b1%e5%9c%b0%e6%96%b9%e6%b3%95%e9%99%a2+101+%e5%b9%b4%e5%ba%a6%e5%bb%ba%e5%ad%97%e7%ac%ac+6+%e8%99%9f%e6%b0%91%e4%ba%8b%e5%88%a4%e6%b1%ba&lawpara=&ot=in,"颱風, 洪水",
臺灣屏東地方法院 102 年度建字第 5 號民事判決,https://judgment.judicial.gov.tw/EXPORTFILE/ExportToPdf.aspx?type=JD&id=PTDV%2c102%2c%e5%bb%ba%2c5%2c20140627%2c1&fname=%e8%87%ba%e7%81%a3%e5%b1%8f%e6%9d%b1%e5%9c%b0%e6%96%b9%e6%b3%95%e9%99%a2+102+%e5%b9%b4%e5%ba%a6%e5%bb%ba%e5%ad%97%e7%ac%ac+5+%e8%99%9f%e6%b0%91%e4%ba%8b%e5%88%a4%e6%b1%ba&lawpara=&ot=in,"地質, 地下水位",
臺灣屏東地方法院 104 年度建字第 17 號民事判決,https://judgment.judicial.gov.tw/EXPORTFILE/ExportToPdf.aspx?type=JD&id=PTDV%2c104%2c%e5%bb%ba%2c17%2c20170801%2c2&fname=%e8%87%ba%e7%81%a3%e5%b1%8f%e6%9d%b1%e5%9c%b0%e6%96%b9%e6%b3%95%e9%99%a2+104+%e5%b9%b4%e5%ba%a6%e5%bb%ba%e5%ad%97%e7%ac%ac+17+%e8%99%9f%e6%b0%91%e4%ba%8b%e5%88%a4%e6%b1%ba&lawpara=&ot=in,地質,
臺灣屏東地方法院 104 年度建字第 4 號民事判決,https://judgment.judicial.gov.tw/PdfWithLine/GetPDF.ashx?jrecno=104%2c%e5%bb%ba%2c4%2c20191231%2c1&tablename=PTDV&fname=%e8%87%ba%e7%81%a3%e5%b1%8f%e6%9d%b1%e5%9c%b0%e6%96%b9%e6%b3%95%e9%99%a2104%e5%b9%b4%e5%ba%a6%e5%bb%ba%e5%ad%97%e7%ac%ac4%e8%99%9f%e6%b0%91%e4%ba%8b%e5%88%a4%e6%b1%ba,"颱風, 地下水位, 豪雨, 地震",
臺灣屏東地方法院 105 年度建字第 10 號民事判決,https://judgment.judicial.gov.tw/PdfWithLine/GetPDF.ashx?jrecno=105%2c%e5%bb%ba%2c10%2c20200424%2c3&tablename=PTDV&fname=%e8%87%ba%e7%81%a3%e5%b1%8f%e6%9d%b1%e5%9c%b0%e6%96%b9%e6%b3%95%e9%99%a2105%e5%b9%b4%e5%ba%a6%e5%bb%ba%e5%ad%97%e7%ac%ac10%e8%99%9f%e6%b0%91%e4%ba%8b%e5%88%a4%e6%b1%ba,"地震, 豪雨, 颱風, 地質, 地形",
臺灣屏東地方法院 105 年度建字第 4 號民事判決,https://judgment.judicial.gov.tw/PdfWithLine/GetPDF.ashx?jrecno=105%2c%e5%bb%ba%2c4%2c20191227%2c2&tablename=PTDV&fname=%e8%87%ba%e7%81%a3%e5%b1%8f%e6%9d%b1%e5%9c%b0%e6%96%b9%e6%b3%95%e9%99%a2105%e5%b9%b4%e5%ba%a6%e5%bb%ba%e5%ad%97%e7%ac%ac4%e8%99%9f%e6%b0%91%e4%ba%8b%e5%88%a4%e6%b1%ba,"豪雨, 颱風, 颱風, 天氣, 地質, 地形",
臺灣屏東地方法院 106 年度建字第 38 號民事判決,https://judgment.judicial.gov.tw/FILES/PTDV/106%2c%e5%bb%ba%2c38%2c20230208%2c1.pdf,"地貌, 地下水位, 水災, 豪雨, 颱風, 地形",
臺灣屏東地方法院 95 年度建字第 11 號民事判決,https://judgment.judicial.gov.tw/EXPORTFILE/ExportToPdf.aspx?type=JD&id=PTDV%2c95%2c%e5%bb%ba%2c11%2c20080303%2c1&fname=%e8%87%ba%e7%81%a3%e5%b1%8f%e6%9d%b1%e5%9c%b0%e6%96%b9%e6%b3%95%e9%99%a2+95+%e5%b9%b4%e5%ba%a6%e5%bb%ba%e5%ad%97%e7%ac%ac+11+%e8%99%9f%e6%b0%91%e4%ba%8b%e5%88%a4%e6%b1%ba&lawpara=&ot=in,"地質, 地下水位",
臺灣屏東地方法院 96 年度建字第 15 號民事判決,https://judgment.judicial.gov.tw/EXPORTFILE/ExportToPdf.aspx?type=JD&id=PTDV%2c96%2c%e5%bb%ba%2c15%2c20091229%2c1&fname=%e8%87%ba%e7%81%a3%e5%b1%8f%e6%9d%b1%e5%9c%b0%e6%96%b9%e6%b3%95%e9%99%a2+96+%e5%b9%b4%e5%ba%a6%e5%bb%ba%e5%ad%97%e7%ac%ac+15+%e8%99%9f%e6%b0%91%e4%ba%8b%e5%88%a4%e6%b1%ba&lawpara=&ot=in,"地質, 地下水位",
臺灣屏東地方法院 98 年度建字第 2 號民事判決,https://judgment.judicial.gov.tw/EXPORTFILE/ExportToPdf.aspx?type=JD&id=PTDV%2c98%2c%e5%bb%ba%2c2%2c20111207%2c3&fname=%e8%87%ba%e7%81%a3%e5%b1%8f%e6%9d%b1%e5%9c%b0%e6%96%b9%e6%b3%95%e9%99%a2+98+%e5%b9%b4%e5%ba%a6%e5%bb%ba%e5%ad%97%e7%ac%ac+2+%e8%99%9f%e6%b0%91%e4%ba%8b%e5%88%a4%e6%b1%ba&lawpara=&ot=in,地下水位,
臺灣屏東地方法院 99 年度建字第 14 號民事判決,https://judgment.judicial.gov.tw/EXPORTFILE/ExportToPdf.aspx?type=JD&id=PTDV%2c99%2c%e5%bb%ba%2c14%2c20120131%2c1&fname=%e8%87%ba%e7%81%a3%e5%b1%8f%e6%9d%b1%e5%9c%b0%e6%96%b9%e6%b3%95%e9%99%a2+99+%e5%b9%b4%e5%ba%a6%e5%bb%ba%e5%ad%97%e7%ac%ac+14+%e8%99%9f%e6%b0%91%e4%ba%8b%e5%88%a4%e6%b1%ba&lawpara=&ot=in,地形,
臺灣彰化地方法院 101 年度建字第 26 號民事判決,https://judgment.judicial.gov.tw/EXPORTFILE/ExportToPdf.aspx?type=JD&id=CHDV%2c101%2c%e5%bb%ba%2c26%2c20130626%2c1&fname=%e8%87%ba%e7%81%a3%e5%bd%b0%e5%8c%96%e5%9c%b0%e6%96%b9%e6%b3%95%e9%99%a2+101+%e5%b9%b4%e5%ba%a6%e5%bb%ba%e5%ad%97%e7%ac%ac+26+%e8%99%9f%e6%b0%91%e4%ba%8b%e5%88%a4%e6%b1%ba&lawpara=&ot=in,豪雨,
臺灣彰化地方法院 107 年度建字第 30 號民事判決,https://judgment.judicial.gov.tw/FILES/CHDV/107%2c%e5%bb%ba%2c30%2c20211222%2c1.pdf,地形,
臺灣彰化地方法院 93 年度建字第 10 號民事判決,https://judgment.judicial.gov.tw/EXPORTFILE/ExportToPdf.aspx?type=JD&id=CHDV%2c93%2c%e5%bb%ba%2c10%2c20070907%2c2&fname=%e8%87%ba%e7%81%a3%e5%bd%b0%e5%8c%96%e5%9c%b0%e6%96%b9%e6%b3%95%e9%99%a2+93+%e5%b9%b4%e5%ba%a6%e5%bb%ba%e5%ad%97%e7%ac%ac+10+%e8%99%9f%e6%b0%91%e4%ba%8b%e5%88%a4%e6%b1%ba&lawpara=&ot=in,"地質, 地形",
臺灣彰化地方法院 93 年度建字第 17 號民事判決,https://judgment.judicial.gov.tw/EXPORTFILE/ExportToPdf.aspx?type=JD&id=CHDV%2c93%2c%e5%bb%ba%2c17%2c20050316%2c1&fname=%e8%87%ba%e7%81%a3%e5%bd%b0%e5%8c%96%e5%9c%b0%e6%96%b9%e6%b3%95%e9%99%a2+93+%e5%b9%b4%e5%ba%a6%e5%bb%ba%e5%ad%97%e7%ac%ac+17+%e8%99%9f%e6%b0%91%e4%ba%8b%e5%88%a4%e6%b1%ba&lawpara=&ot=in,地形,
臺灣彰化地方法院 98 年度建字第 17 號民事判決,https://judgment.judicial.gov.tw/EXPORTFILE/ExportToPdf.aspx?type=JD&id=CHDV%2c98%2c%e5%bb%ba%2c17%2c20140530%2c3&fname=%e8%87%ba%e7%81%a3%e5%bd%b0%e5%8c%96%e5%9c%b0%e6%96%b9%e6%b3%95%e9%99%a2+98+%e5%b9%b4%e5%ba%a6%e5%bb%ba%e5%ad%97%e7%ac%ac+17+%e8%99%9f%e6%b0%91%e4%ba%8b%e5%88%a4%e6%b1%ba&lawpara=&ot=in,"洪水, 地震, 地下水位, 水災, 豪雨, 颱風, 地質, 地形",
臺灣彰化地方法院 98 年度建字第 3 號民事判決,https://judgment.judicial.gov.tw/EXPORTFILE/ExportToPdf.aspx?type=JD&id=CHDV%2c98%2c%e5%bb%ba%2c3%2c20101125%2c1&fname=%e8%87%ba%e7%81%a3%e5%bd%b0%e5%8c%96%e5%9c%b0%e6%96%b9%e6%b3%95%e9%99%a2+98+%e5%b9%b4%e5%ba%a6%e5%bb%ba%e5%ad%97%e7%ac%ac+3+%e8%99%9f%e6%b0%91%e4%ba%8b%e5%88%a4%e6%b1%ba&lawpara=&ot=in,"地質, 淹水",
臺灣彰化地方法院 99 年度建字第 24 號民事判決,https://judgment.judicial.gov.tw/EXPORTFILE/ExportToPdf.aspx?type=JD&id=CHDV%2c99%2c%e5%bb%ba%2c24%2c20110428%2c1&fname=%e8%87%ba%e7%81%a3%e5%bd%b0%e5%8c%96%e5%9c%b0%e6%96%b9%e6%b3%95%e9%99%a2+99+%e5%b9%b4%e5%ba%a6%e5%bb%ba%e5%ad%97%e7%ac%ac+24+%e8%99%9f%e6%b0%91%e4%ba%8b%e5%88%a4%e6%b1%ba&lawpara=&ot=in,地震,
臺灣彰化地方法院 99 年度建字第 36 號民事判決,https://judgment.judicial.gov.tw/EXPORTFILE/ExportToPdf.aspx?type=JD&id=CHDV%2c99%2c%e5%bb%ba%2c36%2c20110503%2c1&fname=%e8%87%ba%e7%81%a3%e5%bd%b0%e5%8c%96%e5%9c%b0%e6%96%b9%e6%b3%95%e9%99%a2+99+%e5%b9%b4%e5%ba%a6%e5%bb%ba%e5%ad%97%e7%ac%ac+36+%e8%99%9f%e6%b0%91%e4%ba%8b%e5%88%a4%e6%b1%ba&lawpara=&ot=in,颱風,
臺灣新北地方法院 100 年度建字第 29 號民事判決,https://judgment.judicial.gov.tw/EXPORTFILE/ExportToPdf.aspx?type=JD&id=PCDV%2c100%2c%e5%bb%ba%2c29%2c20110930%2c1&fname=%e8%87%ba%e7%81%a3%e6%96%b0%e5%8c%97%e5%9c%b0%e6%96%b9%e6%b3%95%e9%99%a2+100+%e5%b9%b4%e5%ba%a6%e5%bb%ba%e5%ad%97%e7%ac%ac+29+%e8%99%9f%e6%b0%91%e4%ba%8b%e5%88%a4%e6%b1%ba&lawpara=&ot=in,"風災, 風災, 颱風",
臺灣新北地方法院 100 年度建字第 95 號民事判決,https://judgment.judicial.gov.tw/EXPORTFILE/ExportToPdf.aspx?type=JD&id=PCDV%2c100%2c%e5%bb%ba%2c95%2c20130530%2c1&fname=%e8%87%ba%e7%81%a3%e6%96%b0%e5%8c%97%e5%9c%b0%e6%96%b9%e6%b3%95%e9%99%a2+100+%e5%b9%b4%e5%ba%a6%e5%bb%ba%e5%ad%97%e7%ac%ac+95+%e8%99%9f%e6%b0%91%e4%ba%8b%e5%88%a4%e6%b1%ba&lawpara=&ot=in,地質,
臺灣新北地方法院 100 年度建字第 97 號民事判決,https://judgment.judicial.gov.tw/EXPORTFILE/ExportToPdf.aspx?type=JD&id=PCDV%2c100%2c%e5%bb%ba%2c97%2c20120131%2c1&fname=%e8%87%ba%e7%81%a3%e6%96%b0%e5%8c%97%e5%9c%b0%e6%96%b9%e6%b3%95%e9%99%a2+100+%e5%b9%b4%e5%ba%a6%e5%bb%ba%e5%ad%97%e7%ac%ac+97+%e8%99%9f%e6%b0%91%e4%ba%8b%e5%88%a4%e6%b1%ba&lawpara=&ot=in,"地質, 地下水位",
臺灣新北地方法院 101 年度建字第 106 號民事判決,https://judgment.judicial.gov.tw/EXPORTFILE/ExportToPdf.aspx?type=JD&id=PCDV%2c101%2c%e5%bb%ba%2c106%2c20160331%2c2&fname=%e8%87%ba%e7%81%a3%e6%96%b0%e5%8c%97%e5%9c%b0%e6%96%b9%e6%b3%95%e9%99%a2+101+%e5%b9%b4%e5%ba%a6%e5%bb%ba%e5%ad%97%e7%ac%ac+106+%e8%99%9f%e6%b0%91%e4%ba%8b%e5%88%a4%e6%b1%ba&lawpara=&ot=in,"颱風, 地形",
臺灣新北地方法院 101 年度建字第 140 號民事判決,https://judgment.judicial.gov.tw/FILES/PCDV/101%2c%e5%bb%ba%2c140%2c20140411%2c1.pdf,"颱風, 天氣, 地質, 豪雨, 淹水",
臺灣新北地方法院 101 年度建字第 163 號民事判決,https://judgment.judicial.gov.tw/EXPORTFILE/ExportToPdf.aspx?type=JD&id=PCDV%2c101%2c%e5%bb%ba%2c163%2c20140721%2c1&fname=%e8%87%ba%e7%81%a3%e6%96%b0%e5%8c%97%e5%9c%b0%e6%96%b9%e6%b3%95%e9%99%a2+101+%e5%b9%b4%e5%ba%a6%e5%bb%ba%e5%ad%97%e7%ac%ac+163+%e8%99%9f%e6%b0%91%e4%ba%8b%e5%88%a4%e6%b1%ba&lawpara=&ot=in,"風災, 風災, 颱風, 洪水",
臺灣新北地方法院 101 年度建字第 175 號民事判決,https://judgment.judicial.gov.tw/EXPORTFILE/ExportToPdf.aspx?type=JD&id=PCDV%2c101%2c%e5%bb%ba%2c175%2c20151130%2c1&fname=%e8%87%ba%e7%81%a3%e6%96%b0%e5%8c%97%e5%9c%b0%e6%96%b9%e6%b3%95%e9%99%a2+101+%e5%b9%b4%e5%ba%a6%e5%bb%ba%e5%ad%97%e7%ac%ac+175+%e8%99%9f%e6%b0%91%e4%ba%8b%e5%88%a4%e6%b1%ba&lawpara=&ot=in,"地質, 地下水位",
臺灣新北地方法院 101 年度建字第 186 號民事判決,https://judgment.judicial.gov.tw/EXPORTFILE/ExportToPdf.aspx?type=JD&id=PCDV%2c101%2c%e5%bb%ba%2c186%2c20140721%2c1&fname=%e8%87%ba%e7%81%a3%e6%96%b0%e5%8c%97%e5%9c%b0%e6%96%b9%e6%b3%95%e9%99%a2+101+%e5%b9%b4%e5%ba%a6%e5%bb%ba%e5%ad%97%e7%ac%ac+186+%e8%99%9f%e6%b0%91%e4%ba%8b%e5%88%a4%e6%b1%ba&lawpara=&ot=in,地質,
臺灣新北地方法院 101 年度建字第 4 號民事判決,https://judgment.judicial.gov.tw/EXPORTFILE/ExportToPdf.aspx?type=JD&id=PCDV%2c101%2c%e5%bb%ba%2c4%2c20151125%2c1&fname=%e8%87%ba%e7%81%a3%e6%96%b0%e5%8c%97%e5%9c%b0%e6%96%b9%e6%b3%95%e9%99%a2+101+%e5%b9%b4%e5%ba%a6%e5%bb%ba%e5%ad%97%e7%ac%ac+4+%e8%99%9f%e6%b0%91%e4%ba%8b%e5%88%a4%e6%b1%ba&lawpara=&ot=in,地質,
臺灣新北地方法院 101 年度建字第 9 號民事判決,https://judgment.judicial.gov.tw/EXPORTFILE/ExportToPdf.aspx?type=JD&id=PCDV%2c101%2c%e5%bb%ba%2c9%2c20130809%2c2&fname=%e8%87%ba%e7%81%a3%e6%96%b0%e5%8c%97%e5%9c%b0%e6%96%b9%e6%b3%95%e9%99%a2+101+%e5%b9%b4%e5%ba%a6%e5%bb%ba%e5%ad%97%e7%ac%ac+9+%e8%99%9f%e6%b0%91%e4%ba%8b%e5%88%a4%e6%b1%ba&lawpara=&ot=in,地質,
臺灣新北地方法院 102 年度建字第 105 號民事判決,https://judgment.judicial.gov.tw/EXPORTFILE/ExportToPdf.aspx?type=JD&id=PCDV%2c102%2c%e5%bb%ba%2c105%2c20131028%2c2&fname=%e8%87%ba%e7%81%a3%e6%96%b0%e5%8c%97%e5%9c%b0%e6%96%b9%e6%b3%95%e9%99%a2+102+%e5%b9%b4%e5%ba%a6%e5%bb%ba%e5%ad%97%e7%ac%ac+105+%e8%99%9f%e6%b0%91%e4%ba%8b%e5%88%a4%e6%b1%ba&lawpara=&ot=in,"颱風, 豪雨, 地震",
臺灣新北地方法院 102 年度建字第 108 號民事判決,https://judgment.judicial.gov.tw/EXPORTFILE/ExportToPdf.aspx?type=JD&id=PCDV%2c102%2c%e5%bb%ba%2c108%2c20161229%2c1&fname=%e8%87%ba%e7%81%a3%e6%96%b0%e5%8c%97%e5%9c%b0%e6%96%b9%e6%b3%95%e9%99%a2+102+%e5%b9%b4%e5%ba%a6%e5%bb%ba%e5%ad%97%e7%ac%ac+108+%e8%99%9f%e6%b0%91%e4%ba%8b%e5%88%a4%e6%b1%ba&lawpara=&ot=in,"地震, 地下水位, 水災, 豪雨, 颱風, 淹水, 地質",
臺灣新北地方法院 102 年度建字第 20 號民事判決,https://judgment.judicial.gov.tw/EXPORTFILE/ExportToPdf.aspx?type=JD&id=PCDV%2c102%2c%e5%bb%ba%2c20%2c20140725%2c1&fname=%e8%87%ba%e7%81%a3%e6%96%b0%e5%8c%97%e5%9c%b0%e6%96%b9%e6%b3%95%e9%99%a2+102+%e5%b9%b4%e5%ba%a6%e5%bb%ba%e5%ad%97%e7%ac%ac+20+%e8%99%9f%e6%b0%91%e4%ba%8b%e5%88%a4%e6%b1%ba&lawpara=&ot=in,"地質, 地下水位",
臺灣新北地方法院 102 年度建字第 70 號民事判決,https://judgment.judicial.gov.tw/EXPORTFILE/ExportToPdf.aspx?type=JD&id=PCDV%2c102%2c%e5%bb%ba%2c70%2c20140324%2c1&fname=%e8%87%ba%e7%81%a3%e6%96%b0%e5%8c%97%e5%9c%b0%e6%96%b9%e6%b3%95%e9%99%a2+102+%e5%b9%b4%e5%ba%a6%e5%bb%ba%e5%ad%97%e7%ac%ac+70+%e8%99%9f%e6%b0%91%e4%ba%8b%e5%88%a4%e6%b1%ba&lawpara=&ot=in,颱風,
臺灣新北地方法院 103 年度建字第 162 號民事判決,https://judgment.judicial.gov.tw/EXPORTFILE/ExportToPdf.aspx?type=JD&id=PCDV%2c103%2c%e5%bb%ba%2c162%2c20160630%2c1&fname=%e8%87%ba%e7%81%a3%e6%96%b0%e5%8c%97%e5%9c%b0%e6%96%b9%e6%b3%95%e9%99%a2+103+%e5%b9%b4%e5%ba%a6%e5%bb%ba%e5%ad%97%e7%ac%ac+162+%e8%99%9f%e6%b0%91%e4%ba%8b%e5%88%a4%e6%b1%ba&lawpara=&ot=in,"風災, 風災, 颱風, 地震, 洪水, 水災, 豪雨, 淹水",
臺灣新北地方法院 103 年度建字第 167 號民事判決,https://judgment.judicial.gov.tw/EXPORTFILE/ExportToPdf.aspx?type=JD&id=PCDV%2c103%2c%e5%bb%ba%2c167%2c20150428%2c1&fname=%e8%87%ba%e7%81%a3%e6%96%b0%e5%8c%97%e5%9c%b0%e6%96%b9%e6%b3%95%e9%99%a2+103+%e5%b9%b4%e5%ba%a6%e5%bb%ba%e5%ad%97%e7%ac%ac+167+%e8%99%9f%e6%b0%91%e4%ba%8b%e5%88%a4%e6%b1%ba&lawpara=&ot=in,"戰爭, 地質, 地震",
臺灣新北地方法院 103 年度建字第 183 號民事判決,https://judgment.judicial.gov.tw/EXPORTFILE/ExportToPdf.aspx?type=JD&id=PCDV%2c103%2c%e5%bb%ba%2c183%2c20171205%2c1&fname=%e8%87%ba%e7%81%a3%e6%96%b0%e5%8c%97%e5%9c%b0%e6%96%b9%e6%b3%95%e9%99%a2+103+%e5%b9%b4%e5%ba%a6%e5%bb%ba%e5%ad%97%e7%ac%ac+183+%e8%99%9f%e6%b0%91%e4%ba%8b%e5%88%a4%e6%b1%ba&lawpara=&ot=in,"地下水位, 地震",
臺灣新北地方法院 103 年度建字第 38 號民事判決,https://judgment.judicial.gov.tw/EXPORTFILE/ExportToPdf.aspx?type=JD&id=PCDV%2c103%2c%e5%bb%ba%2c38%2c20150422%2c1&fname=%e8%87%ba%e7%81%a3%e6%96%b0%e5%8c%97%e5%9c%b0%e6%96%b9%e6%b3%95%e9%99%a2+103+%e5%b9%b4%e5%ba%a6%e5%bb%ba%e5%ad%97%e7%ac%ac+38+%e8%99%9f%e6%b0%91%e4%ba%8b%e5%88%a4%e6%b1%ba&lawpara=&ot=in,"颱風, 地質",
臺灣新北地方法院 103 年度建字第 57 號民事判決,https://judgment.judicial.gov.tw/EXPORTFILE/ExportToPdf.aspx?type=JD&id=PCDV%2c103%2c%e5%bb%ba%2c57%2c20150430%2c2&fname=%e8%87%ba%e7%81%a3%e6%96%b0%e5%8c%97%e5%9c%b0%e6%96%b9%e6%b3%95%e9%99%a2+103+%e5%b9%b4%e5%ba%a6%e5%bb%ba%e5%ad%97%e7%ac%ac+57+%e8%99%9f%e6%b0%91%e4%ba%8b%e5%88%a4%e6%b1%ba&lawpara=&ot=in,"地質, 地形",
臺灣新北地方法院 103 年度建字第 59 號民事判決,https://judgment.judicial.gov.tw/EXPORTFILE/ExportToPdf.aspx?type=JD&id=PCDV%2c103%2c%e5%bb%ba%2c59%2c20161128%2c2&fname=%e8%87%ba%e7%81%a3%e6%96%b0%e5%8c%97%e5%9c%b0%e6%96%b9%e6%b3%95%e9%99%a2+103+%e5%b9%b4%e5%ba%a6%e5%bb%ba%e5%ad%97%e7%ac%ac+59+%e8%99%9f%e6%b0%91%e4%ba%8b%e5%88%a4%e6%b1%ba&lawpara=&ot=in,颱風,
臺灣新北地方法院 103 年度建字第 60 號民事判決,https://judgment.judicial.gov.tw/EXPORTFILE/ExportToPdf.aspx?type=JD&id=PCDV%2c103%2c%e5%bb%ba%2c60%2c20150630%2c1&fname=%e8%87%ba%e7%81%a3%e6%96%b0%e5%8c%97%e5%9c%b0%e6%96%b9%e6%b3%95%e9%99%a2+103+%e5%b9%b4%e5%ba%a6%e5%bb%ba%e5%ad%97%e7%ac%ac+60+%e8%99%9f%e6%b0%91%e4%ba%8b%e5%88%a4%e6%b1%ba&lawpara=&ot=in,颱風,
臺灣新北地方法院 104 年度建字第 10 號民事判決,https://judgment.judicial.gov.tw/EXPORTFILE/ExportToPdf.aspx?type=JD&id=PCDV%2c104%2c%e5%bb%ba%2c10%2c20150818%2c1&fname=%e8%87%ba%e7%81%a3%e6%96%b0%e5%8c%97%e5%9c%b0%e6%96%b9%e6%b3%95%e9%99%a2+104+%e5%b9%b4%e5%ba%a6%e5%bb%ba%e5%ad%97%e7%ac%ac+10+%e8%99%9f%e6%b0%91%e4%ba%8b%e5%88%a4%e6%b1%ba&lawpara=&ot=in,"颱風, 地質",
臺灣新北地方法院 104 年度建字第 104 號民事判決,https://judgment.judicial.gov.tw/EXPORTFILE/ExportToPdf.aspx?type=JD&id=PCDV%2c104%2c%e5%bb%ba%2c104%2c20151125%2c1&fname=%e8%87%ba%e7%81%a3%e6%96%b0%e5%8c%97%e5%9c%b0%e6%96%b9%e6%b3%95%e9%99%a2+104+%e5%b9%b4%e5%ba%a6%e5%bb%ba%e5%ad%97%e7%ac%ac+104+%e8%99%9f%e6%b0%91%e4%ba%8b%e5%88%a4%e6%b1%ba&lawpara=&ot=in,地質,
臺灣新北地方法院 104 年度建字第 137 號民事判決,https://judgment.judicial.gov.tw/PdfWithLine/GetPDF.ashx?jrecno=104%2c%e5%bb%ba%2c137%2c20201231%2c2&tablename=PCDV&fname=%e8%87%ba%e7%81%a3%e6%96%b0%e5%8c%97%e5%9c%b0%e6%96%b9%e6%b3%95%e9%99%a2104%e5%b9%b4%e5%ba%a6%e5%bb%ba%e5%ad%97%e7%ac%ac137%e8%99%9f%e6%b0%91%e4%ba%8b%e5%88%a4%e6%b1%ba,"風災, 風災, 颱風, 洪水, 地震, 地下水位, 水災, 豪雨, 颱風, 地質, 地形",
臺灣新北地方法院 104 年度建字第 185 號民事判決,https://judgment.judicial.gov.tw/EXPORTFILE/ExportToPdf.aspx?type=JD&id=PCDV%2c104%2c%e5%bb%ba%2c185%2c20161118%2c1&fname=%e8%87%ba%e7%81%a3%e6%96%b0%e5%8c%97%e5%9c%b0%e6%96%b9%e6%b3%95%e9%99%a2+104+%e5%b9%b4%e5%ba%a6%e5%bb%ba%e5%ad%97%e7%ac%ac+185+%e8%99%9f%e6%b0%91%e4%ba%8b%e5%88%a4%e6%b1%ba&lawpara=&ot=in,地質,
臺灣新北地方法院 104 年度建字第 196 號民事判決,https://judgment.judicial.gov.tw/EXPORTFILE/ExportToPdf.aspx?type=JD&id=PCDV%2c104%2c%e5%bb%ba%2c196%2c20160927%2c1&fname=%e8%87%ba%e7%81%a3%e6%96%b0%e5%8c%97%e5%9c%b0%e6%96%b9%e6%b3%95%e9%99%a2+104+%e5%b9%b4%e5%ba%a6%e5%bb%ba%e5%ad%97%e7%ac%ac+196+%e8%99%9f%e6%b0%91%e4%ba%8b%e5%88%a4%e6%b1%ba&lawpara=&ot=in,颱風,
臺灣新北地方法院 104 年度建字第 45 號民事判決,https://judgment.judicial.gov.tw/EXPORTFILE/ExportToPdf.aspx?type=JD&id=PCDV%2c104%2c%e5%bb%ba%2c45%2c20151218%2c1&fname=%e8%87%ba%e7%81%a3%e6%96%b0%e5%8c%97%e5%9c%b0%e6%96%b9%e6%b3%95%e9%99%a2+104+%e5%b9%b4%e5%ba%a6%e5%bb%ba%e5%ad%97%e7%ac%ac+45+%e8%99%9f%e6%b0%91%e4%ba%8b%e5%88%a4%e6%b1%ba&lawpara=&ot=in,颱風,
臺灣新北地方法院 104 年度建字第 58 號民事判決,https://judgment.judicial.gov.tw/EXPORTFILE/ExportToPdf.aspx?type=JD&id=PCDV%2c104%2c%e5%bb%ba%2c58%2c20160429%2c1&fname=%e8%87%ba%e7%81%a3%e6%96%b0%e5%8c%97%e5%9c%b0%e6%96%b9%e6%b3%95%e9%99%a2+104+%e5%b9%b4%e5%ba%a6%e5%bb%ba%e5%ad%97%e7%ac%ac+58+%e8%99%9f%e6%b0%91%e4%ba%8b%e5%88%a4%e6%b1%ba&lawpara=&ot=in,"颱風, 天氣, 豪雨",
臺灣新北地方法院 105 年度建字第 129 號民事判決,https://judgment.judicial.gov.tw/EXPORTFILE/ExportToPdf.aspx?type=JD&id=PCDV%2c105%2c%e5%bb%ba%2c129%2c20170509%2c1&fname=%e8%87%ba%e7%81%a3%e6%96%b0%e5%8c%97%e5%9c%b0%e6%96%b9%e6%b3%95%e9%99%a2+105+%e5%b9%b4%e5%ba%a6%e5%bb%ba%e5%ad%97%e7%ac%ac+129+%e8%99%9f%e6%b0%91%e4%ba%8b%e5%88%a4%e6%b1%ba&lawpara=&ot=in,"颱風, 戰爭",
臺灣新北地方法院 105 年度建字第 16 號民事判決,https://judgment.judicial.gov.tw/EXPORTFILE/ExportToPdf.aspx?type=JD&id=PCDV%2c105%2c%e5%bb%ba%2c16%2c20161223%2c1&fname=%e8%87%ba%e7%81%a3%e6%96%b0%e5%8c%97%e5%9c%b0%e6%96%b9%e6%b3%95%e9%99%a2+105+%e5%b9%b4%e5%ba%a6%e5%bb%ba%e5%ad%97%e7%ac%ac+16+%e8%99%9f%e6%b0%91%e4%ba%8b%e5%88%a4%e6%b1%ba&lawpara=&ot=in,地質,
臺灣新北地方法院 106 年度建字第 102 號民事判決,https://judgment.judicial.gov.tw/EXPORTFILE/ExportToPdf.aspx?type=JD&id=PCDV%2c106%2c%e5%bb%ba%2c102%2c20181226%2c1&fname=%e8%87%ba%e7%81%a3%e6%96%b0%e5%8c%97%e5%9c%b0%e6%96%b9%e6%b3%95%e9%99%a2+106+%e5%b9%b4%e5%ba%a6%e5%bb%ba%e5%ad%97%e7%ac%ac+102+%e8%99%9f%e6%b0%91%e4%ba%8b%e5%88%a4%e6%b1%ba&lawpara=&ot=in,"颱風, 地質, 地形",
臺灣新北地方法院 106 年度建字第 104 號民事判決,https://judgment.judicial.gov.tw/EXPORTFILE/ExportToPdf.aspx?type=JD&id=PCDV%2c106%2c%e5%bb%ba%2c104%2c20180206%2c1&fname=%e8%87%ba%e7%81%a3%e6%96%b0%e5%8c%97%e5%9c%b0%e6%96%b9%e6%b3%95%e9%99%a2+106+%e5%b9%b4%e5%ba%a6%e5%bb%ba%e5%ad%97%e7%ac%ac+104+%e8%99%9f%e6%b0%91%e4%ba%8b%e5%88%a4%e6%b1%ba&lawpara=&ot=in,"颱風, 戰爭, 水災, 洪水",
臺灣新北地方法院 106 年度建字第 81 號民事判決,https://judgment.judicial.gov.tw/FILES/PCDV/106%2c%e5%bb%ba%2c81%2c20230731%2c1.pdf,"颱風, 地質, 地下水位",
臺灣新北地方法院 107 年度建字第 32 號民事判決,https://judgment.judicial.gov.tw/PdfWithLine/GetPDF.ashx?jrecno=107%2c%e5%bb%ba%2c32%2c20190313%2c1&tablename=PCDV&fname=%e8%87%ba%e7%81%a3%e6%96%b0%e5%8c%97%e5%9c%b0%e6%96%b9%e6%b3%95%e9%99%a2107%e5%b9%b4%e5%ba%a6%e5%bb%ba%e5%ad%97%e7%ac%ac32%e8%99%9f%e6%b0%91%e4%ba%8b%e5%88%a4%e6%b1%ba,"地質, 地下水位",
臺灣新北地方法院 107 年度訴字第 1115 號民事判決,https://judgment.judicial.gov.tw/EXPORTFILE/ExportToPdf.aspx?type=JD&id=PCDV%2c107%2c%e8%a8%b4%2c1115%2c20181213%2c1&fname=%e8%87%ba%e7%81%a3%e6%96%b0%e5%8c%97%e5%9c%b0%e6%96%b9%e6%b3%95%e9%99%a2+107+%e5%b9%b4%e5%ba%a6%e8%a8%b4%e5%ad%97%e7%ac%ac+1115+%e8%99%9f%e6%b0%91%e4%ba%8b%e5%88%a4%e6%b1%ba&lawpara=&ot=in,"地質, 地下水位, 地震",
臺灣新北地方法院 108 年度建字第 49 號民事判決,https://judgment.judicial.gov.tw/PdfWithLine/GetPDF.ashx?jrecno=108%2c%e5%bb%ba%2c49%2c20191226%2c1&tablename=PCDV&fname=%e8%87%ba%e7%81%a3%e6%96%b0%e5%8c%97%e5%9c%b0%e6%96%b9%e6%b3%95%e9%99%a2108%e5%b9%b4%e5%ba%a6%e5%bb%ba%e5%ad%97%e7%ac%ac49%e8%99%9f%e6%b0%91%e4%ba%8b%e5%88%a4%e6%b1%ba,颱風,
臺灣新北地方法院 108 年度建字第 51 號民事判決,https://judgment.judicial.gov.tw/PdfWithLine/GetPDF.ashx?jrecno=108%2c%e5%bb%ba%2c51%2c20200313%2c1&tablename=PCDV&fname=%e8%87%ba%e7%81%a3%e6%96%b0%e5%8c%97%e5%9c%b0%e6%96%b9%e6%b3%95%e9%99%a2108%e5%b9%b4%e5%ba%a6%e5%bb%ba%e5%ad%97%e7%ac%ac51%e8%99%9f%e6%b0%91%e4%ba%8b%e5%88%a4%e6%b1%ba,"颱風, 豪雨",
臺灣新北地方法院 108 年度建字第 93 號民事判決,https://judgment.judicial.gov.tw/PdfWithLine/GetPDF.ashx?jrecno=108%2c%e5%bb%ba%2c93%2c20201211%2c1&tablename=PCDV&fname=%e8%87%ba%e7%81%a3%e6%96%b0%e5%8c%97%e5%9c%b0%e6%96%b9%e6%b3%95%e9%99%a2108%e5%b9%b4%e5%ba%a6%e5%bb%ba%e5%ad%97%e7%ac%ac93%e8%99%9f%e6%b0%91%e4%ba%8b%e5%88%a4%e6%b1%ba,颱風,
臺灣新北地方法院 108 年度建更一字第 1 號民事判決,https://judgment.judicial.gov.tw/PdfWithLine/GetPDF.ashx?jrecno=108%2c%e5%bb%ba%e6%9b%b4%e4%b8%80%2c1%2c20200708%2c1&tablename=PCDV&fname=%e8%87%ba%e7%81%a3%e6%96%b0%e5%8c%97%e5%9c%b0%e6%96%b9%e6%b3%95%e9%99%a2108%e5%b9%b4%e5%ba%a6%e5%bb%ba%e6%9b%b4%e4%b8%80%e5%ad%97%e7%ac%ac1%e8%99%9f%e6%b0%91%e4%ba%8b%e5%88%a4%e6%b1%ba,"地貌, 風災, 風災, 颱風, 洪水, 水災, 颱風, 地質, 地形",
臺灣新北地方法院 108 年度重訴字第 204 號民事判決,https://judgment.judicial.gov.tw/PdfWithLine/GetPDF.ashx?jrecno=108%2c%e9%87%8d%e8%a8%b4%2c204%2c20211111%2c5&tablename=PCDV&fname=%e8%87%ba%e7%81%a3%e6%96%b0%e5%8c%97%e5%9c%b0%e6%96%b9%e6%b3%95%e9%99%a2108%e5%b9%b4%e5%ba%a6%e9%87%8d%e8%a8%b4%e5%ad%97%e7%ac%ac204%e8%99%9f%e6%b0%91%e4%ba%8b%e5%88%a4%e6%b1%ba,"颱風, 地下水位",
臺灣新北地方法院 108 年度重訴字第 373 號民事判決,https://judgment.judicial.gov.tw/PdfWithLine/GetPDF.ashx?jrecno=108%2c%e9%87%8d%e8%a8%b4%2c373%2c20200326%2c1&tablename=PCDV&fname=%e8%87%ba%e7%81%a3%e6%96%b0%e5%8c%97%e5%9c%b0%e6%96%b9%e6%b3%95%e9%99%a2108%e5%b9%b4%e5%ba%a6%e9%87%8d%e8%a8%b4%e5%ad%97%e7%ac%ac373%e8%99%9f%e6%b0%91%e4%ba%8b%e5%88%a4%e6%b1%ba,"颱風, 地質",
臺灣新北地方法院 108 年度重訴字第 426 號民事判決,https://judgment.judicial.gov.tw/PdfWithLine/GetPDF.ashx?jrecno=108%2c%e9%87%8d%e8%a8%b4%2c426%2c20200317%2c1&tablename=PCDV&fname=%e8%87%ba%e7%81%a3%e6%96%b0%e5%8c%97%e5%9c%b0%e6%96%b9%e6%b3%95%e9%99%a2108%e5%b9%b4%e5%ba%a6%e9%87%8d%e8%a8%b4%e5%ad%97%e7%ac%ac426%e8%99%9f%e6%b0%91%e4%ba%8b%e5%88%a4%e6%b1%ba,"颱風, 地質, 豪雨",
臺灣新北地方法院 109 年度建字第 14 號民事判決,https://judgment.judicial.gov.tw/PdfWithLine/GetPDF.ashx?jrecno=109%2c%e5%bb%ba%2c14%2c20201030%2c1&tablename=PCDV&fname=%e8%87%ba%e7%81%a3%e6%96%b0%e5%8c%97%e5%9c%b0%e6%96%b9%e6%b3%95%e9%99%a2109%e5%b9%b4%e5%ba%a6%e5%bb%ba%e5%ad%97%e7%ac%ac14%e8%99%9f%e6%b0%91%e4%ba%8b%e5%88%a4%e6%b1%ba,颱風,
臺灣新北地方法院 109 年度建字第 20 號民事判決,https://judgment.judicial.gov.tw/PdfWithLine/GetPDF.ashx?jrecno=109%2c%e5%bb%ba%2c20%2c20201105%2c1&tablename=PCDV&fname=%e8%87%ba%e7%81%a3%e6%96%b0%e5%8c%97%e5%9c%b0%e6%96%b9%e6%b3%95%e9%99%a2109%e5%b9%b4%e5%ba%a6%e5%bb%ba%e5%ad%97%e7%ac%ac20%e8%99%9f%e6%b0%91%e4%ba%8b%e5%88%a4%e6%b1%ba,"洪水, 地震, 戰爭, 水災, 豪雨, 颱風, 地質",
臺灣新北地方法院 109 年度建字第 93 號民事判決,https://judgment.judicial.gov.tw/FILES/PCDV/109%2c%e5%bb%ba%2c93%2c20220412%2c1.pdf,颱風,
臺灣新北地方法院 92 年度重訴字第 635 號民事判決,https://judgment.judicial.gov.tw/EXPORTFILE/ExportToPdf.aspx?type=JD&id=PCDV%2c92%2c%e9%87%8d%e8%a8%b4%2c635%2c20041112%2c2&fname=%e8%87%ba%e7%81%a3%e6%96%b0%e5%8c%97%e5%9c%b0%e6%96%b9%e6%b3%95%e9%99%a2+92+%e5%b9%b4%e5%ba%a6%e9%87%8d%e8%a8%b4%e5%ad%97%e7%ac%ac+635+%e8%99%9f%e6%b0%91%e4%ba%8b%e5%88%a4%e6%b1%ba&lawpara=&ot=in,淹水,
臺灣新北地方法院 92 年度重訴字第 660 號民事判決,https://judgment.judicial.gov.tw/EXPORTFILE/ExportToPdf.aspx?type=JD&id=PCDV%2c92%2c%e9%87%8d%e8%a8%b4%2c660%2c20051205%2c1&fname=%e8%87%ba%e7%81%a3%e6%96%b0%e5%8c%97%e5%9c%b0%e6%96%b9%e6%b3%95%e9%99%a2+92+%e5%b9%b4%e5%ba%a6%e9%87%8d%e8%a8%b4%e5%ad%97%e7%ac%ac+660+%e8%99%9f%e6%b0%91%e4%ba%8b%e5%88%a4%e6%b1%ba&lawpara=&ot=in,地質,
臺灣新北地方法院 94 年度建字第 43 號民事判決,https://judgment.judicial.gov.tw/EXPORTFILE/ExportToPdf.aspx?type=JD&id=PCDV%2c94%2c%e5%bb%ba%2c43%2c20060407%2c1&fname=%e8%87%ba%e7%81%a3%e6%96%b0%e5%8c%97%e5%9c%b0%e6%96%b9%e6%b3%95%e9%99%a2+94+%e5%b9%b4%e5%ba%a6%e5%bb%ba%e5%ad%97%e7%ac%ac+43+%e8%99%9f%e6%b0%91%e4%ba%8b%e5%88%a4%e6%b1%ba&lawpara=&ot=in,地質,
臺灣新北地方法院 94 年度簡上字第 126 號民事判決,https://judgment.judicial.gov.tw/EXPORTFILE/ExportToPdf.aspx?type=JD&id=PCDV%2c94%2c%e7%b0%a1%e4%b8%8a%2c126%2c20060403%2c2&fname=%e8%87%ba%e7%81%a3%e6%96%b0%e5%8c%97%e5%9c%b0%e6%96%b9%e6%b3%95%e9%99%a2+94+%e5%b9%b4%e5%ba%a6%e7%b0%a1%e4%b8%8a%e5%ad%97%e7%ac%ac+126+%e8%99%9f%e6%b0%91%e4%ba%8b%e5%88%a4%e6%b1%ba&lawpara=&ot=in,地質,
臺灣新北地方法院 95 年度建字第 35 號民事判決,https://judgment.judicial.gov.tw/EXPORTFILE/ExportToPdf.aspx?type=JD&id=PCDV%2c95%2c%e5%bb%ba%2c35%2c20061207%2c1&fname=%e8%87%ba%e7%81%a3%e6%96%b0%e5%8c%97%e5%9c%b0%e6%96%b9%e6%b3%95%e9%99%a2+95+%e5%b9%b4%e5%ba%a6%e5%bb%ba%e5%ad%97%e7%ac%ac+35+%e8%99%9f%e6%b0%91%e4%ba%8b%e5%88%a4%e6%b1%ba&lawpara=&ot=in,淹水,
臺灣新北地方法院 95 年度建字第 95 號民事判決,https://judgment.judicial.gov.tw/EXPORTFILE/ExportToPdf.aspx?type=JD&id=PCDV%2c95%2c%e5%bb%ba%2c95%2c20070626%2c1&fname=%e8%87%ba%e7%81%a3%e6%96%b0%e5%8c%97%e5%9c%b0%e6%96%b9%e6%b3%95%e9%99%a2+95+%e5%b9%b4%e5%ba%a6%e5%bb%ba%e5%ad%97%e7%ac%ac+95+%e8%99%9f%e6%b0%91%e4%ba%8b%e5%88%a4%e6%b1%ba&lawpara=&ot=in,"地質, 淹水",
臺灣新北地方法院 99 年度建字第 14 號民事判決,https://judgment.judicial.gov.tw/EXPORTFILE/ExportToPdf.aspx?type=JD&id=PCDV%2c99%2c%e5%bb%ba%2c14%2c20100630%2c1&fname=%e8%87%ba%e7%81%a3%e6%96%b0%e5%8c%97%e5%9c%b0%e6%96%b9%e6%b3%95%e9%99%a2+99+%e5%b9%b4%e5%ba%a6%e5%bb%ba%e5%ad%97%e7%ac%ac+14+%e8%99%9f%e6%b0%91%e4%ba%8b%e5%88%a4%e6%b1%ba&lawpara=&ot=in,淹水,
臺灣新北地方法院 99 年度建字第 59 號民事判決,https://judgment.judicial.gov.tw/EXPORTFILE/ExportToPdf.aspx?type=JD&id=PCDV%2c99%2c%e5%bb%ba%2c59%2c20120917%2c2&fname=%e8%87%ba%e7%81%a3%e6%96%b0%e5%8c%97%e5%9c%b0%e6%96%b9%e6%b3%95%e9%99%a2+99+%e5%b9%b4%e5%ba%a6%e5%bb%ba%e5%ad%97%e7%ac%ac+59+%e8%99%9f%e6%b0%91%e4%ba%8b%e5%88%a4%e6%b1%ba&lawpara=&ot=in,"洪水, 地震, 戰爭, 豪雨, 颱風, 地質",
臺灣新竹地方法院 100 年度建字第 10 號民事判決,https://judgment.judicial.gov.tw/EXPORTFILE/ExportToPdf.aspx?type=JD&id=SCDV%2c100%2c%e5%bb%ba%2c10%2c20130621%2c2&fname=%e8%87%ba%e7%81%a3%e6%96%b0%e7%ab%b9%e5%9c%b0%e6%96%b9%e6%b3%95%e9%99%a2+100+%e5%b9%b4%e5%ba%a6%e5%bb%ba%e5%ad%97%e7%ac%ac+10+%e8%99%9f%e6%b0%91%e4%ba%8b%e5%88%a4%e6%b1%ba&lawpara=&ot=in,豪雨,
臺灣新竹地方法院 100 年度建字第 3 號民事判決,https://judgment.judicial.gov.tw/EXPORTFILE/ExportToPdf.aspx?type=JD&id=SCDV%2c100%2c%e5%bb%ba%2c3%2c20110511%2c1&fname=%e8%87%ba%e7%81%a3%e6%96%b0%e7%ab%b9%e5%9c%b0%e6%96%b9%e6%b3%95%e9%99%a2+100+%e5%b9%b4%e5%ba%a6%e5%bb%ba%e5%ad%97%e7%ac%ac+3+%e8%99%9f%e6%b0%91%e4%ba%8b%e5%88%a4%e6%b1%ba&lawpara=&ot=in,淹水,
臺灣新竹地方法院 100 年度建字第 34 號民事判決,https://judgment.judicial.gov.tw/EXPORTFILE/ExportToPdf.aspx?type=JD&id=SCDV%2c100%2c%e5%bb%ba%2c34%2c20140128%2c2&fname=%e8%87%ba%e7%81%a3%e6%96%b0%e7%ab%b9%e5%9c%b0%e6%96%b9%e6%b3%95%e9%99%a2+100+%e5%b9%b4%e5%ba%a6%e5%bb%ba%e5%ad%97%e7%ac%ac+34+%e8%99%9f%e6%b0%91%e4%ba%8b%e5%88%a4%e6%b1%ba&lawpara=&ot=in,天氣,
臺灣新竹地方法院 100 年度建字第 37 號民事判決,https://judgment.judicial.gov.tw/EXPORTFILE/ExportToPdf.aspx?type=JD&id=SCDV%2c100%2c%e5%bb%ba%2c37%2c20121012%2c1&fname=%e8%87%ba%e7%81%a3%e6%96%b0%e7%ab%b9%e5%9c%b0%e6%96%b9%e6%b3%95%e9%99%a2+100+%e5%b9%b4%e5%ba%a6%e5%bb%ba%e5%ad%97%e7%ac%ac+37+%e8%99%9f%e6%b0%91%e4%ba%8b%e5%88%a4%e6%b1%ba&lawpara=&ot=in,天氣,
臺灣新竹地方法院 102 年度建字第 6 號民事判決,https://judgment.judicial.gov.tw/EXPORTFILE/ExportToPdf.aspx?type=JD&id=SCDV%2c102%2c%e5%bb%ba%2c6%2c20160425%2c1&fname=%e8%87%ba%e7%81%a3%e6%96%b0%e7%ab%b9%e5%9c%b0%e6%96%b9%e6%b3%95%e9%99%a2+102+%e5%b9%b4%e5%ba%a6%e5%bb%ba%e5%ad%97%e7%ac%ac+6+%e8%99%9f%e6%b0%91%e4%ba%8b%e5%88%a4%e6%b1%ba&lawpara=&ot=in,"地質, 淹水, 地震",
臺灣新竹地方法院 105 年度建字第 13 號民事判決,https://judgment.judicial.gov.tw/EXPORTFILE/ExportToPdf.aspx?type=JD&id=SCDV%2c105%2c%e5%bb%ba%2c13%2c20170405%2c2&fname=%e8%87%ba%e7%81%a3%e6%96%b0%e7%ab%b9%e5%9c%b0%e6%96%b9%e6%b3%95%e9%99%a2+105+%e5%b9%b4%e5%ba%a6%e5%bb%ba%e5%ad%97%e7%ac%ac+13+%e8%99%9f%e6%b0%91%e4%ba%8b%e5%88%a4%e6%b1%ba&lawpara=&ot=in,"颱風, 戰爭, 地質, 地震",
臺灣新竹地方法院 106 年度建字第 10 號民事判決,https://judgment.judicial.gov.tw/EXPORTFILE/ExportToPdf.aspx?type=JD&id=SCDV%2c106%2c%e5%bb%ba%2c10%2c20180615%2c1&fname=%e8%87%ba%e7%81%a3%e6%96%b0%e7%ab%b9%e5%9c%b0%e6%96%b9%e6%b3%95%e9%99%a2+106+%e5%b9%b4%e5%ba%a6%e5%bb%ba%e5%ad%97%e7%ac%ac+10+%e8%99%9f%e6%b0%91%e4%ba%8b%e5%88%a4%e6%b1%ba&lawpara=&ot=in,"颱風, 陰雨, 風災, 颱風, 天氣, 風災",
臺灣新竹地方法院 106 年度建字第 12 號民事判決,https://judgment.judicial.gov.tw/EXPORTFILE/ExportToPdf.aspx?type=JD&id=SCDV%2c106%2c%e5%bb%ba%2c12%2c20180706%2c4&fname=%e8%87%ba%e7%81%a3%e6%96%b0%e7%ab%b9%e5%9c%b0%e6%96%b9%e6%b3%95%e9%99%a2+106+%e5%b9%b4%e5%ba%a6%e5%bb%ba%e5%ad%97%e7%ac%ac+12+%e8%99%9f%e6%b0%91%e4%ba%8b%e5%88%a4%e6%b1%ba&lawpara=&ot=in,颱風,
臺灣新竹地方法院 106 年度建字第 23 號民事判決,https://judgment.judicial.gov.tw/FILES/SCDV/106%2c%e5%bb%ba%2c23%2c20210208%2c1.pdf,"地震, 戰爭, 豪雨, 颱風, 地質",
臺灣新竹地方法院 106 年度建字第 79 號民事判決,https://judgment.judicial.gov.tw/FILES/SCDV/106%2c%e5%bb%ba%2c79%2c20200420%2c1.pdf,颱風,
臺灣新竹地方法院 106 年度建字第 92 號民事判決,https://judgment.judicial.gov.tw/PdfWithLine/GetPDF.ashx?jrecno=106%2c%e5%bb%ba%2c92%2c20191111%2c2&tablename=SCDV&fname=%e8%87%ba%e7%81%a3%e6%96%b0%e7%ab%b9%e5%9c%b0%e6%96%b9%e6%b3%95%e9%99%a2106%e5%b9%b4%e5%ba%a6%e5%bb%ba%e5%ad%97%e7%ac%ac92%e8%99%9f%e6%b0%91%e4%ba%8b%e5%88%a4%e6%b1%ba,"颱風, 地質",
臺灣新竹地方法院 107 年度建字第 36 號民事判決,https://judgment.judicial.gov.tw/PdfWithLine/GetPDF.ashx?jrecno=107%2c%e5%bb%ba%2c36%2c20200918%2c1&tablename=SCDV&fname=%e8%87%ba%e7%81%a3%e6%96%b0%e7%ab%b9%e5%9c%b0%e6%96%b9%e6%b3%95%e9%99%a2107%e5%b9%b4%e5%ba%a6%e5%bb%ba%e5%ad%97%e7%ac%ac36%e8%99%9f%e6%b0%91%e4%ba%8b%e5%88%a4%e6%b1%ba,地質,
臺灣新竹地方法院 107 年度建字第 60 號民事判決,https://judgment.judicial.gov.tw/FILES/SCDV/107%2c%e5%bb%ba%2c60%2c20220923%2c1.pdf,"颱風, 地質",
臺灣新竹地方法院 108 年度建字第 47 號民事判決,https://judgment.judicial.gov.tw/FILES/SCDV/108%2c%e5%bb%ba%2c47%2c20211022%2c1.pdf,"戰爭, 地質, 地震",
臺灣新竹地方法院 96 年度重訴字第 180 號民事判決,https://judgment.judicial.gov.tw/EXPORTFILE/ExportToPdf.aspx?type=JD&id=SCDV%2c96%2c%e9%87%8d%e8%a8%b4%2c180%2c20090824%2c1&fname=%e8%87%ba%e7%81%a3%e6%96%b0%e7%ab%b9%e5%9c%b0%e6%96%b9%e6%b3%95%e9%99%a2+96+%e5%b9%b4%e5%ba%a6%e9%87%8d%e8%a8%b4%e5%ad%97%e7%ac%ac+180+%e8%99%9f%e6%b0%91%e4%ba%8b%e5%88%a4%e6%b1%ba&lawpara=&ot=in,地震,
臺灣新竹地方法院 99 年度重訴字第 88 號民事判決,https://judgment.judicial.gov.tw/EXPORTFILE/ExportToPdf.aspx?type=JD&id=SCDV%2c99%2c%e9%87%8d%e8%a8%b4%2c88%2c20101213%2c1&fname=%e8%87%ba%e7%81%a3%e6%96%b0%e7%ab%b9%e5%9c%b0%e6%96%b9%e6%b3%95%e9%99%a2+99+%e5%b9%b4%e5%ba%a6%e9%87%8d%e8%a8%b4%e5%ad%97%e7%ac%ac+88+%e8%99%9f%e6%b0%91%e4%ba%8b%e5%88%a4%e6%b1%ba&lawpara=&ot=in,戰爭,
臺灣桃園地方法院 100 年度建字第 26 號民事判決,https://judgment.judicial.gov.tw/EXPORTFILE/ExportToPdf.aspx?type=JD&id=TYDV%2c100%2c%e5%bb%ba%2c26%2c20130522%2c3&fname=%e8%87%ba%e7%81%a3%e6%a1%83%e5%9c%92%e5%9c%b0%e6%96%b9%e6%b3%95%e9%99%a2+100+%e5%b9%b4%e5%ba%a6%e5%bb%ba%e5%ad%97%e7%ac%ac+26+%e8%99%9f%e6%b0%91%e4%ba%8b%e5%88%a4%e6%b1%ba&lawpara=&ot=in,"地質, 風災, 風災, 颱風, 豪雨",
臺灣桃園地方法院 100 年度重訴字第 19 號民事判決,https://judgment.judicial.gov.tw/EXPORTFILE/ExportToPdf.aspx?type=JD&id=TYDV%2c100%2c%e9%87%8d%e8%a8%b4%2c19%2c20140708%2c3&fname=%e8%87%ba%e7%81%a3%e6%a1%83%e5%9c%92%e5%9c%b0%e6%96%b9%e6%b3%95%e9%99%a2+100+%e5%b9%b4%e5%ba%a6%e9%87%8d%e8%a8%b4%e5%ad%97%e7%ac%ac+19+%e8%99%9f%e6%b0%91%e4%ba%8b%e5%88%a4%e6%b1%ba&lawpara=&ot=in,"風災, 風災, 颱風, 地震",
臺灣桃園地方法院 101 年度建字第 13 號民事判決,https://judgment.judicial.gov.tw/EXPORTFILE/ExportToPdf.aspx?type=JD&id=TYDV%2c101%2c%e5%bb%ba%2c13%2c20130904%2c2&fname=%e8%87%ba%e7%81%a3%e6%a1%83%e5%9c%92%e5%9c%b0%e6%96%b9%e6%b3%95%e9%99%a2+101+%e5%b9%b4%e5%ba%a6%e5%bb%ba%e5%ad%97%e7%ac%ac+13+%e8%99%9f%e6%b0%91%e4%ba%8b%e5%88%a4%e6%b1%ba&lawpara=&ot=in,颱風,
臺灣桃園地方法院 101 年度重訴字第 393 號民事判決,https://judgment.judicial.gov.tw/EXPORTFILE/ExportToPdf.aspx?type=JD&id=TYDV%2c101%2c%e9%87%8d%e8%a8%b4%2c393%2c20140619%2c2&fname=%e8%87%ba%e7%81%a3%e6%a1%83%e5%9c%92%e5%9c%b0%e6%96%b9%e6%b3%95%e9%99%a2+101+%e5%b9%b4%e5%ba%a6%e9%87%8d%e8%a8%b4%e5%ad%97%e7%ac%ac+393+%e8%99%9f%e6%b0%91%e4%ba%8b%e5%88%a4%e6%b1%ba&lawpara=&ot=in,"颱風, 水災",
臺灣桃園地方法院 104 年度建字第 23 號民事判決,https://judgment.judicial.gov.tw/EXPORTFILE/ExportToPdf.aspx?type=JD&id=TYDV%2c104%2c%e5%bb%ba%2c23%2c20161125%2c1&fname=%e8%87%ba%e7%81%a3%e6%a1%83%e5%9c%92%e5%9c%b0%e6%96%b9%e6%b3%95%e9%99%a2+104+%e5%b9%b4%e5%ba%a6%e5%bb%ba%e5%ad%97%e7%ac%ac+23+%e8%99%9f%e6%b0%91%e4%ba%8b%e5%88%a4%e6%b1%ba&lawpara=&ot=in,地質,
臺灣桃園地方法院 109 年度建字第 32 號民事判決,https://judgment.judicial.gov.tw/FILES/TYDV/109%2c%e5%bb%ba%2c32%2c20220408%2c1.pdf,颱風,
臺灣桃園地方法院 111 年度建字第 147 號民事判決,https://judgment.judicial.gov.tw/FILES/TYDV/111%2c%e5%bb%ba%2c147%2c20231012%2c1.pdf,疫情,
臺灣桃園地方法院 94 年度訴字第 1307 號民事判決,https://judgment.judicial.gov.tw/EXPORTFILE/ExportToPdf.aspx?type=JD&id=TYDV%2c94%2c%e8%a8%b4%2c1307%2c20081229%2c5&fname=%e8%87%ba%e7%81%a3%e6%a1%83%e5%9c%92%e5%9c%b0%e6%96%b9%e6%b3%95%e9%99%a2+94+%e5%b9%b4%e5%ba%a6%e8%a8%b4%e5%ad%97%e7%ac%ac+1307+%e8%99%9f%e6%b0%91%e4%ba%8b%e5%88%a4%e6%b1%ba&lawpara=&ot=in,淹水,
臺灣桃園地方法院 95 年度訴字第 1702 號民事判決,https://judgment.judicial.gov.tw/EXPORTFILE/ExportToPdf.aspx?type=JD&id=TYDV%2c95%2c%e8%a8%b4%2c1702%2c20070425%2c1&fname=%e8%87%ba%e7%81%a3%e6%a1%83%e5%9c%92%e5%9c%b0%e6%96%b9%e6%b3%95%e9%99%a2+95+%e5%b9%b4%e5%ba%a6%e8%a8%b4%e5%ad%97%e7%ac%ac+1702+%e8%99%9f%e6%b0%91%e4%ba%8b%e5%88%a4%e6%b1%ba&lawpara=&ot=in,戰爭,
臺灣桃園地方法院 95 年度訴字第 467 號民事判決,https://judgment.judicial.gov.tw/EXPORTFILE/ExportToPdf.aspx?type=JD&id=TYDV%2c95%2c%e8%a8%b4%2c467%2c20070309%2c1&fname=%e8%87%ba%e7%81%a3%e6%a1%83%e5%9c%92%e5%9c%b0%e6%96%b9%e6%b3%95%e9%99%a2+95+%e5%b9%b4%e5%ba%a6%e8%a8%b4%e5%ad%97%e7%ac%ac+467+%e8%99%9f%e6%b0%91%e4%ba%8b%e5%88%a4%e6%b1%ba&lawpara=&ot=in,戰爭,
臺灣桃園地方法院 95 年度訴字第 475 號民事判決,https://judgment.judicial.gov.tw/EXPORTFILE/ExportToPdf.aspx?type=JD&id=TYDV%2c95%2c%e8%a8%b4%2c475%2c20070907%2c1&fname=%e8%87%ba%e7%81%a3%e6%a1%83%e5%9c%92%e5%9c%b0%e6%96%b9%e6%b3%95%e9%99%a2+95+%e5%b9%b4%e5%ba%a6%e8%a8%b4%e5%ad%97%e7%ac%ac+475+%e8%99%9f%e6%b0%91%e4%ba%8b%e5%88%a4%e6%b1%ba&lawpara=&ot=in,戰爭,
臺灣桃園地方法院 95 年度訴字第 930 號民事判決,https://judgment.judicial.gov.tw/EXPORTFILE/ExportToPdf.aspx?type=JD&id=TYDV%2c95%2c%e8%a8%b4%2c930%2c20070426%2c1&fname=%e8%87%ba%e7%81%a3%e6%a1%83%e5%9c%92%e5%9c%b0%e6%96%b9%e6%b3%95%e9%99%a2+95+%e5%b9%b4%e5%ba%a6%e8%a8%b4%e5%ad%97%e7%ac%ac+930+%e8%99%9f%e6%b0%91%e4%ba%8b%e5%88%a4%e6%b1%ba&lawpara=&ot=in,戰爭,
臺灣桃園地方法院 95 年度訴字第 931 號民事判決,https://judgment.judicial.gov.tw/EXPORTFILE/ExportToPdf.aspx?type=JD&id=TYDV%2c95%2c%e8%a8%b4%2c931%2c20061228%2c2&fname=%e8%87%ba%e7%81%a3%e6%a1%83%e5%9c%92%e5%9c%b0%e6%96%b9%e6%b3%95%e9%99%a2+95+%e5%b9%b4%e5%ba%a6%e8%a8%b4%e5%ad%97%e7%ac%ac+931+%e8%99%9f%e6%b0%91%e4%ba%8b%e5%88%a4%e6%b1%ba&lawpara=&ot=in,戰爭,
臺灣桃園地方法院 95 年度重訴字第 213 號民事判決,https://judgment.judicial.gov.tw/EXPORTFILE/ExportToPdf.aspx?type=JD&id=TYDV%2c95%2c%e9%87%8d%e8%a8%b4%2c213%2c20070629%2c2&fname=%e8%87%ba%e7%81%a3%e6%a1%83%e5%9c%92%e5%9c%b0%e6%96%b9%e6%b3%95%e9%99%a2+95+%e5%b9%b4%e5%ba%a6%e9%87%8d%e8%a8%b4%e5%ad%97%e7%ac%ac+213+%e8%99%9f%e6%b0%91%e4%ba%8b%e5%88%a4%e6%b1%ba&lawpara=&ot=in,戰爭,
臺灣桃園地方法院 95 年度重訴字第 298 號民事判決,https://judgment.judicial.gov.tw/EXPORTFILE/ExportToPdf.aspx?type=JD&id=TYDV%2c95%2c%e9%87%8d%e8%a8%b4%2c298%2c20070531%2c3&fname=%e8%87%ba%e7%81%a3%e6%a1%83%e5%9c%92%e5%9c%b0%e6%96%b9%e6%b3%95%e9%99%a2+95+%e5%b9%b4%e5%ba%a6%e9%87%8d%e8%a8%b4%e5%ad%97%e7%ac%ac+298+%e8%99%9f%e6%b0%91%e4%ba%8b%e5%88%a4%e6%b1%ba&lawpara=&ot=in,戰爭,
臺灣桃園地方法院 97 年度訴字第 1263 號民事判決,https://judgment.judicial.gov.tw/EXPORTFILE/ExportToPdf.aspx?type=JD&id=TYDV%2c97%2c%e8%a8%b4%2c1263%2c20090430%2c1&fname=%e8%87%ba%e7%81%a3%e6%a1%83%e5%9c%92%e5%9c%b0%e6%96%b9%e6%b3%95%e9%99%a2+97+%e5%b9%b4%e5%ba%a6%e8%a8%b4%e5%ad%97%e7%ac%ac+1263+%e8%99%9f%e6%b0%91%e4%ba%8b%e5%88%a4%e6%b1%ba&lawpara=&ot=in,地質,
臺灣桃園地方法院 97 年度訴字第 2074 號民事判決,https://judgment.judicial.gov.tw/EXPORTFILE/ExportToPdf.aspx?type=JD&id=TYDV%2c97%2c%e8%a8%b4%2c2074%2c20110603%2c2&fname=%e8%87%ba%e7%81%a3%e6%a1%83%e5%9c%92%e5%9c%b0%e6%96%b9%e6%b3%95%e9%99%a2+97+%e5%b9%b4%e5%ba%a6%e8%a8%b4%e5%ad%97%e7%ac%ac+2074+%e8%99%9f%e6%b0%91%e4%ba%8b%e5%88%a4%e6%b1%ba&lawpara=&ot=in,"天氣, 豪雨, 地形",
臺灣桃園地方法院 97 年度重訴字第 165 號民事判決,https://judgment.judicial.gov.tw/EXPORTFILE/ExportToPdf.aspx?type=JD&id=TYDV%2c97%2c%e9%87%8d%e8%a8%b4%2c165%2c20081120%2c2&fname=%e8%87%ba%e7%81%a3%e6%a1%83%e5%9c%92%e5%9c%b0%e6%96%b9%e6%b3%95%e9%99%a2+97+%e5%b9%b4%e5%ba%a6%e9%87%8d%e8%a8%b4%e5%ad%97%e7%ac%ac+165+%e8%99%9f%e6%b0%91%e4%ba%8b%e5%88%a4%e6%b1%ba&lawpara=&ot=in,戰爭,
臺灣桃園地方法院 97 年度重訴字第 226 號民事判決,https://judgment.judicial.gov.tw/EXPORTFILE/ExportToPdf.aspx?type=JD&id=TYDV%2c97%2c%e9%87%8d%e8%a8%b4%2c226%2c20091229%2c3&fname=%e8%87%ba%e7%81%a3%e6%a1%83%e5%9c%92%e5%9c%b0%e6%96%b9%e6%b3%95%e9%99%a2+97+%e5%b9%b4%e5%ba%a6%e9%87%8d%e8%a8%b4%e5%ad%97%e7%ac%ac+226+%e8%99%9f%e6%b0%91%e4%ba%8b%e5%88%a4%e6%b1%ba&lawpara=&ot=in,"風災, 地震, 水災, 豪雨, 淹水",
臺灣桃園地方法院 99 年度建字第 33 號民事判決,https://judgment.judicial.gov.tw/EXPORTFILE/ExportToPdf.aspx?type=JD&id=TYDV%2c99%2c%e5%bb%ba%2c33%2c20121108%2c2&fname=%e8%87%ba%e7%81%a3%e6%a1%83%e5%9c%92%e5%9c%b0%e6%96%b9%e6%b3%95%e9%99%a2+99+%e5%b9%b4%e5%ba%a6%e5%bb%ba%e5%ad%97%e7%ac%ac+33+%e8%99%9f%e6%b0%91%e4%ba%8b%e5%88%a4%e6%b1%ba&lawpara=&ot=in,"颱風, 淹水",
臺灣橋頭地方法院 103 年度建字第 15 號民事判決,https://judgment.judicial.gov.tw/EXPORTFILE/ExportToPdf.aspx?type=JD&id=CTDV%2c103%2c%e5%bb%ba%2c15%2c20170224%2c1&fname=%e8%87%ba%e7%81%a3%e6%a9%8b%e9%a0%ad%e5%9c%b0%e6%96%b9%e6%b3%95%e9%99%a2+103+%e5%b9%b4%e5%ba%a6%e5%bb%ba%e5%ad%97%e7%ac%ac+15+%e8%99%9f%e6%b0%91%e4%ba%8b%e5%88%a4%e6%b1%ba&lawpara=&ot=in,地下水位,
臺灣橋頭地方法院 104 年度建字第 54 號民事判決,https://judgment.judicial.gov.tw/EXPORTFILE/ExportToPdf.aspx?type=JD&id=CTDV%2c104%2c%e5%bb%ba%2c54%2c20161128%2c1&fname=%e8%87%ba%e7%81%a3%e6%a9%8b%e9%a0%ad%e5%9c%b0%e6%96%b9%e6%b3%95%e9%99%a2+104+%e5%b9%b4%e5%ba%a6%e5%bb%ba%e5%ad%97%e7%ac%ac+54+%e8%99%9f%e6%b0%91%e4%ba%8b%e5%88%a4%e6%b1%ba&lawpara=&ot=in,"地貌, 風災, 風災, 颱風, 地形",
臺灣橋頭地方法院 106 年度建字第 44 號民事判決,https://judgment.judicial.gov.tw/EXPORTFILE/ExportToPdf.aspx?type=JD&id=CTDV%2c106%2c%e5%bb%ba%2c44%2c20181017%2c2&fname=%e8%87%ba%e7%81%a3%e6%a9%8b%e9%a0%ad%e5%9c%b0%e6%96%b9%e6%b3%95%e9%99%a2+106+%e5%b9%b4%e5%ba%a6%e5%bb%ba%e5%ad%97%e7%ac%ac+44+%e8%99%9f%e6%b0%91%e4%ba%8b%e5%88%a4%e6%b1%ba&lawpara=&ot=in,"颱風, 水災, 豪雨",
臺灣橋頭地方法院 109 年度建字第 42 號民事判決,https://judgment.judicial.gov.tw/FILES/CTDV/109%2c%e5%bb%ba%2c42%2c20230707%2c1.pdf,地質,
臺灣橋頭地方法院 109 年度建字第 46 號民事判決,https://judgment.judicial.gov.tw/FILES/CTDV/109%2c%e5%bb%ba%2c46%2c20220330%2c1.pdf,地質,
臺灣澎湖地方法院 102 年度建字第 2 號民事判決,https://judgment.judicial.gov.tw/EXPORTFILE/ExportToPdf.aspx?type=JD&id=PHDV%2c102%2c%e5%bb%ba%2c2%2c20140812%2c1&fname=%e8%87%ba%e7%81%a3%e6%be%8e%e6%b9%96%e5%9c%b0%e6%96%b9%e6%b3%95%e9%99%a2+102+%e5%b9%b4%e5%ba%a6%e5%bb%ba%e5%ad%97%e7%ac%ac+2+%e8%99%9f%e6%b0%91%e4%ba%8b%e5%88%a4%e6%b1%ba&lawpara=&ot=in,地質,
臺灣澎湖地方法院 106 年度建字第 1 號民事判決,https://judgment.judicial.gov.tw/EXPORTFILE/ExportToPdf.aspx?type=JD&id=PHDV%2c106%2c%e5%bb%ba%2c1%2c20181227%2c1&fname=%e8%87%ba%e7%81%a3%e6%be%8e%e6%b9%96%e5%9c%b0%e6%96%b9%e6%b3%95%e9%99%a2+106+%e5%b9%b4%e5%ba%a6%e5%bb%ba%e5%ad%97%e7%ac%ac+1+%e8%99%9f%e6%b0%91%e4%ba%8b%e5%88%a4%e6%b1%ba&lawpara=&ot=in,"颱風, 豪雨, 淹水",
臺灣臺中地方法院 100 年度建字第 115 號民事判決,https://judgment.judicial.gov.tw/EXPORTFILE/ExportToPdf.aspx?type=JD&id=TCDV%2c100%2c%e5%bb%ba%2c115%2c20140417%2c2&fname=%e8%87%ba%e7%81%a3%e8%87%ba%e4%b8%ad%e5%9c%b0%e6%96%b9%e6%b3%95%e9%99%a2+100+%e5%b9%b4%e5%ba%a6%e5%bb%ba%e5%ad%97%e7%ac%ac+115+%e8%99%9f%e6%b0%91%e4%ba%8b%e5%88%a4%e6%b1%ba&lawpara=&ot=in,"洪水, 地震, 水災, 豪雨, 颱風, 地質, 地形",
臺灣臺中地方法院 100 年度建字第 123 號民事判決,https://judgment.judicial.gov.tw/EXPORTFILE/ExportToPdf.aspx?type=JD&id=TCDV%2c100%2c%e5%bb%ba%2c123%2c20131226%2c1&fname=%e8%87%ba%e7%81%a3%e8%87%ba%e4%b8%ad%e5%9c%b0%e6%96%b9%e6%b3%95%e9%99%a2+100+%e5%b9%b4%e5%ba%a6%e5%bb%ba%e5%ad%97%e7%ac%ac+123+%e8%99%9f%e6%b0%91%e4%ba%8b%e5%88%a4%e6%b1%ba&lawpara=&ot=in,地質,
臺灣臺中地方法院 100 年度建字第 133 號民事判決,https://judgment.judicial.gov.tw/EXPORTFILE/ExportToPdf.aspx?type=JD&id=TCDV%2c100%2c%e5%bb%ba%2c133%2c20150501%2c1&fname=%e8%87%ba%e7%81%a3%e8%87%ba%e4%b8%ad%e5%9c%b0%e6%96%b9%e6%b3%95%e9%99%a2+100+%e5%b9%b4%e5%ba%a6%e5%bb%ba%e5%ad%97%e7%ac%ac+133+%e8%99%9f%e6%b0%91%e4%ba%8b%e5%88%a4%e6%b1%ba&lawpara=&ot=in,"地質, 地下水位",
臺灣臺中地方法院 100 年度建字第 136 號民事判決,https://judgment.judicial.gov.tw/EXPORTFILE/ExportToPdf.aspx?type=JD&id=TCDV%2c100%2c%e5%bb%ba%2c136%2c20151231%2c1&fname=%e8%87%ba%e7%81%a3%e8%87%ba%e4%b8%ad%e5%9c%b0%e6%96%b9%e6%b3%95%e9%99%a2+100+%e5%b9%b4%e5%ba%a6%e5%bb%ba%e5%ad%97%e7%ac%ac+136+%e8%99%9f%e6%b0%91%e4%ba%8b%e5%88%a4%e6%b1%ba&lawpara=&ot=in,颱風,
臺灣臺中地方法院 100 年度建字第 148 號民事判決,https://judgment.judicial.gov.tw/EXPORTFILE/ExportToPdf.aspx?type=JD&id=TCDV%2c100%2c%e5%bb%ba%2c148%2c20130628%2c1&fname=%e8%87%ba%e7%81%a3%e8%87%ba%e4%b8%ad%e5%9c%b0%e6%96%b9%e6%b3%95%e9%99%a2+100+%e5%b9%b4%e5%ba%a6%e5%bb%ba%e5%ad%97%e7%ac%ac+148+%e8%99%9f%e6%b0%91%e4%ba%8b%e5%88%a4%e6%b1%ba&lawpara=&ot=in,"地形, 洪水",
臺灣臺中地方法院 100 年度建字第 165 號民事判決,https://judgment.judicial.gov.tw/EXPORTFILE/ExportToPdf.aspx?type=JD&id=TCDV%2c100%2c%e5%bb%ba%2c165%2c20121011%2c1&fname=%e8%87%ba%e7%81%a3%e8%87%ba%e4%b8%ad%e5%9c%b0%e6%96%b9%e6%b3%95%e9%99%a2+100+%e5%b9%b4%e5%ba%a6%e5%bb%ba%e5%ad%97%e7%ac%ac+165+%e8%99%9f%e6%b0%91%e4%ba%8b%e5%88%a4%e6%b1%ba&lawpara=&ot=in,淹水,
臺灣臺中地方法院 100 年度建字第 23 號民事判決,https://judgment.judicial.gov.tw/EXPORTFILE/ExportToPdf.aspx?type=JD&id=TCDV%2c100%2c%e5%bb%ba%2c23%2c20110505%2c1&fname=%e8%87%ba%e7%81%a3%e8%87%ba%e4%b8%ad%e5%9c%b0%e6%96%b9%e6%b3%95%e9%99%a2+100+%e5%b9%b4%e5%ba%a6%e5%bb%ba%e5%ad%97%e7%ac%ac+23+%e8%99%9f%e6%b0%91%e4%ba%8b%e5%88%a4%e6%b1%ba&lawpara=&ot=in,"颱風, 豪雨",
臺灣臺中地方法院 100 年度建字第 33 號民事判決,https://judgment.judicial.gov.tw/EXPORTFILE/ExportToPdf.aspx?type=JD&id=TCDV%2c100%2c%e5%bb%ba%2c33%2c20110929%2c1&fname=%e8%87%ba%e7%81%a3%e8%87%ba%e4%b8%ad%e5%9c%b0%e6%96%b9%e6%b3%95%e9%99%a2+100+%e5%b9%b4%e5%ba%a6%e5%bb%ba%e5%ad%97%e7%ac%ac+33+%e8%99%9f%e6%b0%91%e4%ba%8b%e5%88%a4%e6%b1%ba&lawpara=&ot=in,"風災, 風災, 颱風",
臺灣臺中地方法院 100 年度建字第 98 號民事判決,https://judgment.judicial.gov.tw/EXPORTFILE/ExportToPdf.aspx?type=JD&id=TCDV%2c100%2c%e5%bb%ba%2c98%2c20130628%2c3&fname=%e8%87%ba%e7%81%a3%e8%87%ba%e4%b8%ad%e5%9c%b0%e6%96%b9%e6%b3%95%e9%99%a2+100+%e5%b9%b4%e5%ba%a6%e5%bb%ba%e5%ad%97%e7%ac%ac+98+%e8%99%9f%e6%b0%91%e4%ba%8b%e5%88%a4%e6%b1%ba&lawpara=&ot=in,"颱風, 地質, 地下水位",
臺灣臺中地方法院 101 年度建字第 139 號民事判決,https://judgment.judicial.gov.tw/EXPORTFILE/ExportToPdf.aspx?type=JD&id=TCDV%2c101%2c%e5%bb%ba%2c139%2c20171228%2c3&fname=%e8%87%ba%e7%81%a3%e8%87%ba%e4%b8%ad%e5%9c%b0%e6%96%b9%e6%b3%95%e9%99%a2+101+%e5%b9%b4%e5%ba%a6%e5%bb%ba%e5%ad%97%e7%ac%ac+139+%e8%99%9f%e6%b0%91%e4%ba%8b%e5%88%a4%e6%b1%ba&lawpara=&ot=in,"颱風, 地質, 地下水位, 地形",
臺灣臺中地方法院 101 年度建字第 190 號民事判決,https://judgment.judicial.gov.tw/EXPORTFILE/ExportToPdf.aspx?type=JD&id=TCDV%2c101%2c%e5%bb%ba%2c190%2c20140626%2c1&fname=%e8%87%ba%e7%81%a3%e8%87%ba%e4%b8%ad%e5%9c%b0%e6%96%b9%e6%b3%95%e9%99%a2+101+%e5%b9%b4%e5%ba%a6%e5%bb%ba%e5%ad%97%e7%ac%ac+190+%e8%99%9f%e6%b0%91%e4%ba%8b%e5%88%a4%e6%b1%ba&lawpara=&ot=in,"戰爭, 天氣",
臺灣臺中地方法院 101 年度建字第 197 號民事判決,https://judgment.judicial.gov.tw/EXPORTFILE/ExportToPdf.aspx?type=JD&id=TCDV%2c101%2c%e5%bb%ba%2c197%2c20130515%2c1&fname=%e8%87%ba%e7%81%a3%e8%87%ba%e4%b8%ad%e5%9c%b0%e6%96%b9%e6%b3%95%e9%99%a2+101+%e5%b9%b4%e5%ba%a6%e5%bb%ba%e5%ad%97%e7%ac%ac+197+%e8%99%9f%e6%b0%91%e4%ba%8b%e5%88%a4%e6%b1%ba&lawpara=&ot=in,"颱風, 豪雨, 地震",
臺灣臺中地方法院 101 年度建字第 43 號民事判決,https://judgment.judicial.gov.tw/EXPORTFILE/ExportToPdf.aspx?type=JD&id=TCDV%2c101%2c%e5%bb%ba%2c43%2c20140613%2c1&fname=%e8%87%ba%e7%81%a3%e8%87%ba%e4%b8%ad%e5%9c%b0%e6%96%b9%e6%b3%95%e9%99%a2+101+%e5%b9%b4%e5%ba%a6%e5%bb%ba%e5%ad%97%e7%ac%ac+43+%e8%99%9f%e6%b0%91%e4%ba%8b%e5%88%a4%e6%b1%ba&lawpara=&ot=in,"颱風, 水災, 淹水",
臺灣臺中地方法院 101 年度建字第 53 號民事判決,https://judgment.judicial.gov.tw/EXPORTFILE/ExportToPdf.aspx?type=JD&id=TCDV%2c101%2c%e5%bb%ba%2c53%2c20151216%2c1&fname=%e8%87%ba%e7%81%a3%e8%87%ba%e4%b8%ad%e5%9c%b0%e6%96%b9%e6%b3%95%e9%99%a2+101+%e5%b9%b4%e5%ba%a6%e5%bb%ba%e5%ad%97%e7%ac%ac+53+%e8%99%9f%e6%b0%91%e4%ba%8b%e5%88%a4%e6%b1%ba&lawpara=&ot=in,"颱風, 豪雨, 地震",
臺灣臺中地方法院 101 年度建字第 58 號民事判決,https://judgment.judicial.gov.tw/EXPORTFILE/ExportToPdf.aspx?type=JD&id=TCDV%2c101%2c%e5%bb%ba%2c58%2c20170215%2c3&fname=%e8%87%ba%e7%81%a3%e8%87%ba%e4%b8%ad%e5%9c%b0%e6%96%b9%e6%b3%95%e9%99%a2+101+%e5%b9%b4%e5%ba%a6%e5%bb%ba%e5%ad%97%e7%ac%ac+58+%e8%99%9f%e6%b0%91%e4%ba%8b%e5%88%a4%e6%b1%ba&lawpara=&ot=in,"颱風, 洪水, 豪雨, 地震",
臺灣臺中地方法院 101 年度建字第 75 號民事判決,https://judgment.judicial.gov.tw/EXPORTFILE/ExportToPdf.aspx?type=JD&id=TCDV%2c101%2c%e5%bb%ba%2c75%2c20160722%2c1&fname=%e8%87%ba%e7%81%a3%e8%87%ba%e4%b8%ad%e5%9c%b0%e6%96%b9%e6%b3%95%e9%99%a2+101+%e5%b9%b4%e5%ba%a6%e5%bb%ba%e5%ad%97%e7%ac%ac+75+%e8%99%9f%e6%b0%91%e4%ba%8b%e5%88%a4%e6%b1%ba&lawpara=&ot=in,"地質, 地下水位, 風災, 風災, 颱風",
臺灣臺中地方法院 101 年度訴字第 473 號民事判決,https://judgment.judicial.gov.tw/EXPORTFILE/ExportToPdf.aspx?type=JD&id=TCDV%2c101%2c%e8%a8%b4%2c473%2c20140421%2c1&fname=%e8%87%ba%e7%81%a3%e8%87%ba%e4%b8%ad%e5%9c%b0%e6%96%b9%e6%b3%95%e9%99%a2+101+%e5%b9%b4%e5%ba%a6%e8%a8%b4%e5%ad%97%e7%ac%ac+473+%e8%99%9f%e6%b0%91%e4%ba%8b%e5%88%a4%e6%b1%ba&lawpara=&ot=in,"颱風, 天氣, 地質, 地下水位",
臺灣臺中地方法院 102 年度建字第 168 號民事判決,https://judgment.judicial.gov.tw/EXPORTFILE/ExportToPdf.aspx?type=JD&id=TCDV%2c102%2c%e5%bb%ba%2c168%2c20160218%2c1&fname=%e8%87%ba%e7%81%a3%e8%87%ba%e4%b8%ad%e5%9c%b0%e6%96%b9%e6%b3%95%e9%99%a2+102+%e5%b9%b4%e5%ba%a6%e5%bb%ba%e5%ad%97%e7%ac%ac+168+%e8%99%9f%e6%b0%91%e4%ba%8b%e5%88%a4%e6%b1%ba&lawpara=&ot=in,"颱風, 戰爭, 豪雨, 地震",
臺灣臺中地方法院 102 年度建字第 26 號民事判決,https://judgment.judicial.gov.tw/EXPORTFILE/ExportToPdf.aspx?type=JD&id=TCDV%2c102%2c%e5%bb%ba%2c26%2c20140627%2c1&fname=%e8%87%ba%e7%81%a3%e8%87%ba%e4%b8%ad%e5%9c%b0%e6%96%b9%e6%b3%95%e9%99%a2+102+%e5%b9%b4%e5%ba%a6%e5%bb%ba%e5%ad%97%e7%ac%ac+26+%e8%99%9f%e6%b0%91%e4%ba%8b%e5%88%a4%e6%b1%ba&lawpara=&ot=in,"颱風, 陰雨, 豪雨",
臺灣臺中地方法院 102 年度建字第 8 號民事判決,https://judgment.judicial.gov.tw/PdfWithLine/GetPDF.ashx?jrecno=102%2c%e5%bb%ba%2c8%2c20190530%2c2&tablename=TCDV&fname=%e8%87%ba%e7%81%a3%e8%87%ba%e4%b8%ad%e5%9c%b0%e6%96%b9%e6%b3%95%e9%99%a2102%e5%b9%b4%e5%ba%a6%e5%bb%ba%e5%ad%97%e7%ac%ac8%e8%99%9f%e6%b0%91%e4%ba%8b%e5%88%a4%e6%b1%ba,"颱風, 地形, 豪雨, 洪水",
臺灣臺中地方法院 102 年度建字第 97 號民事判決,https://judgment.judicial.gov.tw/EXPORTFILE/ExportToPdf.aspx?type=JD&id=TCDV%2c102%2c%e5%bb%ba%2c97%2c20150605%2c1&fname=%e8%87%ba%e7%81%a3%e8%87%ba%e4%b8%ad%e5%9c%b0%e6%96%b9%e6%b3%95%e9%99%a2+102+%e5%b9%b4%e5%ba%a6%e5%bb%ba%e5%ad%97%e7%ac%ac+97+%e8%99%9f%e6%b0%91%e4%ba%8b%e5%88%a4%e6%b1%ba&lawpara=&ot=in,"地質, 風災, 颱風, 天氣, 風災",
臺灣臺中地方法院 103 年度建字第 119 號民事判決,https://judgment.judicial.gov.tw/EXPORTFILE/ExportToPdf.aspx?type=JD&id=TCDV%2c103%2c%e5%bb%ba%2c119%2c20150429%2c1&fname=%e8%87%ba%e7%81%a3%e8%87%ba%e4%b8%ad%e5%9c%b0%e6%96%b9%e6%b3%95%e9%99%a2+103+%e5%b9%b4%e5%ba%a6%e5%bb%ba%e5%ad%97%e7%ac%ac+119+%e8%99%9f%e6%b0%91%e4%ba%8b%e5%88%a4%e6%b1%ba&lawpara=&ot=in,"颱風, 地質, 地下水位, 豪雨",
臺灣臺中地方法院 103 年度建字第 171 號民事判決,https://judgment.judicial.gov.tw/PdfWithLine/GetPDF.ashx?jrecno=103%2c%e5%bb%ba%2c171%2c20200424%2c1&tablename=TCDV&fname=%e8%87%ba%e7%81%a3%e8%87%ba%e4%b8%ad%e5%9c%b0%e6%96%b9%e6%b3%95%e9%99%a2103%e5%b9%b4%e5%ba%a6%e5%bb%ba%e5%ad%97%e7%ac%ac171%e8%99%9f%e6%b0%91%e4%ba%8b%e5%88%a4%e6%b1%ba,"颱風, 豪雨",
臺灣臺中地方法院 103 年度建字第 215 號民事判決,https://judgment.judicial.gov.tw/EXPORTFILE/ExportToPdf.aspx?type=JD&id=TCDV%2c103%2c%e5%bb%ba%2c215%2c20170223%2c2&fname=%e8%87%ba%e7%81%a3%e8%87%ba%e4%b8%ad%e5%9c%b0%e6%96%b9%e6%b3%95%e9%99%a2+103+%e5%b9%b4%e5%ba%a6%e5%bb%ba%e5%ad%97%e7%ac%ac+215+%e8%99%9f%e6%b0%91%e4%ba%8b%e5%88%a4%e6%b1%ba&lawpara=&ot=in,地震,
臺灣臺中地方法院 103 年度建字第 50 號民事判決,https://judgment.judicial.gov.tw/EXPORTFILE/ExportToPdf.aspx?type=JD&id=TCDV%2c103%2c%e5%bb%ba%2c50%2c20180417%2c4&fname=%e8%87%ba%e7%81%a3%e8%87%ba%e4%b8%ad%e5%9c%b0%e6%96%b9%e6%b3%95%e9%99%a2+103+%e5%b9%b4%e5%ba%a6%e5%bb%ba%e5%ad%97%e7%ac%ac+50+%e8%99%9f%e6%b0%91%e4%ba%8b%e5%88%a4%e6%b1%ba&lawpara=&ot=in,"颱風, 豪雨",
臺灣臺中地方法院 103 年度建字第 95 號民事判決,https://judgment.judicial.gov.tw/EXPORTFILE/ExportToPdf.aspx?type=JD&id=TCDV%2c103%2c%e5%bb%ba%2c95%2c20180111%2c1&fname=%e8%87%ba%e7%81%a3%e8%87%ba%e4%b8%ad%e5%9c%b0%e6%96%b9%e6%b3%95%e9%99%a2+103+%e5%b9%b4%e5%ba%a6%e5%bb%ba%e5%ad%97%e7%ac%ac+95+%e8%99%9f%e6%b0%91%e4%ba%8b%e5%88%a4%e6%b1%ba&lawpara=&ot=in,戰爭,
臺灣臺中地方法院 103 年度建字第 98 號民事判決,https://judgment.judicial.gov.tw/EXPORTFILE/ExportToPdf.aspx?type=JD&id=TCDV%2c103%2c%e5%bb%ba%2c98%2c20161028%2c1&fname=%e8%87%ba%e7%81%a3%e8%87%ba%e4%b8%ad%e5%9c%b0%e6%96%b9%e6%b3%95%e9%99%a2+103+%e5%b9%b4%e5%ba%a6%e5%bb%ba%e5%ad%97%e7%ac%ac+98+%e8%99%9f%e6%b0%91%e4%ba%8b%e5%88%a4%e6%b1%ba&lawpara=&ot=in,"地質, 地下水位",
臺灣臺中地方法院 104 年度仲訴字第 3 號民事判決,https://judgment.judicial.gov.tw/EXPORTFILE/ExportToPdf.aspx?type=JD&id=TCDV%2c104%2c%e4%bb%b2%e8%a8%b4%2c3%2c20161207%2c2&fname=%e8%87%ba%e7%81%a3%e8%87%ba%e4%b8%ad%e5%9c%b0%e6%96%b9%e6%b3%95%e9%99%a2+104+%e5%b9%b4%e5%ba%a6%e4%bb%b2%e8%a8%b4%e5%ad%97%e7%ac%ac+3+%e8%99%9f%e6%b0%91%e4%ba%8b%e5%88%a4%e6%b1%ba&lawpara=&ot=in,"颱風, 地質, 地形",
臺灣臺中地方法院 104 年度建字第 106 號民事判決,https://judgment.judicial.gov.tw/EXPORTFILE/ExportToPdf.aspx?type=JD&id=TCDV%2c104%2c%e5%bb%ba%2c106%2c20161222%2c1&fname=%e8%87%ba%e7%81%a3%e8%87%ba%e4%b8%ad%e5%9c%b0%e6%96%b9%e6%b3%95%e9%99%a2+104+%e5%b9%b4%e5%ba%a6%e5%bb%ba%e5%ad%97%e7%ac%ac+106+%e8%99%9f%e6%b0%91%e4%ba%8b%e5%88%a4%e6%b1%ba&lawpara=&ot=in,地質,
臺灣臺中地方法院 104 年度建字第 112 號民事判決,https://judgment.judicial.gov.tw/PdfWithLine/GetPDF.ashx?jrecno=104%2c%e5%bb%ba%2c112%2c20190621%2c3&tablename=TCDV&fname=%e8%87%ba%e7%81%a3%e8%87%ba%e4%b8%ad%e5%9c%b0%e6%96%b9%e6%b3%95%e9%99%a2104%e5%b9%b4%e5%ba%a6%e5%bb%ba%e5%ad%97%e7%ac%ac112%e8%99%9f%e6%b0%91%e4%ba%8b%e5%88%a4%e6%b1%ba,地形,
臺灣臺中地方法院 104 年度建字第 116 號民事判決,https://judgment.judicial.gov.tw/PdfWithLine/GetPDF.ashx?jrecno=104%2c%e5%bb%ba%2c116%2c20190214%2c1&tablename=TCDV&fname=%e8%87%ba%e7%81%a3%e8%87%ba%e4%b8%ad%e5%9c%b0%e6%96%b9%e6%b3%95%e9%99%a2104%e5%b9%b4%e5%ba%a6%e5%bb%ba%e5%ad%97%e7%ac%ac116%e8%99%9f%e6%b0%91%e4%ba%8b%e5%88%a4%e6%b1%ba,地形,
臺灣臺中地方法院 104 年度建字第 131 號民事判決,https://judgment.judicial.gov.tw/EXPORTFILE/ExportToPdf.aspx?type=JD&id=TCDV%2c104%2c%e5%bb%ba%2c131%2c20171018%2c1&fname=%e8%87%ba%e7%81%a3%e8%87%ba%e4%b8%ad%e5%9c%b0%e6%96%b9%e6%b3%95%e9%99%a2+104+%e5%b9%b4%e5%ba%a6%e5%bb%ba%e5%ad%97%e7%ac%ac+131+%e8%99%9f%e6%b0%91%e4%ba%8b%e5%88%a4%e6%b1%ba&lawpara=&ot=in,"戰爭, 地質",
臺灣臺中地方法院 104 年度建字第 39 號民事判決,https://judgment.judicial.gov.tw/PdfWithLine/GetPDF.ashx?jrecno=104%2c%e5%bb%ba%2c39%2c20191009%2c1&tablename=TCDV&fname=%e8%87%ba%e7%81%a3%e8%87%ba%e4%b8%ad%e5%9c%b0%e6%96%b9%e6%b3%95%e9%99%a2104%e5%b9%b4%e5%ba%a6%e5%bb%ba%e5%ad%97%e7%ac%ac39%e8%99%9f%e6%b0%91%e4%ba%8b%e5%88%a4%e6%b1%ba,"戰爭, 地質, 地貌, 地形",
臺灣臺中地方法院 104 年度建字第 49 號民事判決,https://judgment.judicial.gov.tw/EXPORTFILE/ExportToPdf.aspx?type=JD&id=TCDV%2c104%2c%e5%bb%ba%2c49%2c20170629%2c1&fname=%e8%87%ba%e7%81%a3%e8%87%ba%e4%b8%ad%e5%9c%b0%e6%96%b9%e6%b3%95%e9%99%a2+104+%e5%b9%b4%e5%ba%a6%e5%bb%ba%e5%ad%97%e7%ac%ac+49+%e8%99%9f%e6%b0%91%e4%ba%8b%e5%88%a4%e6%b1%ba&lawpara=&ot=in,"地質, 風災, 風災, 颱風, 豪雨",
臺灣臺中地方法院 105 年度建字第 10 號民事判決,https://judgment.judicial.gov.tw/EXPORTFILE/ExportToPdf.aspx?type=JD&id=TCDV%2c105%2c%e5%bb%ba%2c10%2c20170628%2c1&fname=%e8%87%ba%e7%81%a3%e8%87%ba%e4%b8%ad%e5%9c%b0%e6%96%b9%e6%b3%95%e9%99%a2+105+%e5%b9%b4%e5%ba%a6%e5%bb%ba%e5%ad%97%e7%ac%ac+10+%e8%99%9f%e6%b0%91%e4%ba%8b%e5%88%a4%e6%b1%ba&lawpara=&ot=in,"颱風, 陰雨",
臺灣臺中地方法院 105 年度建字第 123 號民事判決,https://judgment.judicial.gov.tw/EXPORTFILE/ExportToPdf.aspx?type=JD&id=TCDV%2c105%2c%e5%bb%ba%2c123%2c20180131%2c2&fname=%e8%87%ba%e7%81%a3%e8%87%ba%e4%b8%ad%e5%9c%b0%e6%96%b9%e6%b3%95%e9%99%a2+105+%e5%b9%b4%e5%ba%a6%e5%bb%ba%e5%ad%97%e7%ac%ac+123+%e8%99%9f%e6%b0%91%e4%ba%8b%e5%88%a4%e6%b1%ba&lawpara=&ot=in,颱風,
臺灣臺中地方法院 105 年度建字第 125 號民事判決,https://judgment.judicial.gov.tw/EXPORTFILE/ExportToPdf.aspx?type=JD&id=TCDV%2c105%2c%e5%bb%ba%2c125%2c20180517%2c2&fname=%e8%87%ba%e7%81%a3%e8%87%ba%e4%b8%ad%e5%9c%b0%e6%96%b9%e6%b3%95%e9%99%a2+105+%e5%b9%b4%e5%ba%a6%e5%bb%ba%e5%ad%97%e7%ac%ac+125+%e8%99%9f%e6%b0%91%e4%ba%8b%e5%88%a4%e6%b1%ba&lawpara=&ot=in,地震,
臺灣臺中地方法院 105 年度建字第 56 號民事判決,https://judgment.judicial.gov.tw/EXPORTFILE/ExportToPdf.aspx?type=JD&id=TCDV%2c105%2c%e5%bb%ba%2c56%2c20171012%2c1&fname=%e8%87%ba%e7%81%a3%e8%87%ba%e4%b8%ad%e5%9c%b0%e6%96%b9%e6%b3%95%e9%99%a2+105+%e5%b9%b4%e5%ba%a6%e5%bb%ba%e5%ad%97%e7%ac%ac+56+%e8%99%9f%e6%b0%91%e4%ba%8b%e5%88%a4%e6%b1%ba&lawpara=&ot=in,"颱風, 地質, 地下水位, 淹水",
臺灣臺中地方法院 106 年度建字第 142 號民事判決,https://judgment.judicial.gov.tw/PdfWithLine/GetPDF.ashx?jrecno=106%2c%e5%bb%ba%2c142%2c20190221%2c1&tablename=TCDV&fname=%e8%87%ba%e7%81%a3%e8%87%ba%e4%b8%ad%e5%9c%b0%e6%96%b9%e6%b3%95%e9%99%a2106%e5%b9%b4%e5%ba%a6%e5%bb%ba%e5%ad%97%e7%ac%ac142%e8%99%9f%e6%b0%91%e4%ba%8b%e5%88%a4%e6%b1%ba,"颱風, 地質, 地形",
臺灣臺中地方法院 106 年度建字第 2 號民事判決,https://judgment.judicial.gov.tw/EXPORTFILE/ExportToPdf.aspx?type=JD&id=TCDV%2c106%2c%e5%bb%ba%2c2%2c20171003%2c2&fname=%e8%87%ba%e7%81%a3%e8%87%ba%e4%b8%ad%e5%9c%b0%e6%96%b9%e6%b3%95%e9%99%a2+106+%e5%b9%b4%e5%ba%a6%e5%bb%ba%e5%ad%97%e7%ac%ac+2+%e8%99%9f%e6%b0%91%e4%ba%8b%e5%88%a4%e6%b1%ba&lawpara=&ot=in,地質,
臺灣臺中地方法院 106 年度建字第 36 號民事判決,https://judgment.judicial.gov.tw/PdfWithLine/GetPDF.ashx?jrecno=106%2c%e5%bb%ba%2c36%2c20200206%2c1&tablename=TCDV&fname=%e8%87%ba%e7%81%a3%e8%87%ba%e4%b8%ad%e5%9c%b0%e6%96%b9%e6%b3%95%e9%99%a2106%e5%b9%b4%e5%ba%a6%e5%bb%ba%e5%ad%97%e7%ac%ac36%e8%99%9f%e6%b0%91%e4%ba%8b%e5%88%a4%e6%b1%ba,"颱風, 豪雨",
臺灣臺中地方法院 106 年度建字第 69 號民事判決,https://judgment.judicial.gov.tw/PdfWithLine/GetPDF.ashx?jrecno=106%2c%e5%bb%ba%2c69%2c20201228%2c1&tablename=TCDV&fname=%e8%87%ba%e7%81%a3%e8%87%ba%e4%b8%ad%e5%9c%b0%e6%96%b9%e6%b3%95%e9%99%a2106%e5%b9%b4%e5%ba%a6%e5%bb%ba%e5%ad%97%e7%ac%ac69%e8%99%9f%e6%b0%91%e4%ba%8b%e5%88%a4%e6%b1%ba,"地下水位, 陰雨, 豪雨, 颱風, 地質",
臺灣臺中地方法院 107 年度建字第 15 號民事判決,https://judgment.judicial.gov.tw/FILES/TCDV/107%2c%e5%bb%ba%2c15%2c20211008%2c1.pdf,"颱風, 地質, 地下水位, 地形",
臺灣臺中地方法院 108 年度建字第 16 號民事判決,https://judgment.judicial.gov.tw/PdfWithLine/GetPDF.ashx?jrecno=108%2c%e5%bb%ba%2c16%2c20210308%2c2&tablename=TCDV&fname=%e8%87%ba%e7%81%a3%e8%87%ba%e4%b8%ad%e5%9c%b0%e6%96%b9%e6%b3%95%e9%99%a2108%e5%b9%b4%e5%ba%a6%e5%bb%ba%e5%ad%97%e7%ac%ac16%e8%99%9f%e6%b0%91%e4%ba%8b%e5%88%a4%e6%b1%ba,地質,
臺灣臺中地方法院 108 年度建字第 46 號民事判決,https://judgment.judicial.gov.tw/FILES/TCDV/108%2c%e5%bb%ba%2c46%2c20230222%2c1.pdf,地質,
臺灣臺中地方法院 109 年度建字第 16 號民事判決,https://judgment.judicial.gov.tw/PdfWithLine/GetPDF.ashx?jrecno=109%2c%e5%bb%ba%2c16%2c20210303%2c1&tablename=TCDV&fname=%e8%87%ba%e7%81%a3%e8%87%ba%e4%b8%ad%e5%9c%b0%e6%96%b9%e6%b3%95%e9%99%a2109%e5%b9%b4%e5%ba%a6%e5%bb%ba%e5%ad%97%e7%ac%ac16%e8%99%9f%e6%b0%91%e4%ba%8b%e5%88%a4%e6%b1%ba,颱風,
臺灣臺中地方法院 109 年度重訴字第 93 號民事判決,https://judgment.judicial.gov.tw/FILES/TCDV/109%2c%e9%87%8d%e8%a8%b4%2c93%2c20220527%2c1.pdf,"地質, 地形",
臺灣臺中地方法院 91 年度重訴字第 1376 號民事判決,https://judgment.judicial.gov.tw/EXPORTFILE/ExportToPdf.aspx?type=JD&id=TCDV%2c91%2c%e9%87%8d%e8%a8%b4%2c1376%2c20060418%2c2&fname=%e8%87%ba%e7%81%a3%e8%87%ba%e4%b8%ad%e5%9c%b0%e6%96%b9%e6%b3%95%e9%99%a2+91+%e5%b9%b4%e5%ba%a6%e9%87%8d%e8%a8%b4%e5%ad%97%e7%ac%ac+1376+%e8%99%9f%e6%b0%91%e4%ba%8b%e5%88%a4%e6%b1%ba&lawpara=&ot=in,"地質, 地貌, 地形",
臺灣臺中地方法院 94 年度建字第 44 號民事判決,https://judgment.judicial.gov.tw/EXPORTFILE/ExportToPdf.aspx?type=JD&id=TCDV%2c94%2c%e5%bb%ba%2c44%2c20060207%2c1&fname=%e8%87%ba%e7%81%a3%e8%87%ba%e4%b8%ad%e5%9c%b0%e6%96%b9%e6%b3%95%e9%99%a2+94+%e5%b9%b4%e5%ba%a6%e5%bb%ba%e5%ad%97%e7%ac%ac+44+%e8%99%9f%e6%b0%91%e4%ba%8b%e5%88%a4%e6%b1%ba&lawpara=&ot=in,豪雨,
臺灣臺中地方法院 96 年度建字第 16 號民事判決,https://judgment.judicial.gov.tw/EXPORTFILE/ExportToPdf.aspx?type=JD&id=TCDV%2c96%2c%e5%bb%ba%2c16%2c20090710%2c1&fname=%e8%87%ba%e7%81%a3%e8%87%ba%e4%b8%ad%e5%9c%b0%e6%96%b9%e6%b3%95%e9%99%a2+96+%e5%b9%b4%e5%ba%a6%e5%bb%ba%e5%ad%97%e7%ac%ac+16+%e8%99%9f%e6%b0%91%e4%ba%8b%e5%88%a4%e6%b1%ba&lawpara=&ot=in,"豪雨, 地震",
臺灣臺中地方法院 96 年度建字第 91 號民事判決,https://judgment.judicial.gov.tw/EXPORTFILE/ExportToPdf.aspx?type=JD&id=TCDV%2c96%2c%e5%bb%ba%2c91%2c20091231%2c1&fname=%e8%87%ba%e7%81%a3%e8%87%ba%e4%b8%ad%e5%9c%b0%e6%96%b9%e6%b3%95%e9%99%a2+96+%e5%b9%b4%e5%ba%a6%e5%bb%ba%e5%ad%97%e7%ac%ac+91+%e8%99%9f%e6%b0%91%e4%ba%8b%e5%88%a4%e6%b1%ba&lawpara=&ot=in,"風災, 地震",
臺灣臺中地方法院 97 年度建字第 108 號民事判決,https://judgment.judicial.gov.tw/EXPORTFILE/ExportToPdf.aspx?type=JD&id=TCDV%2c97%2c%e5%bb%ba%2c108%2c20091020%2c1&fname=%e8%87%ba%e7%81%a3%e8%87%ba%e4%b8%ad%e5%9c%b0%e6%96%b9%e6%b3%95%e9%99%a2+97+%e5%b9%b4%e5%ba%a6%e5%bb%ba%e5%ad%97%e7%ac%ac+108+%e8%99%9f%e6%b0%91%e4%ba%8b%e5%88%a4%e6%b1%ba&lawpara=&ot=in,地震,
臺灣臺中地方法院 97 年度建字第 193 號民事判決,https://judgment.judicial.gov.tw/EXPORTFILE/ExportToPdf.aspx?type=JD&id=TCDV%2c97%2c%e5%bb%ba%2c193%2c20100521%2c1&fname=%e8%87%ba%e7%81%a3%e8%87%ba%e4%b8%ad%e5%9c%b0%e6%96%b9%e6%b3%95%e9%99%a2+97+%e5%b9%b4%e5%ba%a6%e5%bb%ba%e5%ad%97%e7%ac%ac+193+%e8%99%9f%e6%b0%91%e4%ba%8b%e5%88%a4%e6%b1%ba&lawpara=&ot=in,"地質, 地形",
臺灣臺中地方法院 97 年度建字第 28 號民事判決,https://judgment.judicial.gov.tw/EXPORTFILE/ExportToPdf.aspx?type=JD&id=TCDV%2c97%2c%e5%bb%ba%2c28%2c20090623%2c3&fname=%e8%87%ba%e7%81%a3%e8%87%ba%e4%b8%ad%e5%9c%b0%e6%96%b9%e6%b3%95%e9%99%a2+97+%e5%b9%b4%e5%ba%a6%e5%bb%ba%e5%ad%97%e7%ac%ac+28+%e8%99%9f%e6%b0%91%e4%ba%8b%e5%88%a4%e6%b1%ba&lawpara=&ot=in,地震,
臺灣臺中地方法院 97 年度建字第 29 號民事判決,https://judgment.judicial.gov.tw/EXPORTFILE/ExportToPdf.aspx?type=JD&id=TCDV%2c97%2c%e5%bb%ba%2c29%2c20091014%2c1&fname=%e8%87%ba%e7%81%a3%e8%87%ba%e4%b8%ad%e5%9c%b0%e6%96%b9%e6%b3%95%e9%99%a2+97+%e5%b9%b4%e5%ba%a6%e5%bb%ba%e5%ad%97%e7%ac%ac+29+%e8%99%9f%e6%b0%91%e4%ba%8b%e5%88%a4%e6%b1%ba&lawpara=&ot=in,地震,
臺灣臺中地方法院 97 年度建字第 72 號民事判決,https://judgment.judicial.gov.tw/EXPORTFILE/ExportToPdf.aspx?type=JD&id=TCDV%2c97%2c%e5%bb%ba%2c72%2c20080815%2c1&fname=%e8%87%ba%e7%81%a3%e8%87%ba%e4%b8%ad%e5%9c%b0%e6%96%b9%e6%b3%95%e9%99%a2+97+%e5%b9%b4%e5%ba%a6%e5%bb%ba%e5%ad%97%e7%ac%ac+72+%e8%99%9f%e6%b0%91%e4%ba%8b%e5%88%a4%e6%b1%ba&lawpara=&ot=in,地形,
臺灣臺中地方法院 98 年度仲訴字第 4 號民事判決,https://judgment.judicial.gov.tw/EXPORTFILE/ExportToPdf.aspx?type=JD&id=TCDV%2c98%2c%e4%bb%b2%e8%a8%b4%2c4%2c20091204%2c1&fname=%e8%87%ba%e7%81%a3%e8%87%ba%e4%b8%ad%e5%9c%b0%e6%96%b9%e6%b3%95%e9%99%a2+98+%e5%b9%b4%e5%ba%a6%e4%bb%b2%e8%a8%b4%e5%ad%97%e7%ac%ac+4+%e8%99%9f%e6%b0%91%e4%ba%8b%e5%88%a4%e6%b1%ba&lawpara=&ot=in,水災,
臺灣臺中地方法院 98 年度建字第 117 號民事判決,https://judgment.judicial.gov.tw/EXPORTFILE/ExportToPdf.aspx?type=JD&id=TCDV%2c98%2c%e5%bb%ba%2c117%2c20110428%2c1&fname=%e8%87%ba%e7%81%a3%e8%87%ba%e4%b8%ad%e5%9c%b0%e6%96%b9%e6%b3%95%e9%99%a2+98+%e5%b9%b4%e5%ba%a6%e5%bb%ba%e5%ad%97%e7%ac%ac+117+%e8%99%9f%e6%b0%91%e4%ba%8b%e5%88%a4%e6%b1%ba&lawpara=&ot=in,"地貌, 風災, 風災, 颱風, 洪水, 水災, 豪雨, 地形",
臺灣臺中地方法院 98 年度建字第 117 號民事裁定,https://judgment.judicial.gov.tw/EXPORTFILE/ExportToPdf.aspx?type=JD&id=TCDV%2c98%2c%e5%bb%ba%2c117%2c20110822%2c5&fname=%e8%87%ba%e7%81%a3%e8%87%ba%e4%b8%ad%e5%9c%b0%e6%96%b9%e6%b3%95%e9%99%a2+98+%e5%b9%b4%e5%ba%a6%e5%bb%ba%e5%ad%97%e7%ac%ac+117+%e8%99%9f%e6%b0%91%e4%ba%8b%e8%a3%81%e5%ae%9a&lawpara=&ot=in,"颱風, 地貌, 地形",
臺灣臺中地方法院 98 年度建字第 129 號民事判決,https://judgment.judicial.gov.tw/EXPORTFILE/ExportToPdf.aspx?type=JD&id=TCDV%2c98%2c%e5%bb%ba%2c129%2c20110520%2c1&fname=%e8%87%ba%e7%81%a3%e8%87%ba%e4%b8%ad%e5%9c%b0%e6%96%b9%e6%b3%95%e9%99%a2+98+%e5%b9%b4%e5%ba%a6%e5%bb%ba%e5%ad%97%e7%ac%ac+129+%e8%99%9f%e6%b0%91%e4%ba%8b%e5%88%a4%e6%b1%ba&lawpara=&ot=in,地質,
臺灣臺中地方法院 98 年度建字第 159 號民事判決,https://judgment.judicial.gov.tw/EXPORTFILE/ExportToPdf.aspx?type=JD&id=TCDV%2c98%2c%e5%bb%ba%2c159%2c20100416%2c1&fname=%e8%87%ba%e7%81%a3%e8%87%ba%e4%b8%ad%e5%9c%b0%e6%96%b9%e6%b3%95%e9%99%a2+98+%e5%b9%b4%e5%ba%a6%e5%bb%ba%e5%ad%97%e7%ac%ac+159+%e8%99%9f%e6%b0%91%e4%ba%8b%e5%88%a4%e6%b1%ba&lawpara=&ot=in,"地質, 地下水位",
臺灣臺中地方法院 98 年度建字第 36 號民事判決,https://judgment.judicial.gov.tw/EXPORTFILE/ExportToPdf.aspx?type=JD&id=TCDV%2c98%2c%e5%bb%ba%2c36%2c20100415%2c1&fname=%e8%87%ba%e7%81%a3%e8%87%ba%e4%b8%ad%e5%9c%b0%e6%96%b9%e6%b3%95%e9%99%a2+98+%e5%b9%b4%e5%ba%a6%e5%bb%ba%e5%ad%97%e7%ac%ac+36+%e8%99%9f%e6%b0%91%e4%ba%8b%e5%88%a4%e6%b1%ba&lawpara=&ot=in,地質,
臺灣臺中地方法院 98 年度建字第 96 號民事判決,https://judgment.judicial.gov.tw/EXPORTFILE/ExportToPdf.aspx?type=JD&id=TCDV%2c98%2c%e5%bb%ba%2c96%2c20110531%2c1&fname=%e8%87%ba%e7%81%a3%e8%87%ba%e4%b8%ad%e5%9c%b0%e6%96%b9%e6%b3%95%e9%99%a2+98+%e5%b9%b4%e5%ba%a6%e5%bb%ba%e5%ad%97%e7%ac%ac+96+%e8%99%9f%e6%b0%91%e4%ba%8b%e5%88%a4%e6%b1%ba&lawpara=&ot=in,地質,
臺灣臺中地方法院 99 年度建字第 123 號民事判決,https://judgment.judicial.gov.tw/EXPORTFILE/ExportToPdf.aspx?type=JD&id=TCDV%2c99%2c%e5%bb%ba%2c123%2c20140307%2c2&fname=%e8%87%ba%e7%81%a3%e8%87%ba%e4%b8%ad%e5%9c%b0%e6%96%b9%e6%b3%95%e9%99%a2+99+%e5%b9%b4%e5%ba%a6%e5%bb%ba%e5%ad%97%e7%ac%ac+123+%e8%99%9f%e6%b0%91%e4%ba%8b%e5%88%a4%e6%b1%ba&lawpara=&ot=in,"地貌, 風災, 風災, 颱風, 水災, 豪雨, 地質, 地形",
臺灣臺中地方法院 99 年度建字第 92 號民事判決,https://judgment.judicial.gov.tw/EXPORTFILE/ExportToPdf.aspx?type=JD&id=TCDV%2c99%2c%e5%bb%ba%2c92%2c20110218%2c2&fname=%e8%87%ba%e7%81%a3%e8%87%ba%e4%b8%ad%e5%9c%b0%e6%96%b9%e6%b3%95%e9%99%a2+99+%e5%b9%b4%e5%ba%a6%e5%bb%ba%e5%ad%97%e7%ac%ac+92+%e8%99%9f%e6%b0%91%e4%ba%8b%e5%88%a4%e6%b1%ba&lawpara=&ot=in,"豪雨, 地形",
臺灣臺北地方法院 100 年度建字第 103 號民事判決,https://judgment.judicial.gov.tw/EXPORTFILE/ExportToPdf.aspx?type=JD&id=TPDV%2c100%2c%e5%bb%ba%2c103%2c20111229%2c1&fname=%e8%87%ba%e7%81%a3%e8%87%ba%e5%8c%97%e5%9c%b0%e6%96%b9%e6%b3%95%e9%99%a2+100+%e5%b9%b4%e5%ba%a6%e5%bb%ba%e5%ad%97%e7%ac%ac+103+%e8%99%9f%e6%b0%91%e4%ba%8b%e5%88%a4%e6%b1%ba&lawpara=&ot=in,"颱風, 地質, 地震",
臺灣臺北地方法院 100 年度建字第 107 號民事判決,https://judgment.judicial.gov.tw/EXPORTFILE/ExportToPdf.aspx?type=JD&id=TPDV%2c100%2c%e5%bb%ba%2c107%2c20111028%2c1&fname=%e8%87%ba%e7%81%a3%e8%87%ba%e5%8c%97%e5%9c%b0%e6%96%b9%e6%b3%95%e9%99%a2+100+%e5%b9%b4%e5%ba%a6%e5%bb%ba%e5%ad%97%e7%ac%ac+107+%e8%99%9f%e6%b0%91%e4%ba%8b%e5%88%a4%e6%b1%ba&lawpara=&ot=in,颱風,
臺灣臺北地方法院 100 年度建字第 228 號民事判決,https://judgment.judicial.gov.tw/EXPORTFILE/ExportToPdf.aspx?type=JD&id=TPDV%2c100%2c%e5%bb%ba%2c228%2c20130315%2c2&fname=%e8%87%ba%e7%81%a3%e8%87%ba%e5%8c%97%e5%9c%b0%e6%96%b9%e6%b3%95%e9%99%a2+100+%e5%b9%b4%e5%ba%a6%e5%bb%ba%e5%ad%97%e7%ac%ac+228+%e8%99%9f%e6%b0%91%e4%ba%8b%e5%88%a4%e6%b1%ba&lawpara=&ot=in,"地下水位, 洪水",
臺灣臺北地方法院 100 年度建字第 279 號民事判決,https://judgment.judicial.gov.tw/EXPORTFILE/ExportToPdf.aspx?type=JD&id=TPDV%2c100%2c%e5%bb%ba%2c279%2c20120410%2c1&fname=%e8%87%ba%e7%81%a3%e8%87%ba%e5%8c%97%e5%9c%b0%e6%96%b9%e6%b3%95%e9%99%a2+100+%e5%b9%b4%e5%ba%a6%e5%bb%ba%e5%ad%97%e7%ac%ac+279+%e8%99%9f%e6%b0%91%e4%ba%8b%e5%88%a4%e6%b1%ba&lawpara=&ot=in,"地質, 地下水位, 地形",
臺灣臺北地方法院 100 年度建字第 36 號民事判決,https://judgment.judicial.gov.tw/FILES/TPDV/100%2c%e5%bb%ba%2c36%2c20200923%2c3.pdf,颱風,
臺灣臺北地方法院 100 年度建字第 364 號民事判決,https://judgment.judicial.gov.tw/EXPORTFILE/ExportToPdf.aspx?type=JD&id=TPDV%2c100%2c%e5%bb%ba%2c364%2c20130731%2c1&fname=%e8%87%ba%e7%81%a3%e8%87%ba%e5%8c%97%e5%9c%b0%e6%96%b9%e6%b3%95%e9%99%a2+100+%e5%b9%b4%e5%ba%a6%e5%bb%ba%e5%ad%97%e7%ac%ac+364+%e8%99%9f%e6%b0%91%e4%ba%8b%e5%88%a4%e6%b1%ba&lawpara=&ot=in,"颱風, 地質, 地震",
臺灣臺北地方法院 101 年度建字第 122 號民事判決,https://judgment.judicial.gov.tw/EXPORTFILE/ExportToPdf.aspx?type=JD&id=TPDV%2c101%2c%e5%bb%ba%2c122%2c20131217%2c6&fname=%e8%87%ba%e7%81%a3%e8%87%ba%e5%8c%97%e5%9c%b0%e6%96%b9%e6%b3%95%e9%99%a2+101+%e5%b9%b4%e5%ba%a6%e5%bb%ba%e5%ad%97%e7%ac%ac+122+%e8%99%9f%e6%b0%91%e4%ba%8b%e5%88%a4%e6%b1%ba&lawpara=&ot=in,颱風,
臺灣臺北地方法院 101 年度建字第 141 號民事判決,https://judgment.judicial.gov.tw/EXPORTFILE/ExportToPdf.aspx?type=JD&id=TPDV%2c101%2c%e5%bb%ba%2c141%2c20121211%2c1&fname=%e8%87%ba%e7%81%a3%e8%87%ba%e5%8c%97%e5%9c%b0%e6%96%b9%e6%b3%95%e9%99%a2+101+%e5%b9%b4%e5%ba%a6%e5%bb%ba%e5%ad%97%e7%ac%ac+141+%e8%99%9f%e6%b0%91%e4%ba%8b%e5%88%a4%e6%b1%ba&lawpara=&ot=in,"颱風, 地質",
臺灣臺北地方法院 101 年度建字第 216 號民事判決,https://judgment.judicial.gov.tw/EXPORTFILE/ExportToPdf.aspx?type=JD&id=TPDV%2c101%2c%e5%bb%ba%2c216%2c20130329%2c1&fname=%e8%87%ba%e7%81%a3%e8%87%ba%e5%8c%97%e5%9c%b0%e6%96%b9%e6%b3%95%e9%99%a2+101+%e5%b9%b4%e5%ba%a6%e5%bb%ba%e5%ad%97%e7%ac%ac+216+%e8%99%9f%e6%b0%91%e4%ba%8b%e5%88%a4%e6%b1%ba&lawpara=&ot=in,風災,
臺灣臺北地方法院 101 年度建字第 241 號民事判決,https://judgment.judicial.gov.tw/EXPORTFILE/ExportToPdf.aspx?type=JD&id=TPDV%2c101%2c%e5%bb%ba%2c241%2c20130306%2c1&fname=%e8%87%ba%e7%81%a3%e8%87%ba%e5%8c%97%e5%9c%b0%e6%96%b9%e6%b3%95%e9%99%a2+101+%e5%b9%b4%e5%ba%a6%e5%bb%ba%e5%ad%97%e7%ac%ac+241+%e8%99%9f%e6%b0%91%e4%ba%8b%e5%88%a4%e6%b1%ba&lawpara=&ot=in,颱風,
臺灣臺北地方法院 101 年度建字第 242 號民事判決,https://judgment.judicial.gov.tw/EXPORTFILE/ExportToPdf.aspx?type=JD&id=TPDV%2c101%2c%e5%bb%ba%2c242%2c20130531%2c3&fname=%e8%87%ba%e7%81%a3%e8%87%ba%e5%8c%97%e5%9c%b0%e6%96%b9%e6%b3%95%e9%99%a2+101+%e5%b9%b4%e5%ba%a6%e5%bb%ba%e5%ad%97%e7%ac%ac+242+%e8%99%9f%e6%b0%91%e4%ba%8b%e5%88%a4%e6%b1%ba&lawpara=&ot=in,"颱風, 地質",
臺灣臺北地方法院 101 年度建字第 243 號民事判決,https://judgment.judicial.gov.tw/EXPORTFILE/ExportToPdf.aspx?type=JD&id=TPDV%2c101%2c%e5%bb%ba%2c243%2c20130606%2c1&fname=%e8%87%ba%e7%81%a3%e8%87%ba%e5%8c%97%e5%9c%b0%e6%96%b9%e6%b3%95%e9%99%a2+101+%e5%b9%b4%e5%ba%a6%e5%bb%ba%e5%ad%97%e7%ac%ac+243+%e8%99%9f%e6%b0%91%e4%ba%8b%e5%88%a4%e6%b1%ba&lawpara=&ot=in,颱風,
臺灣臺北地方法院 101 年度建字第 366 號民事判決,https://judgment.judicial.gov.tw/EXPORTFILE/ExportToPdf.aspx?type=JD&id=TPDV%2c101%2c%e5%bb%ba%2c366%2c20150630%2c7&fname=%e8%87%ba%e7%81%a3%e8%87%ba%e5%8c%97%e5%9c%b0%e6%96%b9%e6%b3%95%e9%99%a2+101+%e5%b9%b4%e5%ba%a6%e5%bb%ba%e5%ad%97%e7%ac%ac+366+%e8%99%9f%e6%b0%91%e4%ba%8b%e5%88%a4%e6%b1%ba&lawpara=&ot=in,"颱風, 水災, 淹水, 地形",
臺灣臺北地方法院 101 年度建字第 4 號民事判決,https://judgment.judicial.gov.tw/EXPORTFILE/ExportToPdf.aspx?type=JD&id=TPDV%2c101%2c%e5%bb%ba%2c4%2c20120531%2c1&fname=%e8%87%ba%e7%81%a3%e8%87%ba%e5%8c%97%e5%9c%b0%e6%96%b9%e6%b3%95%e9%99%a2+101+%e5%b9%b4%e5%ba%a6%e5%bb%ba%e5%ad%97%e7%ac%ac+4+%e8%99%9f%e6%b0%91%e4%ba%8b%e5%88%a4%e6%b1%ba&lawpara=&ot=in,地質,
臺灣臺北地方法院 101 年度建字第 51 號民事判決,https://judgment.judicial.gov.tw/EXPORTFILE/ExportToPdf.aspx?type=JD&id=TPDV%2c101%2c%e5%bb%ba%2c51%2c20140926%2c1&fname=%e8%87%ba%e7%81%a3%e8%87%ba%e5%8c%97%e5%9c%b0%e6%96%b9%e6%b3%95%e9%99%a2+101+%e5%b9%b4%e5%ba%a6%e5%bb%ba%e5%ad%97%e7%ac%ac+51+%e8%99%9f%e6%b0%91%e4%ba%8b%e5%88%a4%e6%b1%ba&lawpara=&ot=in,地質,
臺灣臺北地方法院 102 年度建字第 10 號民事判決,https://judgment.judicial.gov.tw/EXPORTFILE/ExportToPdf.aspx?type=JD&id=TPDV%2c102%2c%e5%bb%ba%2c10%2c20140408%2c1&fname=%e8%87%ba%e7%81%a3%e8%87%ba%e5%8c%97%e5%9c%b0%e6%96%b9%e6%b3%95%e9%99%a2+102+%e5%b9%b4%e5%ba%a6%e5%bb%ba%e5%ad%97%e7%ac%ac+10+%e8%99%9f%e6%b0%91%e4%ba%8b%e5%88%a4%e6%b1%ba&lawpara=&ot=in,地質,
臺灣臺北地方法院 102 年度建字第 137 號民事判決,https://judgment.judicial.gov.tw/EXPORTFILE/ExportToPdf.aspx?type=JD&id=TPDV%2c102%2c%e5%bb%ba%2c137%2c20150515%2c6&fname=%e8%87%ba%e7%81%a3%e8%87%ba%e5%8c%97%e5%9c%b0%e6%96%b9%e6%b3%95%e9%99%a2+102+%e5%b9%b4%e5%ba%a6%e5%bb%ba%e5%ad%97%e7%ac%ac+137+%e8%99%9f%e6%b0%91%e4%ba%8b%e5%88%a4%e6%b1%ba&lawpara=&ot=in,"颱風, 地質",
臺灣臺北地方法院 102 年度建字第 151 號民事判決,https://judgment.judicial.gov.tw/EXPORTFILE/ExportToPdf.aspx?type=JD&id=TPDV%2c102%2c%e5%bb%ba%2c151%2c20160412%2c1&fname=%e8%87%ba%e7%81%a3%e8%87%ba%e5%8c%97%e5%9c%b0%e6%96%b9%e6%b3%95%e9%99%a2+102+%e5%b9%b4%e5%ba%a6%e5%bb%ba%e5%ad%97%e7%ac%ac+151+%e8%99%9f%e6%b0%91%e4%ba%8b%e5%88%a4%e6%b1%ba&lawpara=&ot=in,颱風,
臺灣臺北地方法院 102 年度建字第 163 號民事判決,https://judgment.judicial.gov.tw/EXPORTFILE/ExportToPdf.aspx?type=JD&id=TPDV%2c102%2c%e5%bb%ba%2c163%2c20140530%2c2&fname=%e8%87%ba%e7%81%a3%e8%87%ba%e5%8c%97%e5%9c%b0%e6%96%b9%e6%b3%95%e9%99%a2+102+%e5%b9%b4%e5%ba%a6%e5%bb%ba%e5%ad%97%e7%ac%ac+163+%e8%99%9f%e6%b0%91%e4%ba%8b%e5%88%a4%e6%b1%ba&lawpara=&ot=in,地質,
臺灣臺北地方法院 102 年度建字第 19 號民事判決,https://judgment.judicial.gov.tw/EXPORTFILE/ExportToPdf.aspx?type=JD&id=TPDV%2c102%2c%e5%bb%ba%2c19%2c20180531%2c2&fname=%e8%87%ba%e7%81%a3%e8%87%ba%e5%8c%97%e5%9c%b0%e6%96%b9%e6%b3%95%e9%99%a2+102+%e5%b9%b4%e5%ba%a6%e5%bb%ba%e5%ad%97%e7%ac%ac+19+%e8%99%9f%e6%b0%91%e4%ba%8b%e5%88%a4%e6%b1%ba&lawpara=&ot=in,地質,
臺灣臺北地方法院 102 年度建字第 195 號民事判決,https://judgment.judicial.gov.tw/EXPORTFILE/ExportToPdf.aspx?type=JD&id=TPDV%2c102%2c%e5%bb%ba%2c195%2c20171212%2c1&fname=%e8%87%ba%e7%81%a3%e8%87%ba%e5%8c%97%e5%9c%b0%e6%96%b9%e6%b3%95%e9%99%a2+102+%e5%b9%b4%e5%ba%a6%e5%bb%ba%e5%ad%97%e7%ac%ac+195+%e8%99%9f%e6%b0%91%e4%ba%8b%e5%88%a4%e6%b1%ba&lawpara=&ot=in,"颱風, 地質",
臺灣臺北地方法院 102 年度建字第 240 號民事判決,https://judgment.judicial.gov.tw/EXPORTFILE/ExportToPdf.aspx?type=JD&id=TPDV%2c102%2c%e5%bb%ba%2c240%2c20160331%2c1&fname=%e8%87%ba%e7%81%a3%e8%87%ba%e5%8c%97%e5%9c%b0%e6%96%b9%e6%b3%95%e9%99%a2+102+%e5%b9%b4%e5%ba%a6%e5%bb%ba%e5%ad%97%e7%ac%ac+240+%e8%99%9f%e6%b0%91%e4%ba%8b%e5%88%a4%e6%b1%ba&lawpara=&ot=in,地震,
臺灣臺北地方法院 102 年度建字第 279 號民事判決,https://judgment.judicial.gov.tw/EXPORTFILE/ExportToPdf.aspx?type=JD&id=TPDV%2c102%2c%e5%bb%ba%2c279%2c20161019%2c1&fname=%e8%87%ba%e7%81%a3%e8%87%ba%e5%8c%97%e5%9c%b0%e6%96%b9%e6%b3%95%e9%99%a2+102+%e5%b9%b4%e5%ba%a6%e5%bb%ba%e5%ad%97%e7%ac%ac+279+%e8%99%9f%e6%b0%91%e4%ba%8b%e5%88%a4%e6%b1%ba&lawpara=&ot=in,地質,
臺灣臺北地方法院 102 年度建字第 285 號民事判決,https://judgment.judicial.gov.tw/EXPORTFILE/ExportToPdf.aspx?type=JD&id=TPDV%2c102%2c%e5%bb%ba%2c285%2c20160511%2c1&fname=%e8%87%ba%e7%81%a3%e8%87%ba%e5%8c%97%e5%9c%b0%e6%96%b9%e6%b3%95%e9%99%a2+102+%e5%b9%b4%e5%ba%a6%e5%bb%ba%e5%ad%97%e7%ac%ac+285+%e8%99%9f%e6%b0%91%e4%ba%8b%e5%88%a4%e6%b1%ba&lawpara=&ot=in,颱風,
臺灣臺北地方法院 102 年度建字第 351 號民事判決,https://judgment.judicial.gov.tw/EXPORTFILE/ExportToPdf.aspx?type=JD&id=TPDV%2c102%2c%e5%bb%ba%2c351%2c20140807%2c3&fname=%e8%87%ba%e7%81%a3%e8%87%ba%e5%8c%97%e5%9c%b0%e6%96%b9%e6%b3%95%e9%99%a2+102+%e5%b9%b4%e5%ba%a6%e5%bb%ba%e5%ad%97%e7%ac%ac+351+%e8%99%9f%e6%b0%91%e4%ba%8b%e5%88%a4%e6%b1%ba&lawpara=&ot=in,"颱風, 地質",
臺灣臺北地方法院 102 年度建字第 37 號民事判決,https://judgment.judicial.gov.tw/EXPORTFILE/ExportToPdf.aspx?type=JD&id=TPDV%2c102%2c%e5%bb%ba%2c37%2c20150925%2c1&fname=%e8%87%ba%e7%81%a3%e8%87%ba%e5%8c%97%e5%9c%b0%e6%96%b9%e6%b3%95%e9%99%a2+102+%e5%b9%b4%e5%ba%a6%e5%bb%ba%e5%ad%97%e7%ac%ac+37+%e8%99%9f%e6%b0%91%e4%ba%8b%e5%88%a4%e6%b1%ba&lawpara=&ot=in,"風災, 風災, 颱風, 豪雨",
臺灣臺北地方法院 102 年度建字第 67 號民事判決,https://judgment.judicial.gov.tw/EXPORTFILE/ExportToPdf.aspx?type=JD&id=TPDV%2c102%2c%e5%bb%ba%2c67%2c20140715%2c2&fname=%e8%87%ba%e7%81%a3%e8%87%ba%e5%8c%97%e5%9c%b0%e6%96%b9%e6%b3%95%e9%99%a2+102+%e5%b9%b4%e5%ba%a6%e5%bb%ba%e5%ad%97%e7%ac%ac+67+%e8%99%9f%e6%b0%91%e4%ba%8b%e5%88%a4%e6%b1%ba&lawpara=&ot=in,地質,
臺灣臺北地方法院 102 年度建字第 84 號民事判決,https://judgment.judicial.gov.tw/EXPORTFILE/ExportToPdf.aspx?type=JD&id=TPDV%2c102%2c%e5%bb%ba%2c84%2c20140929%2c1&fname=%e8%87%ba%e7%81%a3%e8%87%ba%e5%8c%97%e5%9c%b0%e6%96%b9%e6%b3%95%e9%99%a2+102+%e5%b9%b4%e5%ba%a6%e5%bb%ba%e5%ad%97%e7%ac%ac+84+%e8%99%9f%e6%b0%91%e4%ba%8b%e5%88%a4%e6%b1%ba&lawpara=&ot=in,"地質, 地形",
臺灣臺北地方法院 103 年度建字第 135 號民事判決,https://judgment.judicial.gov.tw/EXPORTFILE/ExportToPdf.aspx?type=JD&id=TPDV%2c103%2c%e5%bb%ba%2c135%2c20180427%2c1&fname=%e8%87%ba%e7%81%a3%e8%87%ba%e5%8c%97%e5%9c%b0%e6%96%b9%e6%b3%95%e9%99%a2+103+%e5%b9%b4%e5%ba%a6%e5%bb%ba%e5%ad%97%e7%ac%ac+135+%e8%99%9f%e6%b0%91%e4%ba%8b%e5%88%a4%e6%b1%ba&lawpara=&ot=in,"颱風, 水災, 豪雨",
臺灣臺北地方法院 103 年度建字第 227 號民事判決,https://judgment.judicial.gov.tw/EXPORTFILE/ExportToPdf.aspx?type=JD&id=TPDV%2c103%2c%e5%bb%ba%2c227%2c20151216%2c1&fname=%e8%87%ba%e7%81%a3%e8%87%ba%e5%8c%97%e5%9c%b0%e6%96%b9%e6%b3%95%e9%99%a2+103+%e5%b9%b4%e5%ba%a6%e5%bb%ba%e5%ad%97%e7%ac%ac+227+%e8%99%9f%e6%b0%91%e4%ba%8b%e5%88%a4%e6%b1%ba&lawpara=&ot=in,"颱風, 地質",
臺灣臺北地方法院 103 年度建字第 263 號民事判決,https://judgment.judicial.gov.tw/EXPORTFILE/ExportToPdf.aspx?type=JD&id=TPDV%2c103%2c%e5%bb%ba%2c263%2c20150129%2c1&fname=%e8%87%ba%e7%81%a3%e8%87%ba%e5%8c%97%e5%9c%b0%e6%96%b9%e6%b3%95%e9%99%a2+103+%e5%b9%b4%e5%ba%a6%e5%bb%ba%e5%ad%97%e7%ac%ac+263+%e8%99%9f%e6%b0%91%e4%ba%8b%e5%88%a4%e6%b1%ba&lawpara=&ot=in,颱風,
臺灣臺北地方法院 103 年度建字第 332 號民事判決,https://judgment.judicial.gov.tw/EXPORTFILE/ExportToPdf.aspx?type=JD&id=TPDV%2c103%2c%e5%bb%ba%2c332%2c20141222%2c1&fname=%e8%87%ba%e7%81%a3%e8%87%ba%e5%8c%97%e5%9c%b0%e6%96%b9%e6%b3%95%e9%99%a2+103+%e5%b9%b4%e5%ba%a6%e5%bb%ba%e5%ad%97%e7%ac%ac+332+%e8%99%9f%e6%b0%91%e4%ba%8b%e5%88%a4%e6%b1%ba&lawpara=&ot=in,颱風,
臺灣臺北地方法院 103 年度建字第 401 號民事判決,https://judgment.judicial.gov.tw/EXPORTFILE/ExportToPdf.aspx?type=JD&id=TPDV%2c103%2c%e5%bb%ba%2c401%2c20150814%2c1&fname=%e8%87%ba%e7%81%a3%e8%87%ba%e5%8c%97%e5%9c%b0%e6%96%b9%e6%b3%95%e9%99%a2+103+%e5%b9%b4%e5%ba%a6%e5%bb%ba%e5%ad%97%e7%ac%ac+401+%e8%99%9f%e6%b0%91%e4%ba%8b%e5%88%a4%e6%b1%ba&lawpara=&ot=in,"颱風, 地質, 豪雨",
臺灣臺北地方法院 103 年度建字第 430 號民事判決,https://judgment.judicial.gov.tw/FILES/TPDV/103%2c%e5%bb%ba%2c430%2c20220531%2c1.pdf,颱風,
臺灣臺北地方法院 103 年度訴字第 4070 號民事判決,https://judgment.judicial.gov.tw/EXPORTFILE/ExportToPdf.aspx?type=JD&id=TPDV%2c103%2c%e8%a8%b4%2c4070%2c20160111%2c1&fname=%e8%87%ba%e7%81%a3%e8%87%ba%e5%8c%97%e5%9c%b0%e6%96%b9%e6%b3%95%e9%99%a2+103+%e5%b9%b4%e5%ba%a6%e8%a8%b4%e5%ad%97%e7%ac%ac+4070+%e8%99%9f%e6%b0%91%e4%ba%8b%e5%88%a4%e6%b1%ba&lawpara=&ot=in,颱風,
臺灣臺北地方法院 103 年度訴字第 4260 號民事判決,https://judgment.judicial.gov.tw/EXPORTFILE/ExportToPdf.aspx?type=JD&id=TPDV%2c103%2c%e8%a8%b4%2c4260%2c20151026%2c1&fname=%e8%87%ba%e7%81%a3%e8%87%ba%e5%8c%97%e5%9c%b0%e6%96%b9%e6%b3%95%e9%99%a2+103+%e5%b9%b4%e5%ba%a6%e8%a8%b4%e5%ad%97%e7%ac%ac+4260+%e8%99%9f%e6%b0%91%e4%ba%8b%e5%88%a4%e6%b1%ba&lawpara=&ot=in,"地貌, 地形",
臺灣臺北地方法院 103 年度重訴字第 310 號民事判決,https://judgment.judicial.gov.tw/EXPORTFILE/ExportToPdf.aspx?type=JD&id=TPDV%2c103%2c%e9%87%8d%e8%a8%b4%2c310%2c20160811%2c1&fname=%e8%87%ba%e7%81%a3%e8%87%ba%e5%8c%97%e5%9c%b0%e6%96%b9%e6%b3%95%e9%99%a2+103+%e5%b9%b4%e5%ba%a6%e9%87%8d%e8%a8%b4%e5%ad%97%e7%ac%ac+310+%e8%99%9f%e6%b0%91%e4%ba%8b%e5%88%a4%e6%b1%ba&lawpara=&ot=in,天氣,
臺灣臺北地方法院 104 年度建字第 14 號民事判決,https://judgment.judicial.gov.tw/EXPORTFILE/ExportToPdf.aspx?type=JD&id=TPDV%2c104%2c%e5%bb%ba%2c14%2c20150811%2c1&fname=%e8%87%ba%e7%81%a3%e8%87%ba%e5%8c%97%e5%9c%b0%e6%96%b9%e6%b3%95%e9%99%a2+104+%e5%b9%b4%e5%ba%a6%e5%bb%ba%e5%ad%97%e7%ac%ac+14+%e8%99%9f%e6%b0%91%e4%ba%8b%e5%88%a4%e6%b1%ba&lawpara=&ot=in,"地質, 地形",
臺灣臺北地方法院 104 年度建字第 182 號民事判決,https://judgment.judicial.gov.tw/EXPORTFILE/ExportToPdf.aspx?type=JD&id=TPDV%2c104%2c%e5%bb%ba%2c182%2c20160728%2c2&fname=%e8%87%ba%e7%81%a3%e8%87%ba%e5%8c%97%e5%9c%b0%e6%96%b9%e6%b3%95%e9%99%a2+104+%e5%b9%b4%e5%ba%a6%e5%bb%ba%e5%ad%97%e7%ac%ac+182+%e8%99%9f%e6%b0%91%e4%ba%8b%e5%88%a4%e6%b1%ba&lawpara=&ot=in,"颱風, 地震",
臺灣臺北地方法院 104 年度建字第 226 號民事判決,https://judgment.judicial.gov.tw/EXPORTFILE/ExportToPdf.aspx?type=JD&id=TPDV%2c104%2c%e5%bb%ba%2c226%2c20170629%2c1&fname=%e8%87%ba%e7%81%a3%e8%87%ba%e5%8c%97%e5%9c%b0%e6%96%b9%e6%b3%95%e9%99%a2+104+%e5%b9%b4%e5%ba%a6%e5%bb%ba%e5%ad%97%e7%ac%ac+226+%e8%99%9f%e6%b0%91%e4%ba%8b%e5%88%a4%e6%b1%ba&lawpara=&ot=in,地質,
臺灣臺北地方法院 104 年度建字第 237 號民事判決,https://judgment.judicial.gov.tw/EXPORTFILE/ExportToPdf.aspx?type=JD&id=TPDV%2c104%2c%e5%bb%ba%2c237%2c20160729%2c1&fname=%e8%87%ba%e7%81%a3%e8%87%ba%e5%8c%97%e5%9c%b0%e6%96%b9%e6%b3%95%e9%99%a2+104+%e5%b9%b4%e5%ba%a6%e5%bb%ba%e5%ad%97%e7%ac%ac+237+%e8%99%9f%e6%b0%91%e4%ba%8b%e5%88%a4%e6%b1%ba&lawpara=&ot=in,地下水位,
臺灣臺北地方法院 104 年度建字第 258 號民事判決,https://judgment.judicial.gov.tw/EXPORTFILE/ExportToPdf.aspx?type=JD&id=TPDV%2c104%2c%e5%bb%ba%2c258%2c20180615%2c1&fname=%e8%87%ba%e7%81%a3%e8%87%ba%e5%8c%97%e5%9c%b0%e6%96%b9%e6%b3%95%e9%99%a2+104+%e5%b9%b4%e5%ba%a6%e5%bb%ba%e5%ad%97%e7%ac%ac+258+%e8%99%9f%e6%b0%91%e4%ba%8b%e5%88%a4%e6%b1%ba&lawpara=&ot=in,"颱風, 水災, 豪雨",
臺灣臺北地方法院 104 年度建字第 362 號民事判決,https://judgment.judicial.gov.tw/PdfWithLine/GetPDF.ashx?jrecno=104%2c%e5%bb%ba%2c362%2c20191018%2c1&tablename=TPDV&fname=%e8%87%ba%e7%81%a3%e8%87%ba%e5%8c%97%e5%9c%b0%e6%96%b9%e6%b3%95%e9%99%a2104%e5%b9%b4%e5%ba%a6%e5%bb%ba%e5%ad%97%e7%ac%ac362%e8%99%9f%e6%b0%91%e4%ba%8b%e5%88%a4%e6%b1%ba,颱風,
臺灣臺北地方法院 104 年度建字第 47 號民事判決,https://judgment.judicial.gov.tw/EXPORTFILE/ExportToPdf.aspx?type=JD&id=TPDV%2c104%2c%e5%bb%ba%2c47%2c20160225%2c1&fname=%e8%87%ba%e7%81%a3%e8%87%ba%e5%8c%97%e5%9c%b0%e6%96%b9%e6%b3%95%e9%99%a2+104+%e5%b9%b4%e5%ba%a6%e5%bb%ba%e5%ad%97%e7%ac%ac+47+%e8%99%9f%e6%b0%91%e4%ba%8b%e5%88%a4%e6%b1%ba&lawpara=&ot=in,"天氣, 地震",
臺灣臺北地方法院 104 年度建字第 70 號民事判決,https://judgment.judicial.gov.tw/FILES/TPDV/104%2c%e5%bb%ba%2c70%2c20221230%2c2.pdf,"地質, 地下水位",
臺灣臺北地方法院 104 年度建字第 93 號民事判決,https://judgment.judicial.gov.tw/EXPORTFILE/ExportToPdf.aspx?type=JD&id=TPDV%2c104%2c%e5%bb%ba%2c93%2c20171124%2c1&fname=%e8%87%ba%e7%81%a3%e8%87%ba%e5%8c%97%e5%9c%b0%e6%96%b9%e6%b3%95%e9%99%a2+104+%e5%b9%b4%e5%ba%a6%e5%bb%ba%e5%ad%97%e7%ac%ac+93+%e8%99%9f%e6%b0%91%e4%ba%8b%e5%88%a4%e6%b1%ba&lawpara=&ot=in,颱風,
臺灣臺北地方法院 104 年度重訴字第 762 號民事判決,https://judgment.judicial.gov.tw/EXPORTFILE/ExportToPdf.aspx?type=JD&id=TPDV%2c104%2c%e9%87%8d%e8%a8%b4%2c762%2c20170930%2c1&fname=%e8%87%ba%e7%81%a3%e8%87%ba%e5%8c%97%e5%9c%b0%e6%96%b9%e6%b3%95%e9%99%a2+104+%e5%b9%b4%e5%ba%a6%e9%87%8d%e8%a8%b4%e5%ad%97%e7%ac%ac+762+%e8%99%9f%e6%b0%91%e4%ba%8b%e5%88%a4%e6%b1%ba&lawpara=&ot=in,颱風,
臺灣臺北地方法院 105 年度建字第 293 號民事判決,https://judgment.judicial.gov.tw/FILES/TPDV/105%2c%e5%bb%ba%2c293%2c20221130%2c3.pdf,"颱風, 豪雨",
臺灣臺北地方法院 105 年度建字第 326 號民事判決,https://judgment.judicial.gov.tw/PdfWithLine/GetPDF.ashx?jrecno=105%2c%e5%bb%ba%2c326%2c20190802%2c1&tablename=TPDV&fname=%e8%87%ba%e7%81%a3%e8%87%ba%e5%8c%97%e5%9c%b0%e6%96%b9%e6%b3%95%e9%99%a2105%e5%b9%b4%e5%ba%a6%e5%bb%ba%e5%ad%97%e7%ac%ac326%e8%99%9f%e6%b0%91%e4%ba%8b%e5%88%a4%e6%b1%ba,"地貌, 地形",
臺灣臺北地方法院 105 年度建字第 421 號民事判決,https://judgment.judicial.gov.tw/EXPORTFILE/ExportToPdf.aspx?type=JD&id=TPDV%2c105%2c%e5%bb%ba%2c421%2c20171229%2c1&fname=%e8%87%ba%e7%81%a3%e8%87%ba%e5%8c%97%e5%9c%b0%e6%96%b9%e6%b3%95%e9%99%a2+105+%e5%b9%b4%e5%ba%a6%e5%bb%ba%e5%ad%97%e7%ac%ac+421+%e8%99%9f%e6%b0%91%e4%ba%8b%e5%88%a4%e6%b1%ba&lawpara=&ot=in,颱風,
臺灣臺北地方法院 105 年度建字第 453 號民事判決,https://judgment.judicial.gov.tw/FILES/TPDV/105%2c%e5%bb%ba%2c453%2c20200831%2c1.pdf,"地質, 地下水位, 地貌",
臺灣臺北地方法院 105 年度建字第 53 號民事判決,https://judgment.judicial.gov.tw/FILES/TPDV/105%2c%e5%bb%ba%2c53%2c20201127%2c1.pdf,"地震, 陰雨, 水災, 豪雨, 颱風, 地質",
臺灣臺北地方法院 105 年度訴字第 3819 號民事判決,https://judgment.judicial.gov.tw/EXPORTFILE/ExportToPdf.aspx?type=JD&id=TPDV%2c105%2c%e8%a8%b4%2c3819%2c20170726%2c1&fname=%e8%87%ba%e7%81%a3%e8%87%ba%e5%8c%97%e5%9c%b0%e6%96%b9%e6%b3%95%e9%99%a2+105+%e5%b9%b4%e5%ba%a6%e8%a8%b4%e5%ad%97%e7%ac%ac+3819+%e8%99%9f%e6%b0%91%e4%ba%8b%e5%88%a4%e6%b1%ba&lawpara=&ot=in,地形,
臺灣臺北地方法院 106 年度建字第 150 號民事判決,https://judgment.judicial.gov.tw/PdfWithLine/GetPDF.ashx?jrecno=106%2c%e5%bb%ba%2c150%2c20190822%2c1&tablename=TPDV&fname=%e8%87%ba%e7%81%a3%e8%87%ba%e5%8c%97%e5%9c%b0%e6%96%b9%e6%b3%95%e9%99%a2106%e5%b9%b4%e5%ba%a6%e5%bb%ba%e5%ad%97%e7%ac%ac150%e8%99%9f%e6%b0%91%e4%ba%8b%e5%88%a4%e6%b1%ba,"颱風, 地質, 地下水位",
臺灣臺北地方法院 106 年度建字第 233 號民事判決,https://judgment.judicial.gov.tw/FILES/TPDV/106%2c%e5%bb%ba%2c233%2c20211104%2c1.pdf,"颱風, 戰爭, 豪雨",
臺灣臺北地方法院 106 年度建字第 359 號民事判決,https://judgment.judicial.gov.tw/FILES/TPDV/106%2c%e5%bb%ba%2c359%2c20200527%2c2.pdf,"颱風, 戰爭",
臺灣臺北地方法院 106 年度訴字第 2218 號民事判決,https://judgment.judicial.gov.tw/PdfWithLine/GetPDF.ashx?jrecno=106%2c%e8%a8%b4%2c2218%2c20190430%2c1&tablename=TPDV&fname=%e8%87%ba%e7%81%a3%e8%87%ba%e5%8c%97%e5%9c%b0%e6%96%b9%e6%b3%95%e9%99%a2106%e5%b9%b4%e5%ba%a6%e8%a8%b4%e5%ad%97%e7%ac%ac2218%e8%99%9f%e6%b0%91%e4%ba%8b%e5%88%a4%e6%b1%ba,"洪水, 地震, 水災, 豪雨, 颱風",
臺灣臺北地方法院 106 年度重訴字第 1237 號民事判決,https://judgment.judicial.gov.tw/PdfWithLine/GetPDF.ashx?jrecno=106%2c%e9%87%8d%e8%a8%b4%2c1237%2c20191231%2c2&tablename=TPDV&fname=%e8%87%ba%e7%81%a3%e8%87%ba%e5%8c%97%e5%9c%b0%e6%96%b9%e6%b3%95%e9%99%a2106%e5%b9%b4%e5%ba%a6%e9%87%8d%e8%a8%b4%e5%ad%97%e7%ac%ac1237%e8%99%9f%e6%b0%91%e4%ba%8b%e5%88%a4%e6%b1%ba,颱風,
臺灣臺北地方法院 107 年度建字第 314 號民事判決,https://judgment.judicial.gov.tw/FILES/TPDV/107%2c%e5%bb%ba%2c314%2c20200522%2c1.pdf,"颱風, 豪雨",
臺灣臺北地方法院 107 年度建字第 384 號民事判決,https://judgment.judicial.gov.tw/PdfWithLine/GetPDF.ashx?jrecno=107%2c%e5%bb%ba%2c384%2c20191001%2c1&tablename=TPDV&fname=%e8%87%ba%e7%81%a3%e8%87%ba%e5%8c%97%e5%9c%b0%e6%96%b9%e6%b3%95%e9%99%a2107%e5%b9%b4%e5%ba%a6%e5%bb%ba%e5%ad%97%e7%ac%ac384%e8%99%9f%e6%b0%91%e4%ba%8b%e5%88%a4%e6%b1%ba,颱風,
臺灣臺北地方法院 107 年度建字第 83 號民事判決,https://judgment.judicial.gov.tw/FILES/TPDV/107%2c%e5%bb%ba%2c83%2c20220224%2c2.pdf,颱風,
臺灣臺北地方法院 108 年度仲訴字第 6 號民事判決,https://judgment.judicial.gov.tw/FILES/TPDV/108%2c%e4%bb%b2%e8%a8%b4%2c6%2c20200730%2c2.pdf,颱風,
臺灣臺北地方法院 108 年度建字第 287 號民事判決,https://judgment.judicial.gov.tw/FILES/TPDV/108%2c%e5%bb%ba%2c287%2c20220831%2c1.pdf,颱風,
臺灣臺北地方法院 108 年度建字第 288 號民事判決,https://judgment.judicial.gov.tw/FILES/TPDV/108%2c%e5%bb%ba%2c288%2c20221216%2c1.pdf,颱風,
臺灣臺北地方法院 108 年度建字第 410 號民事判決,https://judgment.judicial.gov.tw/FILES/TPDV/108%2c%e5%bb%ba%2c410%2c20210531%2c1.pdf,"颱風, 地質, 豪雨",
臺灣臺北地方法院 108 年度建字第 83 號民事判決,https://judgment.judicial.gov.tw/FILES/TPDV/108%2c%e5%bb%ba%2c83%2c20210730%2c1.pdf,"洪水, 地震, 水災, 豪雨, 颱風",
臺灣臺北地方法院 108 年度訴字第 2106 號民事判決,https://judgment.judicial.gov.tw/FILES/TPDV/108%2c%e8%a8%b4%2c2106%2c20200522%2c1.pdf,"颱風, 風災, 風災, 颱風",
臺灣臺北地方法院 109 年度建字第 151 號民事判決,https://judgment.judicial.gov.tw/FILES/TPDV/109%2c%e5%bb%ba%2c151%2c20221031%2c2.pdf,"地質, 地形",
臺灣臺北地方法院 109 年度建字第 193 號民事判決,https://judgment.judicial.gov.tw/FILES/TPDV/109%2c%e5%bb%ba%2c193%2c20220225%2c1.pdf,天氣,
臺灣臺北地方法院 111 年度訴字第 4826 號民事判決,https://judgment.judicial.gov.tw/FILES/TPDV/111%2c%e8%a8%b4%2c4826%2c20240306%2c2.pdf,疫情,
臺灣臺北地方法院 112 年度建字第 189 號民事判決,https://judgment.judicial.gov.tw/FILES/TPDV/112%2c%e5%bb%ba%2c189%2c20240510%2c1.pdf,戰爭,
臺灣臺北地方法院 88 年度重訴字第 1664 號民事判決,https://judgment.judicial.gov.tw/EXPORTFILE/ExportToPdf.aspx?type=JD&id=TPDV%2c88%2c%e9%87%8d%e8%a8%b4%2c1664%2c20001017&fname=%e8%87%ba%e7%81%a3%e8%87%ba%e5%8c%97%e5%9c%b0%e6%96%b9%e6%b3%95%e9%99%a2+88+%e5%b9%b4%e5%ba%a6%e9%87%8d%e8%a8%b4%e5%ad%97%e7%ac%ac+1664+%e8%99%9f%e6%b0%91%e4%ba%8b%e5%88%a4%e6%b1%ba&lawpara=&ot=in,地震,
臺灣臺北地方法院 88 年度重訴字第 2442 號民事判決,https://judgment.judicial.gov.tw/EXPORTFILE/ExportToPdf.aspx?type=JD&id=TPDV%2c88%2c%e9%87%8d%e8%a8%b4%2c2442%2c20011008%2c2&fname=%e8%87%ba%e7%81%a3%e8%87%ba%e5%8c%97%e5%9c%b0%e6%96%b9%e6%b3%95%e9%99%a2+88+%e5%b9%b4%e5%ba%a6%e9%87%8d%e8%a8%b4%e5%ad%97%e7%ac%ac+2442+%e8%99%9f%e6%b0%91%e4%ba%8b%e5%88%a4%e6%b1%ba&lawpara=&ot=in,"地質, 洪水",
臺灣臺北地方法院 90 年度保險字第 95 號民事判決,https://judgment.judicial.gov.tw/EXPORTFILE/ExportToPdf.aspx?type=JD&id=TPDV%2c90%2c%e4%bf%9d%e9%9a%aa%2c95%2c20030725%2c1&fname=%e8%87%ba%e7%81%a3%e8%87%ba%e5%8c%97%e5%9c%b0%e6%96%b9%e6%b3%95%e9%99%a2+90+%e5%b9%b4%e5%ba%a6%e4%bf%9d%e9%9a%aa%e5%ad%97%e7%ac%ac+95+%e8%99%9f%e6%b0%91%e4%ba%8b%e5%88%a4%e6%b1%ba&lawpara=&ot=in,"地質, 地震",
臺灣臺北地方法院 90 年度重訴字第 757 號民事判決,https://judgment.judicial.gov.tw/EXPORTFILE/ExportToPdf.aspx?type=JD&id=TPDV%2c90%2c%e9%87%8d%e8%a8%b4%2c757%2c20030430%2c3&fname=%e8%87%ba%e7%81%a3%e8%87%ba%e5%8c%97%e5%9c%b0%e6%96%b9%e6%b3%95%e9%99%a2+90+%e5%b9%b4%e5%ba%a6%e9%87%8d%e8%a8%b4%e5%ad%97%e7%ac%ac+757+%e8%99%9f%e6%b0%91%e4%ba%8b%e5%88%a4%e6%b1%ba&lawpara=&ot=in,"地質, 地形",
臺灣臺北地方法院 91 年度訴字第 1801 號民事判決,https://judgment.judicial.gov.tw/EXPORTFILE/ExportToPdf.aspx?type=JD&id=TPDV%2c91%2c%e8%a8%b4%2c1801%2c20030922%2c1&fname=%e8%87%ba%e7%81%a3%e8%87%ba%e5%8c%97%e5%9c%b0%e6%96%b9%e6%b3%95%e9%99%a2+91+%e5%b9%b4%e5%ba%a6%e8%a8%b4%e5%ad%97%e7%ac%ac+1801+%e8%99%9f%e6%b0%91%e4%ba%8b%e5%88%a4%e6%b1%ba&lawpara=&ot=in,"地質, 地下水位, 地震",
臺灣臺北地方法院 91 年度重訴字第 174 號民事判決,https://judgment.judicial.gov.tw/EXPORTFILE/ExportToPdf.aspx?type=JD&id=TPDV%2c91%2c%e9%87%8d%e8%a8%b4%2c174%2c20031020%2c1&fname=%e8%87%ba%e7%81%a3%e8%87%ba%e5%8c%97%e5%9c%b0%e6%96%b9%e6%b3%95%e9%99%a2+91+%e5%b9%b4%e5%ba%a6%e9%87%8d%e8%a8%b4%e5%ad%97%e7%ac%ac+174+%e8%99%9f%e6%b0%91%e4%ba%8b%e5%88%a4%e6%b1%ba&lawpara=&ot=in,"地形, 地貌, 水災, 地震",
臺灣臺北地方法院 92 年度建字第 152 號民事判決,https://judgment.judicial.gov.tw/EXPORTFILE/ExportToPdf.aspx?type=JD&id=TPDV%2c92%2c%e5%bb%ba%2c152%2c20040930%2c2&fname=%e8%87%ba%e7%81%a3%e8%87%ba%e5%8c%97%e5%9c%b0%e6%96%b9%e6%b3%95%e9%99%a2+92+%e5%b9%b4%e5%ba%a6%e5%bb%ba%e5%ad%97%e7%ac%ac+152+%e8%99%9f%e6%b0%91%e4%ba%8b%e5%88%a4%e6%b1%ba&lawpara=&ot=in,地震,
臺灣臺北地方法院 92 年度建字第 174 號民事判決,https://judgment.judicial.gov.tw/EXPORTFILE/ExportToPdf.aspx?type=JD&id=TPDV%2c92%2c%e5%bb%ba%2c174%2c20090515%2c1&fname=%e8%87%ba%e7%81%a3%e8%87%ba%e5%8c%97%e5%9c%b0%e6%96%b9%e6%b3%95%e9%99%a2+92+%e5%b9%b4%e5%ba%a6%e5%bb%ba%e5%ad%97%e7%ac%ac+174+%e8%99%9f%e6%b0%91%e4%ba%8b%e5%88%a4%e6%b1%ba&lawpara=&ot=in,"地質, 淹水, 地形",
臺灣臺北地方法院 92 年度訴字第 2813 號民事判決,https://judgment.judicial.gov.tw/EXPORTFILE/ExportToPdf.aspx?type=JD&id=TPDV%2c92%2c%e8%a8%b4%2c2813%2c20040610%2c2&fname=%e8%87%ba%e7%81%a3%e8%87%ba%e5%8c%97%e5%9c%b0%e6%96%b9%e6%b3%95%e9%99%a2+92+%e5%b9%b4%e5%ba%a6%e8%a8%b4%e5%ad%97%e7%ac%ac+2813+%e8%99%9f%e6%b0%91%e4%ba%8b%e5%88%a4%e6%b1%ba&lawpara=&ot=in,地質,
臺灣臺北地方法院 92 年度重訴字第 556 號民事判決,https://judgment.judicial.gov.tw/EXPORTFILE/ExportToPdf.aspx?type=JD&id=TPDV%2c92%2c%e9%87%8d%e8%a8%b4%2c556%2c20040820%2c1&fname=%e8%87%ba%e7%81%a3%e8%87%ba%e5%8c%97%e5%9c%b0%e6%96%b9%e6%b3%95%e9%99%a2+92+%e5%b9%b4%e5%ba%a6%e9%87%8d%e8%a8%b4%e5%ad%97%e7%ac%ac+556+%e8%99%9f%e6%b0%91%e4%ba%8b%e5%88%a4%e6%b1%ba&lawpara=&ot=in,地震,
臺灣臺北地方法院 92 年度重訴字第 822 號民事判決,https://judgment.judicial.gov.tw/EXPORTFILE/ExportToPdf.aspx?type=JD&id=TPDV%2c92%2c%e9%87%8d%e8%a8%b4%2c822%2c20040714%2c3&fname=%e8%87%ba%e7%81%a3%e8%87%ba%e5%8c%97%e5%9c%b0%e6%96%b9%e6%b3%95%e9%99%a2+92+%e5%b9%b4%e5%ba%a6%e9%87%8d%e8%a8%b4%e5%ad%97%e7%ac%ac+822+%e8%99%9f%e6%b0%91%e4%ba%8b%e5%88%a4%e6%b1%ba&lawpara=&ot=in,"地質, 豪雨, 地震",
臺灣臺北地方法院 92 年度重訴字第 9 號民事判決,https://judgment.judicial.gov.tw/EXPORTFILE/ExportToPdf.aspx?type=JD&id=TPDV%2c92%2c%e9%87%8d%e8%a8%b4%2c9%2c20040528%2c1&fname=%e8%87%ba%e7%81%a3%e8%87%ba%e5%8c%97%e5%9c%b0%e6%96%b9%e6%b3%95%e9%99%a2+92+%e5%b9%b4%e5%ba%a6%e9%87%8d%e8%a8%b4%e5%ad%97%e7%ac%ac+9+%e8%99%9f%e6%b0%91%e4%ba%8b%e5%88%a4%e6%b1%ba&lawpara=&ot=in,地質,
臺灣臺北地方法院 92 年度重訴字第 904 號民事判決,https://judgment.judicial.gov.tw/EXPORTFILE/ExportToPdf.aspx?type=JD&id=TPDV%2c92%2c%e9%87%8d%e8%a8%b4%2c904%2c20041228%2c2&fname=%e8%87%ba%e7%81%a3%e8%87%ba%e5%8c%97%e5%9c%b0%e6%96%b9%e6%b3%95%e9%99%a2+92+%e5%b9%b4%e5%ba%a6%e9%87%8d%e8%a8%b4%e5%ad%97%e7%ac%ac+904+%e8%99%9f%e6%b0%91%e4%ba%8b%e5%88%a4%e6%b1%ba&lawpara=&ot=in,地震,
臺灣臺北地方法院 93 年度保險字第 20 號民事判決,https://judgment.judicial.gov.tw/EXPORTFILE/ExportToPdf.aspx?type=JD&id=TPDV%2c93%2c%e4%bf%9d%e9%9a%aa%2c20%2c20050831%2c1&fname=%e8%87%ba%e7%81%a3%e8%87%ba%e5%8c%97%e5%9c%b0%e6%96%b9%e6%b3%95%e9%99%a2+93+%e5%b9%b4%e5%ba%a6%e4%bf%9d%e9%9a%aa%e5%ad%97%e7%ac%ac+20+%e8%99%9f%e6%b0%91%e4%ba%8b%e5%88%a4%e6%b1%ba&lawpara=&ot=in,"戰爭, 地震",
臺灣臺北地方法院 93 年度建字第 295 號民事判決,https://judgment.judicial.gov.tw/EXPORTFILE/ExportToPdf.aspx?type=JD&id=TPDV%2c93%2c%e5%bb%ba%2c295%2c20051130%2c1&fname=%e8%87%ba%e7%81%a3%e8%87%ba%e5%8c%97%e5%9c%b0%e6%96%b9%e6%b3%95%e9%99%a2+93+%e5%b9%b4%e5%ba%a6%e5%bb%ba%e5%ad%97%e7%ac%ac+295+%e8%99%9f%e6%b0%91%e4%ba%8b%e5%88%a4%e6%b1%ba&lawpara=&ot=in,淹水,
臺灣臺北地方法院 93 年度建字第 31 號民事判決,https://judgment.judicial.gov.tw/EXPORTFILE/ExportToPdf.aspx?type=JD&id=TPDV%2c93%2c%e5%bb%ba%2c31%2c20050114%2c1&fname=%e8%87%ba%e7%81%a3%e8%87%ba%e5%8c%97%e5%9c%b0%e6%96%b9%e6%b3%95%e9%99%a2+93+%e5%b9%b4%e5%ba%a6%e5%bb%ba%e5%ad%97%e7%ac%ac+31+%e8%99%9f%e6%b0%91%e4%ba%8b%e5%88%a4%e6%b1%ba&lawpara=&ot=in,"地質, 地形",
臺灣臺北地方法院 94 年度建字第 202 號民事判決,https://judgment.judicial.gov.tw/EXPORTFILE/ExportToPdf.aspx?type=JD&id=TPDV%2c94%2c%e5%bb%ba%2c202%2c20060106%2c1&fname=%e8%87%ba%e7%81%a3%e8%87%ba%e5%8c%97%e5%9c%b0%e6%96%b9%e6%b3%95%e9%99%a2+94+%e5%b9%b4%e5%ba%a6%e5%bb%ba%e5%ad%97%e7%ac%ac+202+%e8%99%9f%e6%b0%91%e4%ba%8b%e5%88%a4%e6%b1%ba&lawpara=&ot=in,地震,
臺灣臺北地方法院 94 年度建字第 277 號民事判決,https://judgment.judicial.gov.tw/EXPORTFILE/ExportToPdf.aspx?type=JD&id=TPDV%2c94%2c%e5%bb%ba%2c277%2c20060126%2c1&fname=%e8%87%ba%e7%81%a3%e8%87%ba%e5%8c%97%e5%9c%b0%e6%96%b9%e6%b3%95%e9%99%a2+94+%e5%b9%b4%e5%ba%a6%e5%bb%ba%e5%ad%97%e7%ac%ac+277+%e8%99%9f%e6%b0%91%e4%ba%8b%e5%88%a4%e6%b1%ba&lawpara=&ot=in,地震,
臺灣臺北地方法院 94 年度建字第 369 號民事判決,https://judgment.judicial.gov.tw/EXPORTFILE/ExportToPdf.aspx?type=JD&id=TPDV%2c94%2c%e5%bb%ba%2c369%2c20070622%2c1&fname=%e8%87%ba%e7%81%a3%e8%87%ba%e5%8c%97%e5%9c%b0%e6%96%b9%e6%b3%95%e9%99%a2+94+%e5%b9%b4%e5%ba%a6%e5%bb%ba%e5%ad%97%e7%ac%ac+369+%e8%99%9f%e6%b0%91%e4%ba%8b%e5%88%a4%e6%b1%ba&lawpara=&ot=in,"地質, 地下水位",
臺灣臺北地方法院 94 年度建字第 379 號民事判決,https://judgment.judicial.gov.tw/EXPORTFILE/ExportToPdf.aspx?type=JD&id=TPDV%2c94%2c%e5%bb%ba%2c379%2c20070226%2c1&fname=%e8%87%ba%e7%81%a3%e8%87%ba%e5%8c%97%e5%9c%b0%e6%96%b9%e6%b3%95%e9%99%a2+94+%e5%b9%b4%e5%ba%a6%e5%bb%ba%e5%ad%97%e7%ac%ac+379+%e8%99%9f%e6%b0%91%e4%ba%8b%e5%88%a4%e6%b1%ba&lawpara=&ot=in,地震,
臺灣臺北地方法院 94 年度簡上字第 520 號民事判決,https://judgment.judicial.gov.tw/EXPORTFILE/ExportToPdf.aspx?type=JD&id=TPDV%2c94%2c%e7%b0%a1%e4%b8%8a%2c520%2c20070828%2c2&fname=%e8%87%ba%e7%81%a3%e8%87%ba%e5%8c%97%e5%9c%b0%e6%96%b9%e6%b3%95%e9%99%a2+94+%e5%b9%b4%e5%ba%a6%e7%b0%a1%e4%b8%8a%e5%ad%97%e7%ac%ac+520+%e8%99%9f%e6%b0%91%e4%ba%8b%e5%88%a4%e6%b1%ba&lawpara=&ot=in,地質,
臺灣臺北地方法院 94 年度重訴字第 761 號民事判決,https://judgment.judicial.gov.tw/EXPORTFILE/ExportToPdf.aspx?type=JD&id=TPDV%2c94%2c%e9%87%8d%e8%a8%b4%2c761%2c20100113%2c2&fname=%e8%87%ba%e7%81%a3%e8%87%ba%e5%8c%97%e5%9c%b0%e6%96%b9%e6%b3%95%e9%99%a2+94+%e5%b9%b4%e5%ba%a6%e9%87%8d%e8%a8%b4%e5%ad%97%e7%ac%ac+761+%e8%99%9f%e6%b0%91%e4%ba%8b%e5%88%a4%e6%b1%ba&lawpara=&ot=in,地質,
臺灣臺北地方法院 95 年度建字第 1 號民事判決,https://judgment.judicial.gov.tw/EXPORTFILE/ExportToPdf.aspx?type=JD&id=TPDV%2c95%2c%e5%bb%ba%2c1%2c20071016%2c2&fname=%e8%87%ba%e7%81%a3%e8%87%ba%e5%8c%97%e5%9c%b0%e6%96%b9%e6%b3%95%e9%99%a2+95+%e5%b9%b4%e5%ba%a6%e5%bb%ba%e5%ad%97%e7%ac%ac+1+%e8%99%9f%e6%b0%91%e4%ba%8b%e5%88%a4%e6%b1%ba&lawpara=&ot=in,"地質, 地震",
臺灣臺北地方法院 95 年度建字第 110 號民事判決,https://judgment.judicial.gov.tw/EXPORTFILE/ExportToPdf.aspx?type=JD&id=TPDV%2c95%2c%e5%bb%ba%2c110%2c20070810%2c1&fname=%e8%87%ba%e7%81%a3%e8%87%ba%e5%8c%97%e5%9c%b0%e6%96%b9%e6%b3%95%e9%99%a2+95+%e5%b9%b4%e5%ba%a6%e5%bb%ba%e5%ad%97%e7%ac%ac+110+%e8%99%9f%e6%b0%91%e4%ba%8b%e5%88%a4%e6%b1%ba&lawpara=&ot=in,"淹水, 洪水, 豪雨, 地震",
臺灣臺北地方法院 95 年度建字第 232 號民事判決,https://judgment.judicial.gov.tw/EXPORTFILE/ExportToPdf.aspx?type=JD&id=TPDV%2c95%2c%e5%bb%ba%2c232%2c20080130%2c2&fname=%e8%87%ba%e7%81%a3%e8%87%ba%e5%8c%97%e5%9c%b0%e6%96%b9%e6%b3%95%e9%99%a2+95+%e5%b9%b4%e5%ba%a6%e5%bb%ba%e5%ad%97%e7%ac%ac+232+%e8%99%9f%e6%b0%91%e4%ba%8b%e5%88%a4%e6%b1%ba&lawpara=&ot=in,"洪水, 地震",
臺灣臺北地方法院 95 年度建字第 236 號民事判決,https://judgment.judicial.gov.tw/EXPORTFILE/ExportToPdf.aspx?type=JD&id=TPDV%2c95%2c%e5%bb%ba%2c236%2c20080609%2c2&fname=%e8%87%ba%e7%81%a3%e8%87%ba%e5%8c%97%e5%9c%b0%e6%96%b9%e6%b3%95%e9%99%a2+95+%e5%b9%b4%e5%ba%a6%e5%bb%ba%e5%ad%97%e7%ac%ac+236+%e8%99%9f%e6%b0%91%e4%ba%8b%e5%88%a4%e6%b1%ba&lawpara=&ot=in,"風災, 豪雨, 地震",
臺灣臺北地方法院 95 年度建字第 265 號民事判決,https://judgment.judicial.gov.tw/EXPORTFILE/ExportToPdf.aspx?type=JD&id=TPDV%2c95%2c%e5%bb%ba%2c265%2c20080205%2c1&fname=%e8%87%ba%e7%81%a3%e8%87%ba%e5%8c%97%e5%9c%b0%e6%96%b9%e6%b3%95%e9%99%a2+95+%e5%b9%b4%e5%ba%a6%e5%bb%ba%e5%ad%97%e7%ac%ac+265+%e8%99%9f%e6%b0%91%e4%ba%8b%e5%88%a4%e6%b1%ba&lawpara=&ot=in,地質,
臺灣臺北地方法院 95 年度建字第 30 號民事判決,https://judgment.judicial.gov.tw/EXPORTFILE/ExportToPdf.aspx?type=JD&id=TPDV%2c95%2c%e5%bb%ba%2c30%2c20080716%2c9&fname=%e8%87%ba%e7%81%a3%e8%87%ba%e5%8c%97%e5%9c%b0%e6%96%b9%e6%b3%95%e9%99%a2+95+%e5%b9%b4%e5%ba%a6%e5%bb%ba%e5%ad%97%e7%ac%ac+30+%e8%99%9f%e6%b0%91%e4%ba%8b%e5%88%a4%e6%b1%ba&lawpara=&ot=in,戰爭,
臺灣臺北地方法院 95 年度建字第 49 號民事判決,https://judgment.judicial.gov.tw/EXPORTFILE/ExportToPdf.aspx?type=JD&id=TPDV%2c95%2c%e5%bb%ba%2c49%2c20090716%2c6&fname=%e8%87%ba%e7%81%a3%e8%87%ba%e5%8c%97%e5%9c%b0%e6%96%b9%e6%b3%95%e9%99%a2+95+%e5%b9%b4%e5%ba%a6%e5%bb%ba%e5%ad%97%e7%ac%ac+49+%e8%99%9f%e6%b0%91%e4%ba%8b%e5%88%a4%e6%b1%ba&lawpara=&ot=in,風災,
臺灣臺北地方法院 95 年度建字第 67 號民事判決,https://judgment.judicial.gov.tw/EXPORTFILE/ExportToPdf.aspx?type=JD&id=TPDV%2c95%2c%e5%bb%ba%2c67%2c20061218%2c1&fname=%e8%87%ba%e7%81%a3%e8%87%ba%e5%8c%97%e5%9c%b0%e6%96%b9%e6%b3%95%e9%99%a2+95+%e5%b9%b4%e5%ba%a6%e5%bb%ba%e5%ad%97%e7%ac%ac+67+%e8%99%9f%e6%b0%91%e4%ba%8b%e5%88%a4%e6%b1%ba&lawpara=&ot=in,"地質, 地震",
臺灣臺北地方法院 96 年度建字第 116 號民事判決,https://judgment.judicial.gov.tw/EXPORTFILE/ExportToPdf.aspx?type=JD&id=TPDV%2c96%2c%e5%bb%ba%2c116%2c20090506%2c2&fname=%e8%87%ba%e7%81%a3%e8%87%ba%e5%8c%97%e5%9c%b0%e6%96%b9%e6%b3%95%e9%99%a2+96+%e5%b9%b4%e5%ba%a6%e5%bb%ba%e5%ad%97%e7%ac%ac+116+%e8%99%9f%e6%b0%91%e4%ba%8b%e5%88%a4%e6%b1%ba&lawpara=&ot=in,淹水,
臺灣臺北地方法院 96 年度建字第 13 號民事判決,https://judgment.judicial.gov.tw/EXPORTFILE/ExportToPdf.aspx?type=JD&id=TPDV%2c96%2c%e5%bb%ba%2c13%2c20080618%2c1&fname=%e8%87%ba%e7%81%a3%e8%87%ba%e5%8c%97%e5%9c%b0%e6%96%b9%e6%b3%95%e9%99%a2+96+%e5%b9%b4%e5%ba%a6%e5%bb%ba%e5%ad%97%e7%ac%ac+13+%e8%99%9f%e6%b0%91%e4%ba%8b%e5%88%a4%e6%b1%ba&lawpara=&ot=in,"地質, 淹水",
臺灣臺北地方法院 96 年度建字第 138 號民事判決,https://judgment.judicial.gov.tw/EXPORTFILE/ExportToPdf.aspx?type=JD&id=TPDV%2c96%2c%e5%bb%ba%2c138%2c20090826%2c2&fname=%e8%87%ba%e7%81%a3%e8%87%ba%e5%8c%97%e5%9c%b0%e6%96%b9%e6%b3%95%e9%99%a2+96+%e5%b9%b4%e5%ba%a6%e5%bb%ba%e5%ad%97%e7%ac%ac+138+%e8%99%9f%e6%b0%91%e4%ba%8b%e5%88%a4%e6%b1%ba&lawpara=&ot=in,"地質, 地形",
臺灣臺北地方法院 96 年度建字第 22 號民事判決,https://judgment.judicial.gov.tw/EXPORTFILE/ExportToPdf.aspx?type=JD&id=TPDV%2c96%2c%e5%bb%ba%2c22%2c20080328%2c2&fname=%e8%87%ba%e7%81%a3%e8%87%ba%e5%8c%97%e5%9c%b0%e6%96%b9%e6%b3%95%e9%99%a2+96+%e5%b9%b4%e5%ba%a6%e5%bb%ba%e5%ad%97%e7%ac%ac+22+%e8%99%9f%e6%b0%91%e4%ba%8b%e5%88%a4%e6%b1%ba&lawpara=&ot=in,戰爭,
臺灣臺北地方法院 96 年度建字第 223 號民事判決,https://judgment.judicial.gov.tw/EXPORTFILE/ExportToPdf.aspx?type=JD&id=TPDV%2c96%2c%e5%bb%ba%2c223%2c20080509%2c1&fname=%e8%87%ba%e7%81%a3%e8%87%ba%e5%8c%97%e5%9c%b0%e6%96%b9%e6%b3%95%e9%99%a2+96+%e5%b9%b4%e5%ba%a6%e5%bb%ba%e5%ad%97%e7%ac%ac+223+%e8%99%9f%e6%b0%91%e4%ba%8b%e5%88%a4%e6%b1%ba&lawpara=&ot=in,"豪雨, 淹水",
臺灣臺北地方法院 96 年度建字第 268 號民事判決,https://judgment.judicial.gov.tw/EXPORTFILE/ExportToPdf.aspx?type=JD&id=TPDV%2c96%2c%e5%bb%ba%2c268%2c20080826%2c1&fname=%e8%87%ba%e7%81%a3%e8%87%ba%e5%8c%97%e5%9c%b0%e6%96%b9%e6%b3%95%e9%99%a2+96+%e5%b9%b4%e5%ba%a6%e5%bb%ba%e5%ad%97%e7%ac%ac+268+%e8%99%9f%e6%b0%91%e4%ba%8b%e5%88%a4%e6%b1%ba&lawpara=&ot=in,豪雨,
臺灣臺北地方法院 96 年度建字第 281 號民事判決,https://judgment.judicial.gov.tw/EXPORTFILE/ExportToPdf.aspx?type=JD&id=TPDV%2c96%2c%e5%bb%ba%2c281%2c20091007%2c2&fname=%e8%87%ba%e7%81%a3%e8%87%ba%e5%8c%97%e5%9c%b0%e6%96%b9%e6%b3%95%e9%99%a2+96+%e5%b9%b4%e5%ba%a6%e5%bb%ba%e5%ad%97%e7%ac%ac+281+%e8%99%9f%e6%b0%91%e4%ba%8b%e5%88%a4%e6%b1%ba&lawpara=&ot=in,風災,
臺灣臺北地方法院 96 年度建字第 46 號民事判決,https://judgment.judicial.gov.tw/EXPORTFILE/ExportToPdf.aspx?type=JD&id=TPDV%2c96%2c%e5%bb%ba%2c46%2c20080122%2c1&fname=%e8%87%ba%e7%81%a3%e8%87%ba%e5%8c%97%e5%9c%b0%e6%96%b9%e6%b3%95%e9%99%a2+96+%e5%b9%b4%e5%ba%a6%e5%bb%ba%e5%ad%97%e7%ac%ac+46+%e8%99%9f%e6%b0%91%e4%ba%8b%e5%88%a4%e6%b1%ba&lawpara=&ot=in,"地質, 地貌, 豪雨, 地形",
臺灣臺北地方法院 96 年度建字第 47 號民事判決,https://judgment.judicial.gov.tw/EXPORTFILE/ExportToPdf.aspx?type=JD&id=TPDV%2c96%2c%e5%bb%ba%2c47%2c20080421%2c1&fname=%e8%87%ba%e7%81%a3%e8%87%ba%e5%8c%97%e5%9c%b0%e6%96%b9%e6%b3%95%e9%99%a2+96+%e5%b9%b4%e5%ba%a6%e5%bb%ba%e5%ad%97%e7%ac%ac+47+%e8%99%9f%e6%b0%91%e4%ba%8b%e5%88%a4%e6%b1%ba&lawpara=&ot=in,戰爭,
臺灣臺北地方法院 96 年度建字第 51 號民事判決,https://judgment.judicial.gov.tw/EXPORTFILE/ExportToPdf.aspx?type=JD&id=TPDV%2c96%2c%e5%bb%ba%2c51%2c20070921%2c1&fname=%e8%87%ba%e7%81%a3%e8%87%ba%e5%8c%97%e5%9c%b0%e6%96%b9%e6%b3%95%e9%99%a2+96+%e5%b9%b4%e5%ba%a6%e5%bb%ba%e5%ad%97%e7%ac%ac+51+%e8%99%9f%e6%b0%91%e4%ba%8b%e5%88%a4%e6%b1%ba&lawpara=&ot=in,地質,
臺灣臺北地方法院 97 年度建字第 128 號民事判決,https://judgment.judicial.gov.tw/EXPORTFILE/ExportToPdf.aspx?type=JD&id=TPDV%2c97%2c%e5%bb%ba%2c128%2c20110509%2c2&fname=%e8%87%ba%e7%81%a3%e8%87%ba%e5%8c%97%e5%9c%b0%e6%96%b9%e6%b3%95%e9%99%a2+97+%e5%b9%b4%e5%ba%a6%e5%bb%ba%e5%ad%97%e7%ac%ac+128+%e8%99%9f%e6%b0%91%e4%ba%8b%e5%88%a4%e6%b1%ba&lawpara=&ot=in,"颱風, 豪雨, 洪水",
臺灣臺北地方法院 97 年度建字第 48 號民事判決,https://judgment.judicial.gov.tw/EXPORTFILE/ExportToPdf.aspx?type=JD&id=TPDV%2c97%2c%e5%bb%ba%2c48%2c20131213%2c5&fname=%e8%87%ba%e7%81%a3%e8%87%ba%e5%8c%97%e5%9c%b0%e6%96%b9%e6%b3%95%e9%99%a2+97+%e5%b9%b4%e5%ba%a6%e5%bb%ba%e5%ad%97%e7%ac%ac+48+%e8%99%9f%e6%b0%91%e4%ba%8b%e5%88%a4%e6%b1%ba&lawpara=&ot=in,"颱風, 豪雨, 淹水",
臺灣臺北地方法院 97 年度建字第 72 號民事判決,https://judgment.judicial.gov.tw/EXPORTFILE/ExportToPdf.aspx?type=JD&id=TPDV%2c97%2c%e5%bb%ba%2c72%2c20080827%2c1&fname=%e8%87%ba%e7%81%a3%e8%87%ba%e5%8c%97%e5%9c%b0%e6%96%b9%e6%b3%95%e9%99%a2+97+%e5%b9%b4%e5%ba%a6%e5%bb%ba%e5%ad%97%e7%ac%ac+72+%e8%99%9f%e6%b0%91%e4%ba%8b%e5%88%a4%e6%b1%ba&lawpara=&ot=in,戰爭,
臺灣臺北地方法院 98 年度建字第 10 號民事判決,https://judgment.judicial.gov.tw/EXPORTFILE/ExportToPdf.aspx?type=JD&id=TPDV%2c98%2c%e5%bb%ba%2c10%2c20091208%2c2&fname=%e8%87%ba%e7%81%a3%e8%87%ba%e5%8c%97%e5%9c%b0%e6%96%b9%e6%b3%95%e9%99%a2+98+%e5%b9%b4%e5%ba%a6%e5%bb%ba%e5%ad%97%e7%ac%ac+10+%e8%99%9f%e6%b0%91%e4%ba%8b%e5%88%a4%e6%b1%ba&lawpara=&ot=in,"地質, 地貌",
臺灣臺北地方法院 98 年度建字第 161 號民事判決,https://judgment.judicial.gov.tw/EXPORTFILE/ExportToPdf.aspx?type=JD&id=TPDV%2c98%2c%e5%bb%ba%2c161%2c20100520%2c1&fname=%e8%87%ba%e7%81%a3%e8%87%ba%e5%8c%97%e5%9c%b0%e6%96%b9%e6%b3%95%e9%99%a2+98+%e5%b9%b4%e5%ba%a6%e5%bb%ba%e5%ad%97%e7%ac%ac+161+%e8%99%9f%e6%b0%91%e4%ba%8b%e5%88%a4%e6%b1%ba&lawpara=&ot=in,地質,
臺灣臺北地方法院 98 年度訴字第 784 號民事裁定,https://judgment.judicial.gov.tw/EXPORTFILE/ExportToPdf.aspx?type=JD&id=TPDV%2c98%2c%e8%a8%b4%2c784%2c20111220%2c2&fname=%e8%87%ba%e7%81%a3%e8%87%ba%e5%8c%97%e5%9c%b0%e6%96%b9%e6%b3%95%e9%99%a2+98+%e5%b9%b4%e5%ba%a6%e8%a8%b4%e5%ad%97%e7%ac%ac+784+%e8%99%9f%e6%b0%91%e4%ba%8b%e8%a3%81%e5%ae%9a&lawpara=&ot=in,"颱風, 豪雨, 洪水",
臺灣臺北地方法院 98 年度重訴字第 327 號民事判決,https://judgment.judicial.gov.tw/EXPORTFILE/ExportToPdf.aspx?type=JD&id=TPDV%2c98%2c%e9%87%8d%e8%a8%b4%2c327%2c20101229%2c1&fname=%e8%87%ba%e7%81%a3%e8%87%ba%e5%8c%97%e5%9c%b0%e6%96%b9%e6%b3%95%e9%99%a2+98+%e5%b9%b4%e5%ba%a6%e9%87%8d%e8%a8%b4%e5%ad%97%e7%ac%ac+327+%e8%99%9f%e6%b0%91%e4%ba%8b%e5%88%a4%e6%b1%ba&lawpara=&ot=in,地形,
臺灣臺北地方法院 98 年度重訴字第 393 號民事判決,https://judgment.judicial.gov.tw/EXPORTFILE/ExportToPdf.aspx?type=JD&id=TPDV%2c98%2c%e9%87%8d%e8%a8%b4%2c393%2c20101123%2c2&fname=%e8%87%ba%e7%81%a3%e8%87%ba%e5%8c%97%e5%9c%b0%e6%96%b9%e6%b3%95%e9%99%a2+98+%e5%b9%b4%e5%ba%a6%e9%87%8d%e8%a8%b4%e5%ad%97%e7%ac%ac+393+%e8%99%9f%e6%b0%91%e4%ba%8b%e5%88%a4%e6%b1%ba&lawpara=&ot=in,風災,
臺灣臺北地方法院 99 年度建字第 104 號民事判決,https://judgment.judicial.gov.tw/EXPORTFILE/ExportToPdf.aspx?type=JD&id=TPDV%2c99%2c%e5%bb%ba%2c104%2c20120706%2c1&fname=%e8%87%ba%e7%81%a3%e8%87%ba%e5%8c%97%e5%9c%b0%e6%96%b9%e6%b3%95%e9%99%a2+99+%e5%b9%b4%e5%ba%a6%e5%bb%ba%e5%ad%97%e7%ac%ac+104+%e8%99%9f%e6%b0%91%e4%ba%8b%e5%88%a4%e6%b1%ba&lawpara=&ot=in,颱風,
臺灣臺北地方法院 99 年度建字第 109 號民事判決,https://judgment.judicial.gov.tw/EXPORTFILE/ExportToPdf.aspx?type=JD&id=TPDV%2c99%2c%e5%bb%ba%2c109%2c20111122%2c1&fname=%e8%87%ba%e7%81%a3%e8%87%ba%e5%8c%97%e5%9c%b0%e6%96%b9%e6%b3%95%e9%99%a2+99+%e5%b9%b4%e5%ba%a6%e5%bb%ba%e5%ad%97%e7%ac%ac+109+%e8%99%9f%e6%b0%91%e4%ba%8b%e5%88%a4%e6%b1%ba&lawpara=&ot=in,地質,
臺灣臺北地方法院 99 年度建字第 112 號民事判決,https://judgment.judicial.gov.tw/EXPORTFILE/ExportToPdf.aspx?type=JD&id=TPDV%2c99%2c%e5%bb%ba%2c112%2c20130628%2c1&fname=%e8%87%ba%e7%81%a3%e8%87%ba%e5%8c%97%e5%9c%b0%e6%96%b9%e6%b3%95%e9%99%a2+99+%e5%b9%b4%e5%ba%a6%e5%bb%ba%e5%ad%97%e7%ac%ac+112+%e8%99%9f%e6%b0%91%e4%ba%8b%e5%88%a4%e6%b1%ba&lawpara=&ot=in,"洪水, 地下水位, 豪雨, 颱風, 地質, 地形",
臺灣臺北地方法院 99 年度建字第 115 號民事判決,https://judgment.judicial.gov.tw/EXPORTFILE/ExportToPdf.aspx?type=JD&id=TPDV%2c99%2c%e5%bb%ba%2c115%2c20110318%2c1&fname=%e8%87%ba%e7%81%a3%e8%87%ba%e5%8c%97%e5%9c%b0%e6%96%b9%e6%b3%95%e9%99%a2+99+%e5%b9%b4%e5%ba%a6%e5%bb%ba%e5%ad%97%e7%ac%ac+115+%e8%99%9f%e6%b0%91%e4%ba%8b%e5%88%a4%e6%b1%ba&lawpara=&ot=in,"颱風, 地形",
臺灣臺北地方法院 99 年度建字第 131 號民事判決,https://judgment.judicial.gov.tw/EXPORTFILE/ExportToPdf.aspx?type=JD&id=TPDV%2c99%2c%e5%bb%ba%2c131%2c20110314%2c1&fname=%e8%87%ba%e7%81%a3%e8%87%ba%e5%8c%97%e5%9c%b0%e6%96%b9%e6%b3%95%e9%99%a2+99+%e5%b9%b4%e5%ba%a6%e5%bb%ba%e5%ad%97%e7%ac%ac+131+%e8%99%9f%e6%b0%91%e4%ba%8b%e5%88%a4%e6%b1%ba&lawpara=&ot=in,颱風,
臺灣臺北地方法院 99 年度建字第 142 號民事判決,https://judgment.judicial.gov.tw/EXPORTFILE/ExportToPdf.aspx?type=JD&id=TPDV%2c99%2c%e5%bb%ba%2c142%2c20111230%2c3&fname=%e8%87%ba%e7%81%a3%e8%87%ba%e5%8c%97%e5%9c%b0%e6%96%b9%e6%b3%95%e9%99%a2+99+%e5%b9%b4%e5%ba%a6%e5%bb%ba%e5%ad%97%e7%ac%ac+142+%e8%99%9f%e6%b0%91%e4%ba%8b%e5%88%a4%e6%b1%ba&lawpara=&ot=in,地震,
臺灣臺北地方法院 99 年度建字第 149 號民事判決,https://judgment.judicial.gov.tw/EXPORTFILE/ExportToPdf.aspx?type=JD&id=TPDV%2c99%2c%e5%bb%ba%2c149%2c20110628%2c2&fname=%e8%87%ba%e7%81%a3%e8%87%ba%e5%8c%97%e5%9c%b0%e6%96%b9%e6%b3%95%e9%99%a2+99+%e5%b9%b4%e5%ba%a6%e5%bb%ba%e5%ad%97%e7%ac%ac+149+%e8%99%9f%e6%b0%91%e4%ba%8b%e5%88%a4%e6%b1%ba&lawpara=&ot=in,"地質, 淹水",
臺灣臺北地方法院 99 年度建字第 150 號民事判決,https://judgment.judicial.gov.tw/EXPORTFILE/ExportToPdf.aspx?type=JD&id=TPDV%2c99%2c%e5%bb%ba%2c150%2c20110111%2c2&fname=%e8%87%ba%e7%81%a3%e8%87%ba%e5%8c%97%e5%9c%b0%e6%96%b9%e6%b3%95%e9%99%a2+99+%e5%b9%b4%e5%ba%a6%e5%bb%ba%e5%ad%97%e7%ac%ac+150+%e8%99%9f%e6%b0%91%e4%ba%8b%e5%88%a4%e6%b1%ba&lawpara=&ot=in,"地質, 地貌",
臺灣臺北地方法院 99 年度建字第 157 號民事判決,https://judgment.judicial.gov.tw/EXPORTFILE/ExportToPdf.aspx?type=JD&id=TPDV%2c99%2c%e5%bb%ba%2c157%2c20121228%2c7&fname=%e8%87%ba%e7%81%a3%e8%87%ba%e5%8c%97%e5%9c%b0%e6%96%b9%e6%b3%95%e9%99%a2+99+%e5%b9%b4%e5%ba%a6%e5%bb%ba%e5%ad%97%e7%ac%ac+157+%e8%99%9f%e6%b0%91%e4%ba%8b%e5%88%a4%e6%b1%ba&lawpara=&ot=in,淹水,
臺灣臺北地方法院 99 年度建字第 17 號民事判決,https://judgment.judicial.gov.tw/EXPORTFILE/ExportToPdf.aspx?type=JD&id=TPDV%2c99%2c%e5%bb%ba%2c17%2c20100715%2c3&fname=%e8%87%ba%e7%81%a3%e8%87%ba%e5%8c%97%e5%9c%b0%e6%96%b9%e6%b3%95%e9%99%a2+99+%e5%b9%b4%e5%ba%a6%e5%bb%ba%e5%ad%97%e7%ac%ac+17+%e8%99%9f%e6%b0%91%e4%ba%8b%e5%88%a4%e6%b1%ba&lawpara=&ot=in,"風災, 地質",
臺灣臺北地方法院 99 年度建字第 176 號民事判決,https://judgment.judicial.gov.tw/EXPORTFILE/ExportToPdf.aspx?type=JD&id=TPDV%2c99%2c%e5%bb%ba%2c176%2c20120409%2c4&fname=%e8%87%ba%e7%81%a3%e8%87%ba%e5%8c%97%e5%9c%b0%e6%96%b9%e6%b3%95%e9%99%a2+99+%e5%b9%b4%e5%ba%a6%e5%bb%ba%e5%ad%97%e7%ac%ac+176+%e8%99%9f%e6%b0%91%e4%ba%8b%e5%88%a4%e6%b1%ba&lawpara=&ot=in,"颱風, 地質",
臺灣臺北地方法院 99 年度建字第 19 號民事判決,https://judgment.judicial.gov.tw/EXPORTFILE/ExportToPdf.aspx?type=JD&id=TPDV%2c99%2c%e5%bb%ba%2c19%2c20101110%2c1&fname=%e8%87%ba%e7%81%a3%e8%87%ba%e5%8c%97%e5%9c%b0%e6%96%b9%e6%b3%95%e9%99%a2+99+%e5%b9%b4%e5%ba%a6%e5%bb%ba%e5%ad%97%e7%ac%ac+19+%e8%99%9f%e6%b0%91%e4%ba%8b%e5%88%a4%e6%b1%ba&lawpara=&ot=in,地質,
臺灣臺北地方法院 99 年度建字第 195 號民事判決,https://judgment.judicial.gov.tw/EXPORTFILE/ExportToPdf.aspx?type=JD&id=TPDV%2c99%2c%e5%bb%ba%2c195%2c20110307%2c1&fname=%e8%87%ba%e7%81%a3%e8%87%ba%e5%8c%97%e5%9c%b0%e6%96%b9%e6%b3%95%e9%99%a2+99+%e5%b9%b4%e5%ba%a6%e5%bb%ba%e5%ad%97%e7%ac%ac+195+%e8%99%9f%e6%b0%91%e4%ba%8b%e5%88%a4%e6%b1%ba&lawpara=&ot=in,地形,
臺灣臺北地方法院 99 年度建字第 21 號民事判決,https://judgment.judicial.gov.tw/EXPORTFILE/ExportToPdf.aspx?type=JD&id=TPDV%2c99%2c%e5%bb%ba%2c21%2c20121228%2c3&fname=%e8%87%ba%e7%81%a3%e8%87%ba%e5%8c%97%e5%9c%b0%e6%96%b9%e6%b3%95%e9%99%a2+99+%e5%b9%b4%e5%ba%a6%e5%bb%ba%e5%ad%97%e7%ac%ac+21+%e8%99%9f%e6%b0%91%e4%ba%8b%e5%88%a4%e6%b1%ba&lawpara=&ot=in,地震,
臺灣臺北地方法院 99 年度建字第 215 號民事判決,https://judgment.judicial.gov.tw/EXPORTFILE/ExportToPdf.aspx?type=JD&id=TPDV%2c99%2c%e5%bb%ba%2c215%2c20110826%2c4&fname=%e8%87%ba%e7%81%a3%e8%87%ba%e5%8c%97%e5%9c%b0%e6%96%b9%e6%b3%95%e9%99%a2+99+%e5%b9%b4%e5%ba%a6%e5%bb%ba%e5%ad%97%e7%ac%ac+215+%e8%99%9f%e6%b0%91%e4%ba%8b%e5%88%a4%e6%b1%ba&lawpara=&ot=in,颱風,
臺灣臺北地方法院 99 年度建字第 222 號民事判決,https://judgment.judicial.gov.tw/EXPORTFILE/ExportToPdf.aspx?type=JD&id=TPDV%2c99%2c%e5%bb%ba%2c222%2c20101229%2c2&fname=%e8%87%ba%e7%81%a3%e8%87%ba%e5%8c%97%e5%9c%b0%e6%96%b9%e6%b3%95%e9%99%a2+99+%e5%b9%b4%e5%ba%a6%e5%bb%ba%e5%ad%97%e7%ac%ac+222+%e8%99%9f%e6%b0%91%e4%ba%8b%e5%88%a4%e6%b1%ba&lawpara=&ot=in,"洪水, 豪雨, 地震",
臺灣臺北地方法院 99 年度建字第 258 號民事判決,https://judgment.judicial.gov.tw/EXPORTFILE/ExportToPdf.aspx?type=JD&id=TPDV%2c99%2c%e5%bb%ba%2c258%2c20120405%2c4&fname=%e8%87%ba%e7%81%a3%e8%87%ba%e5%8c%97%e5%9c%b0%e6%96%b9%e6%b3%95%e9%99%a2+99+%e5%b9%b4%e5%ba%a6%e5%bb%ba%e5%ad%97%e7%ac%ac+258+%e8%99%9f%e6%b0%91%e4%ba%8b%e5%88%a4%e6%b1%ba&lawpara=&ot=in,"地質, 地貌",
臺灣臺北地方法院 99 年度建字第 284 號民事判決,https://judgment.judicial.gov.tw/EXPORTFILE/ExportToPdf.aspx?type=JD&id=TPDV%2c99%2c%e5%bb%ba%2c284%2c20110504%2c1&fname=%e8%87%ba%e7%81%a3%e8%87%ba%e5%8c%97%e5%9c%b0%e6%96%b9%e6%b3%95%e9%99%a2+99+%e5%b9%b4%e5%ba%a6%e5%bb%ba%e5%ad%97%e7%ac%ac+284+%e8%99%9f%e6%b0%91%e4%ba%8b%e5%88%a4%e6%b1%ba&lawpara=&ot=in,"淹水, 地質, 風災, 風災, 颱風, 豪雨",
臺灣臺北地方法院 99 年度建字第 286 號民事判決,https://judgment.judicial.gov.tw/EXPORTFILE/ExportToPdf.aspx?type=JD&id=TPDV%2c99%2c%e5%bb%ba%2c286%2c20121115%2c1&fname=%e8%87%ba%e7%81%a3%e8%87%ba%e5%8c%97%e5%9c%b0%e6%96%b9%e6%b3%95%e9%99%a2+99+%e5%b9%b4%e5%ba%a6%e5%bb%ba%e5%ad%97%e7%ac%ac+286+%e8%99%9f%e6%b0%91%e4%ba%8b%e5%88%a4%e6%b1%ba&lawpara=&ot=in,"颱風, 地質, 地形",
臺灣臺北地方法院 99 年度建字第 321 號民事判決,https://judgment.judicial.gov.tw/EXPORTFILE/ExportToPdf.aspx?type=JD&id=TPDV%2c99%2c%e5%bb%ba%2c321%2c20110218%2c1&fname=%e8%87%ba%e7%81%a3%e8%87%ba%e5%8c%97%e5%9c%b0%e6%96%b9%e6%b3%95%e9%99%a2+99+%e5%b9%b4%e5%ba%a6%e5%bb%ba%e5%ad%97%e7%ac%ac+321+%e8%99%9f%e6%b0%91%e4%ba%8b%e5%88%a4%e6%b1%ba&lawpara=&ot=in,"颱風, 地質, 豪雨",
臺灣臺北地方法院 99 年度建字第 323 號民事判決,https://judgment.judicial.gov.tw/EXPORTFILE/ExportToPdf.aspx?type=JD&id=TPDV%2c99%2c%e5%bb%ba%2c323%2c20110825%2c1&fname=%e8%87%ba%e7%81%a3%e8%87%ba%e5%8c%97%e5%9c%b0%e6%96%b9%e6%b3%95%e9%99%a2+99+%e5%b9%b4%e5%ba%a6%e5%bb%ba%e5%ad%97%e7%ac%ac+323+%e8%99%9f%e6%b0%91%e4%ba%8b%e5%88%a4%e6%b1%ba&lawpara=&ot=in,"水災, 地質, 風災, 風災, 颱風, 豪雨",
臺灣臺北地方法院 99 年度建字第 357 號民事判決,https://judgment.judicial.gov.tw/EXPORTFILE/ExportToPdf.aspx?type=JD&id=TPDV%2c99%2c%e5%bb%ba%2c357%2c20111130%2c3&fname=%e8%87%ba%e7%81%a3%e8%87%ba%e5%8c%97%e5%9c%b0%e6%96%b9%e6%b3%95%e9%99%a2+99+%e5%b9%b4%e5%ba%a6%e5%bb%ba%e5%ad%97%e7%ac%ac+357+%e8%99%9f%e6%b0%91%e4%ba%8b%e5%88%a4%e6%b1%ba&lawpara=&ot=in,"颱風, 豪雨",
臺灣臺北地方法院 99 年度建字第 36 號民事判決,https://judgment.judicial.gov.tw/EXPORTFILE/ExportToPdf.aspx?type=JD&id=TPDV%2c99%2c%e5%bb%ba%2c36%2c20121217%2c2&fname=%e8%87%ba%e7%81%a3%e8%87%ba%e5%8c%97%e5%9c%b0%e6%96%b9%e6%b3%95%e9%99%a2+99+%e5%b9%b4%e5%ba%a6%e5%bb%ba%e5%ad%97%e7%ac%ac+36+%e8%99%9f%e6%b0%91%e4%ba%8b%e5%88%a4%e6%b1%ba&lawpara=&ot=in,地質,
臺灣臺北地方法院 99 年度建字第 376 號民事判決,https://judgment.judicial.gov.tw/EXPORTFILE/ExportToPdf.aspx?type=JD&id=TPDV%2c99%2c%e5%bb%ba%2c376%2c20150409%2c1&fname=%e8%87%ba%e7%81%a3%e8%87%ba%e5%8c%97%e5%9c%b0%e6%96%b9%e6%b3%95%e9%99%a2+99+%e5%b9%b4%e5%ba%a6%e5%bb%ba%e5%ad%97%e7%ac%ac+376+%e8%99%9f%e6%b0%91%e4%ba%8b%e5%88%a4%e6%b1%ba&lawpara=&ot=in,地質,
臺灣臺北地方法院 99 年度建字第 40 號民事判決,https://judgment.judicial.gov.tw/EXPORTFILE/ExportToPdf.aspx?type=JD&id=TPDV%2c99%2c%e5%bb%ba%2c40%2c20130429%2c4&fname=%e8%87%ba%e7%81%a3%e8%87%ba%e5%8c%97%e5%9c%b0%e6%96%b9%e6%b3%95%e9%99%a2+99+%e5%b9%b4%e5%ba%a6%e5%bb%ba%e5%ad%97%e7%ac%ac+40+%e8%99%9f%e6%b0%91%e4%ba%8b%e5%88%a4%e6%b1%ba&lawpara=&ot=in,颱風,
臺灣臺北地方法院 99 年度建字第 55 號民事判決,https://judgment.judicial.gov.tw/EXPORTFILE/ExportToPdf.aspx?type=JD&id=TPDV%2c99%2c%e5%bb%ba%2c55%2c20130828%2c1&fname=%e8%87%ba%e7%81%a3%e8%87%ba%e5%8c%97%e5%9c%b0%e6%96%b9%e6%b3%95%e9%99%a2+99+%e5%b9%b4%e5%ba%a6%e5%bb%ba%e5%ad%97%e7%ac%ac+55+%e8%99%9f%e6%b0%91%e4%ba%8b%e5%88%a4%e6%b1%ba&lawpara=&ot=in,"颱風, 淹水",
臺灣臺北地方法院 99 年度建字第 95 號民事判決,https://judgment.judicial.gov.tw/EXPORTFILE/ExportToPdf.aspx?type=JD&id=TPDV%2c99%2c%e5%bb%ba%2c95%2c20110310%2c1&fname=%e8%87%ba%e7%81%a3%e8%87%ba%e5%8c%97%e5%9c%b0%e6%96%b9%e6%b3%95%e9%99%a2+99+%e5%b9%b4%e5%ba%a6%e5%bb%ba%e5%ad%97%e7%ac%ac+95+%e8%99%9f%e6%b0%91%e4%ba%8b%e5%88%a4%e6%b1%ba&lawpara=&ot=in,戰爭,
臺灣臺北地方法院 99 年度訴字第 137 號民事判決,https://judgment.judicial.gov.tw/EXPORTFILE/ExportToPdf.aspx?type=JD&id=TPDV%2c99%2c%e8%a8%b4%2c137%2c20101208%2c1&fname=%e8%87%ba%e7%81%a3%e8%87%ba%e5%8c%97%e5%9c%b0%e6%96%b9%e6%b3%95%e9%99%a2+99+%e5%b9%b4%e5%ba%a6%e8%a8%b4%e5%ad%97%e7%ac%ac+137+%e8%99%9f%e6%b0%91%e4%ba%8b%e5%88%a4%e6%b1%ba&lawpara=&ot=in,戰爭,
臺灣臺南地方法院 100 年度建字第 16 號民事判決,https://judgment.judicial.gov.tw/EXPORTFILE/ExportToPdf.aspx?type=JD&id=TNDV%2c100%2c%e5%bb%ba%2c16%2c20150127%2c1&fname=%e8%87%ba%e7%81%a3%e8%87%ba%e5%8d%97%e5%9c%b0%e6%96%b9%e6%b3%95%e9%99%a2+100+%e5%b9%b4%e5%ba%a6%e5%bb%ba%e5%ad%97%e7%ac%ac+16+%e8%99%9f%e6%b0%91%e4%ba%8b%e5%88%a4%e6%b1%ba&lawpara=&ot=in,"地質, 地下水位",
臺灣臺南地方法院 100 年度建字第 3 號民事判決,https://judgment.judicial.gov.tw/EXPORTFILE/ExportToPdf.aspx?type=JD&id=TNDV%2c100%2c%e5%bb%ba%2c3%2c20110620%2c2&fname=%e8%87%ba%e7%81%a3%e8%87%ba%e5%8d%97%e5%9c%b0%e6%96%b9%e6%b3%95%e9%99%a2+100+%e5%b9%b4%e5%ba%a6%e5%bb%ba%e5%ad%97%e7%ac%ac+3+%e8%99%9f%e6%b0%91%e4%ba%8b%e5%88%a4%e6%b1%ba&lawpara=&ot=in,"颱風, 水災, 豪雨, 地震",
臺灣臺南地方法院 101 年度建字第 31 號民事判決,https://judgment.judicial.gov.tw/EXPORTFILE/ExportToPdf.aspx?type=JD&id=TNDV%2c101%2c%e5%bb%ba%2c31%2c20140620%2c1&fname=%e8%87%ba%e7%81%a3%e8%87%ba%e5%8d%97%e5%9c%b0%e6%96%b9%e6%b3%95%e9%99%a2+101+%e5%b9%b4%e5%ba%a6%e5%bb%ba%e5%ad%97%e7%ac%ac+31+%e8%99%9f%e6%b0%91%e4%ba%8b%e5%88%a4%e6%b1%ba&lawpara=&ot=in,"颱風, 水災, 豪雨, 地震",
臺灣臺南地方法院 101 年度重訴字第 148 號民事判決,https://judgment.judicial.gov.tw/EXPORTFILE/ExportToPdf.aspx?type=JD&id=TNDV%2c101%2c%e9%87%8d%e8%a8%b4%2c148%2c20150731%2c1&fname=%e8%87%ba%e7%81%a3%e8%87%ba%e5%8d%97%e5%9c%b0%e6%96%b9%e6%b3%95%e9%99%a2+101+%e5%b9%b4%e5%ba%a6%e9%87%8d%e8%a8%b4%e5%ad%97%e7%ac%ac+148+%e8%99%9f%e6%b0%91%e4%ba%8b%e5%88%a4%e6%b1%ba&lawpara=&ot=in,"地質, 風災, 風災, 颱風, 地形",
臺灣臺南地方法院 103 年度重訴字第 68 號民事判決,https://judgment.judicial.gov.tw/EXPORTFILE/ExportToPdf.aspx?type=JD&id=TNDV%2c103%2c%e9%87%8d%e8%a8%b4%2c68%2c20150331%2c1&fname=%e8%87%ba%e7%81%a3%e8%87%ba%e5%8d%97%e5%9c%b0%e6%96%b9%e6%b3%95%e9%99%a2+103+%e5%b9%b4%e5%ba%a6%e9%87%8d%e8%a8%b4%e5%ad%97%e7%ac%ac+68+%e8%99%9f%e6%b0%91%e4%ba%8b%e5%88%a4%e6%b1%ba&lawpara=&ot=in,"地貌, 地形",
臺灣臺南地方法院 104 年度重訴字第 101 號民事判決,https://judgment.judicial.gov.tw/EXPORTFILE/ExportToPdf.aspx?type=JD&id=TNDV%2c104%2c%e9%87%8d%e8%a8%b4%2c101%2c20160509%2c2&fname=%e8%87%ba%e7%81%a3%e8%87%ba%e5%8d%97%e5%9c%b0%e6%96%b9%e6%b3%95%e9%99%a2+104+%e5%b9%b4%e5%ba%a6%e9%87%8d%e8%a8%b4%e5%ad%97%e7%ac%ac+101+%e8%99%9f%e6%b0%91%e4%ba%8b%e5%88%a4%e6%b1%ba&lawpara=&ot=in,戰爭,
臺灣臺南地方法院 104 年度重訴字第 195 號民事判決,https://judgment.judicial.gov.tw/EXPORTFILE/ExportToPdf.aspx?type=JD&id=TNDV%2c104%2c%e9%87%8d%e8%a8%b4%2c195%2c20161230%2c1&fname=%e8%87%ba%e7%81%a3%e8%87%ba%e5%8d%97%e5%9c%b0%e6%96%b9%e6%b3%95%e9%99%a2+104+%e5%b9%b4%e5%ba%a6%e9%87%8d%e8%a8%b4%e5%ad%97%e7%ac%ac+195+%e8%99%9f%e6%b0%91%e4%ba%8b%e5%88%a4%e6%b1%ba&lawpara=&ot=in,"地貌, 風災, 風災, 颱風, 豪雨, 地質, 地形",
臺灣臺南地方法院 106 年度重訴字第 240 號民事判決,https://judgment.judicial.gov.tw/PdfWithLine/GetPDF.ashx?jrecno=106%2c%e9%87%8d%e8%a8%b4%2c240%2c20190611%2c2&tablename=TNDV&fname=%e8%87%ba%e7%81%a3%e8%87%ba%e5%8d%97%e5%9c%b0%e6%96%b9%e6%b3%95%e9%99%a2106%e5%b9%b4%e5%ba%a6%e9%87%8d%e8%a8%b4%e5%ad%97%e7%ac%ac240%e8%99%9f%e6%b0%91%e4%ba%8b%e5%88%a4%e6%b1%ba,"洪水, 地震, 豪雨, 颱風, 颱風, 天氣",
臺灣臺南地方法院 107 年度建字第 18 號民事判決,https://judgment.judicial.gov.tw/PdfWithLine/GetPDF.ashx?jrecno=107%2c%e5%bb%ba%2c18%2c20190419%2c1&tablename=TNDV&fname=%e8%87%ba%e7%81%a3%e8%87%ba%e5%8d%97%e5%9c%b0%e6%96%b9%e6%b3%95%e9%99%a2107%e5%b9%b4%e5%ba%a6%e5%bb%ba%e5%ad%97%e7%ac%ac18%e8%99%9f%e6%b0%91%e4%ba%8b%e5%88%a4%e6%b1%ba,天氣,
臺灣臺南地方法院 107 年度建字第 35 號民事判決,https://judgment.judicial.gov.tw/PdfWithLine/GetPDF.ashx?jrecno=107%2c%e5%bb%ba%2c35%2c20190523%2c1&tablename=TNDV&fname=%e8%87%ba%e7%81%a3%e8%87%ba%e5%8d%97%e5%9c%b0%e6%96%b9%e6%b3%95%e9%99%a2107%e5%b9%b4%e5%ba%a6%e5%bb%ba%e5%ad%97%e7%ac%ac35%e8%99%9f%e6%b0%91%e4%ba%8b%e5%88%a4%e6%b1%ba,地質,
臺灣臺南地方法院 108 年度建字第 24 號民事判決,https://judgment.judicial.gov.tw/FILES/TNDV/108%2c%e5%bb%ba%2c24%2c20220408%2c1.pdf,"颱風, 豪雨, 地震",
臺灣臺南地方法院 109 年度建字第 70 號民事判決,https://judgment.judicial.gov.tw/FILES/TNDV/109%2c%e5%bb%ba%2c70%2c20211125%2c1.pdf,地形,
臺灣臺南地方法院 91 年度訴字第 1832 號民事判決,https://judgment.judicial.gov.tw/EXPORTFILE/ExportToPdf.aspx?type=JD&id=TNDV%2c91%2c%e8%a8%b4%2c1832%2c20031117%2c2&fname=%e8%87%ba%e7%81%a3%e8%87%ba%e5%8d%97%e5%9c%b0%e6%96%b9%e6%b3%95%e9%99%a2+91+%e5%b9%b4%e5%ba%a6%e8%a8%b4%e5%ad%97%e7%ac%ac+1832+%e8%99%9f%e6%b0%91%e4%ba%8b%e5%88%a4%e6%b1%ba&lawpara=&ot=in,"地質, 地下水位, 地貌, 地形",
臺灣臺南地方法院 91 年度重訴字第 475 號民事判決,https://judgment.judicial.gov.tw/EXPORTFILE/ExportToPdf.aspx?type=JD&id=TNDV%2c91%2c%e9%87%8d%e8%a8%b4%2c475%2c20020918%2c1&fname=%e8%87%ba%e7%81%a3%e8%87%ba%e5%8d%97%e5%9c%b0%e6%96%b9%e6%b3%95%e9%99%a2+91+%e5%b9%b4%e5%ba%a6%e9%87%8d%e8%a8%b4%e5%ad%97%e7%ac%ac+475+%e8%99%9f%e6%b0%91%e4%ba%8b%e5%88%a4%e6%b1%ba&lawpara=&ot=in,地質,
臺灣臺南地方法院 93 年度訴字第 1607 號民事判決,https://judgment.judicial.gov.tw/EXPORTFILE/ExportToPdf.aspx?type=JD&id=TNDV%2c93%2c%e8%a8%b4%2c1607%2c20121226%2c5&fname=%e8%87%ba%e7%81%a3%e8%87%ba%e5%8d%97%e5%9c%b0%e6%96%b9%e6%b3%95%e9%99%a2+93+%e5%b9%b4%e5%ba%a6%e8%a8%b4%e5%ad%97%e7%ac%ac+1607+%e8%99%9f%e6%b0%91%e4%ba%8b%e5%88%a4%e6%b1%ba&lawpara=&ot=in,颱風,
臺灣臺南地方法院 93 年度訴字第 557 號民事判決,https://judgment.judicial.gov.tw/EXPORTFILE/ExportToPdf.aspx?type=JD&id=TNDV%2c93%2c%e8%a8%b4%2c557%2c20060307%2c2&fname=%e8%87%ba%e7%81%a3%e8%87%ba%e5%8d%97%e5%9c%b0%e6%96%b9%e6%b3%95%e9%99%a2+93+%e5%b9%b4%e5%ba%a6%e8%a8%b4%e5%ad%97%e7%ac%ac+557+%e8%99%9f%e6%b0%91%e4%ba%8b%e5%88%a4%e6%b1%ba&lawpara=&ot=in,地質,
臺灣臺南地方法院 93 年度重訴字第 188 號民事判決,https://judgment.judicial.gov.tw/EXPORTFILE/ExportToPdf.aspx?type=JD&id=TNDV%2c93%2c%e9%87%8d%e8%a8%b4%2c188%2c20091127%2c2&fname=%e8%87%ba%e7%81%a3%e8%87%ba%e5%8d%97%e5%9c%b0%e6%96%b9%e6%b3%95%e9%99%a2+93+%e5%b9%b4%e5%ba%a6%e9%87%8d%e8%a8%b4%e5%ad%97%e7%ac%ac+188+%e8%99%9f%e6%b0%91%e4%ba%8b%e5%88%a4%e6%b1%ba&lawpara=&ot=in,"地質, 地下水位, 豪雨",
臺灣臺南地方法院 93 年度重訴更字第 3 號民事判決,https://judgment.judicial.gov.tw/EXPORTFILE/ExportToPdf.aspx?type=JD&id=TNDV%2c93%2c%e9%87%8d%e8%a8%b4%e6%9b%b4%2c3%2c20060324%2c1&fname=%e8%87%ba%e7%81%a3%e8%87%ba%e5%8d%97%e5%9c%b0%e6%96%b9%e6%b3%95%e9%99%a2+93+%e5%b9%b4%e5%ba%a6%e9%87%8d%e8%a8%b4%e6%9b%b4%e5%ad%97%e7%ac%ac+3+%e8%99%9f%e6%b0%91%e4%ba%8b%e5%88%a4%e6%b1%ba&lawpara=&ot=in,"地震, 洪水, 水災, 豪雨, 淹水, 風災, 風災, 天氣",
臺灣臺南地方法院 94 年度建字第 45 號民事判決,https://judgment.judicial.gov.tw/EXPORTFILE/ExportToPdf.aspx?type=JD&id=TNDV%2c94%2c%e5%bb%ba%2c45%2c20080306%2c3&fname=%e8%87%ba%e7%81%a3%e8%87%ba%e5%8d%97%e5%9c%b0%e6%96%b9%e6%b3%95%e9%99%a2+94+%e5%b9%b4%e5%ba%a6%e5%bb%ba%e5%ad%97%e7%ac%ac+45+%e8%99%9f%e6%b0%91%e4%ba%8b%e5%88%a4%e6%b1%ba&lawpara=&ot=in,"地質, 地震",
臺灣臺南地方法院 95 年度建字第 16 號民事判決,https://judgment.judicial.gov.tw/EXPORTFILE/ExportToPdf.aspx?type=JD&id=TNDV%2c95%2c%e5%bb%ba%2c16%2c20091016%2c3&fname=%e8%87%ba%e7%81%a3%e8%87%ba%e5%8d%97%e5%9c%b0%e6%96%b9%e6%b3%95%e9%99%a2+95+%e5%b9%b4%e5%ba%a6%e5%bb%ba%e5%ad%97%e7%ac%ac+16+%e8%99%9f%e6%b0%91%e4%ba%8b%e5%88%a4%e6%b1%ba&lawpara=&ot=in,地形,
臺灣臺南地方法院 95 年度重訴字第 15 號民事判決,https://judgment.judicial.gov.tw/EXPORTFILE/ExportToPdf.aspx?type=JD&id=TNDV%2c95%2c%e9%87%8d%e8%a8%b4%2c15%2c20070530%2c1&fname=%e8%87%ba%e7%81%a3%e8%87%ba%e5%8d%97%e5%9c%b0%e6%96%b9%e6%b3%95%e9%99%a2+95+%e5%b9%b4%e5%ba%a6%e9%87%8d%e8%a8%b4%e5%ad%97%e7%ac%ac+15+%e8%99%9f%e6%b0%91%e4%ba%8b%e5%88%a4%e6%b1%ba&lawpara=&ot=in,地震,
臺灣臺南地方法院 96 年度建字第 12 號民事判決,https://judgment.judicial.gov.tw/EXPORTFILE/ExportToPdf.aspx?type=JD&id=TNDV%2c96%2c%e5%bb%ba%2c12%2c20081224%2c2&fname=%e8%87%ba%e7%81%a3%e8%87%ba%e5%8d%97%e5%9c%b0%e6%96%b9%e6%b3%95%e9%99%a2+96+%e5%b9%b4%e5%ba%a6%e5%bb%ba%e5%ad%97%e7%ac%ac+12+%e8%99%9f%e6%b0%91%e4%ba%8b%e5%88%a4%e6%b1%ba&lawpara=&ot=in,豪雨,
臺灣臺南地方法院 96 年度建字第 6 號民事判決,https://judgment.judicial.gov.tw/EXPORTFILE/ExportToPdf.aspx?type=JD&id=TNDV%2c96%2c%e5%bb%ba%2c6%2c20071023%2c2&fname=%e8%87%ba%e7%81%a3%e8%87%ba%e5%8d%97%e5%9c%b0%e6%96%b9%e6%b3%95%e9%99%a2+96+%e5%b9%b4%e5%ba%a6%e5%bb%ba%e5%ad%97%e7%ac%ac+6+%e8%99%9f%e6%b0%91%e4%ba%8b%e5%88%a4%e6%b1%ba&lawpara=&ot=in,地質,
臺灣臺南地方法院 97 年度建字第 22 號民事判決,https://judgment.judicial.gov.tw/EXPORTFILE/ExportToPdf.aspx?type=JD&id=TNDV%2c97%2c%e5%bb%ba%2c22%2c20090827%2c1&fname=%e8%87%ba%e7%81%a3%e8%87%ba%e5%8d%97%e5%9c%b0%e6%96%b9%e6%b3%95%e9%99%a2+97+%e5%b9%b4%e5%ba%a6%e5%bb%ba%e5%ad%97%e7%ac%ac+22+%e8%99%9f%e6%b0%91%e4%ba%8b%e5%88%a4%e6%b1%ba&lawpara=&ot=in,地質,
臺灣臺南地方法院 97 年度建字第 24 號民事判決,https://judgment.judicial.gov.tw/EXPORTFILE/ExportToPdf.aspx?type=JD&id=TNDV%2c97%2c%e5%bb%ba%2c24%2c20081001%2c1&fname=%e8%87%ba%e7%81%a3%e8%87%ba%e5%8d%97%e5%9c%b0%e6%96%b9%e6%b3%95%e9%99%a2+97+%e5%b9%b4%e5%ba%a6%e5%bb%ba%e5%ad%97%e7%ac%ac+24+%e8%99%9f%e6%b0%91%e4%ba%8b%e5%88%a4%e6%b1%ba&lawpara=&ot=in,地質,
臺灣臺南地方法院 99 年度重訴字第 78 號民事判決,https://judgment.judicial.gov.tw/EXPORTFILE/ExportToPdf.aspx?type=JD&id=TNDV%2c99%2c%e9%87%8d%e8%a8%b4%2c78%2c20140430%2c6&fname=%e8%87%ba%e7%81%a3%e8%87%ba%e5%8d%97%e5%9c%b0%e6%96%b9%e6%b3%95%e9%99%a2+99+%e5%b9%b4%e5%ba%a6%e9%87%8d%e8%a8%b4%e5%ad%97%e7%ac%ac+78+%e8%99%9f%e6%b0%91%e4%ba%8b%e5%88%a4%e6%b1%ba&lawpara=&ot=in,"颱風, 戰爭, 地質",
臺灣臺南地方法院 99 年度重訴字第 94 號民事判決,https://judgment.judicial.gov.tw/EXPORTFILE/ExportToPdf.aspx?type=JD&id=TNDV%2c99%2c%e9%87%8d%e8%a8%b4%2c94%2c20111206%2c1&fname=%e8%87%ba%e7%81%a3%e8%87%ba%e5%8d%97%e5%9c%b0%e6%96%b9%e6%b3%95%e9%99%a2+99+%e5%b9%b4%e5%ba%a6%e9%87%8d%e8%a8%b4%e5%ad%97%e7%ac%ac+94+%e8%99%9f%e6%b0%91%e4%ba%8b%e5%88%a4%e6%b1%ba&lawpara=&ot=in,"颱風, 淹水",
臺灣臺東地方法院 101 年度建字第 1 號民事判決,https://judgment.judicial.gov.tw/EXPORTFILE/ExportToPdf.aspx?type=JD&id=TTDV%2c101%2c%e5%bb%ba%2c1%2c20120907%2c1&fname=%e8%87%ba%e7%81%a3%e8%87%ba%e6%9d%b1%e5%9c%b0%e6%96%b9%e6%b3%95%e9%99%a2+101+%e5%b9%b4%e5%ba%a6%e5%bb%ba%e5%ad%97%e7%ac%ac+1+%e8%99%9f%e6%b0%91%e4%ba%8b%e5%88%a4%e6%b1%ba&lawpara=&ot=in,"颱風, 地形, 洪水",
臺灣臺東地方法院 107 年度建字第 9 號民事判決,https://judgment.judicial.gov.tw/PdfWithLine/GetPDF.ashx?jrecno=107%2c%e5%bb%ba%2c9%2c20200826%2c1&tablename=TTDV&fname=%e8%87%ba%e7%81%a3%e8%87%ba%e6%9d%b1%e5%9c%b0%e6%96%b9%e6%b3%95%e9%99%a2107%e5%b9%b4%e5%ba%a6%e5%bb%ba%e5%ad%97%e7%ac%ac9%e8%99%9f%e6%b0%91%e4%ba%8b%e5%88%a4%e6%b1%ba,地質,
臺灣臺東地方法院 94 年度重訴字第 12 號民事判決,https://judgment.judicial.gov.tw/EXPORTFILE/ExportToPdf.aspx?type=JD&id=TTDV%2c94%2c%e9%87%8d%e8%a8%b4%2c12%2c20070731%2c1&fname=%e8%87%ba%e7%81%a3%e8%87%ba%e6%9d%b1%e5%9c%b0%e6%96%b9%e6%b3%95%e9%99%a2+94+%e5%b9%b4%e5%ba%a6%e9%87%8d%e8%a8%b4%e5%ad%97%e7%ac%ac+12+%e8%99%9f%e6%b0%91%e4%ba%8b%e5%88%a4%e6%b1%ba&lawpara=&ot=in,"豪雨, 洪水",
臺灣花蓮地方法院 100 年度建字第 8 號民事判決,https://judgment.judicial.gov.tw/EXPORTFILE/ExportToPdf.aspx?type=JD&id=HLDV%2c100%2c%e5%bb%ba%2c8%2c20131231%2c1&fname=%e8%87%ba%e7%81%a3%e8%8a%b1%e8%93%ae%e5%9c%b0%e6%96%b9%e6%b3%95%e9%99%a2+100+%e5%b9%b4%e5%ba%a6%e5%bb%ba%e5%ad%97%e7%ac%ac+8+%e8%99%9f%e6%b0%91%e4%ba%8b%e5%88%a4%e6%b1%ba&lawpara=&ot=in,"颱風, 地質",
臺灣花蓮地方法院 104 年度建字第 15 號民事判決,https://judgment.judicial.gov.tw/EXPORTFILE/ExportToPdf.aspx?type=JD&id=HLDV%2c104%2c%e5%bb%ba%2c15%2c20161230%2c1&fname=%e8%87%ba%e7%81%a3%e8%8a%b1%e8%93%ae%e5%9c%b0%e6%96%b9%e6%b3%95%e9%99%a2+104+%e5%b9%b4%e5%ba%a6%e5%bb%ba%e5%ad%97%e7%ac%ac+15+%e8%99%9f%e6%b0%91%e4%ba%8b%e5%88%a4%e6%b1%ba&lawpara=&ot=in,"颱風, 豪雨",
臺灣花蓮地方法院 104 年度建字第 16 號民事判決,https://judgment.judicial.gov.tw/EXPORTFILE/ExportToPdf.aspx?type=JD&id=HLDV%2c104%2c%e5%bb%ba%2c16%2c20160919%2c1&fname=%e8%87%ba%e7%81%a3%e8%8a%b1%e8%93%ae%e5%9c%b0%e6%96%b9%e6%b3%95%e9%99%a2+104+%e5%b9%b4%e5%ba%a6%e5%bb%ba%e5%ad%97%e7%ac%ac+16+%e8%99%9f%e6%b0%91%e4%ba%8b%e5%88%a4%e6%b1%ba&lawpara=&ot=in,"颱風, 豪雨",
臺灣花蓮地方法院 104 年度建字第 19 號民事判決,https://judgment.judicial.gov.tw/EXPORTFILE/ExportToPdf.aspx?type=JD&id=HLDV%2c104%2c%e5%bb%ba%2c19%2c20161031%2c1&fname=%e8%87%ba%e7%81%a3%e8%8a%b1%e8%93%ae%e5%9c%b0%e6%96%b9%e6%b3%95%e9%99%a2+104+%e5%b9%b4%e5%ba%a6%e5%bb%ba%e5%ad%97%e7%ac%ac+19+%e8%99%9f%e6%b0%91%e4%ba%8b%e5%88%a4%e6%b1%ba&lawpara=&ot=in,"水災, 風災, 風災, 颱風, 豪雨",
臺灣花蓮地方法院 104 年度建字第 2 號民事判決,https://judgment.judicial.gov.tw/EXPORTFILE/ExportToPdf.aspx?type=JD&id=HLDV%2c104%2c%e5%bb%ba%2c2%2c20160930%2c1&fname=%e8%87%ba%e7%81%a3%e8%8a%b1%e8%93%ae%e5%9c%b0%e6%96%b9%e6%b3%95%e9%99%a2+104+%e5%b9%b4%e5%ba%a6%e5%bb%ba%e5%ad%97%e7%ac%ac+2+%e8%99%9f%e6%b0%91%e4%ba%8b%e5%88%a4%e6%b1%ba&lawpara=&ot=in,"風災, 風災, 颱風, 豪雨",
臺灣花蓮地方法院 104 年度建字第 24 號民事判決,https://judgment.judicial.gov.tw/EXPORTFILE/ExportToPdf.aspx?type=JD&id=HLDV%2c104%2c%e5%bb%ba%2c24%2c20170822%2c1&fname=%e8%87%ba%e7%81%a3%e8%8a%b1%e8%93%ae%e5%9c%b0%e6%96%b9%e6%b3%95%e9%99%a2+104+%e5%b9%b4%e5%ba%a6%e5%bb%ba%e5%ad%97%e7%ac%ac+24+%e8%99%9f%e6%b0%91%e4%ba%8b%e5%88%a4%e6%b1%ba&lawpara=&ot=in,地形,
臺灣花蓮地方法院 105 年度建字第 13 號民事判決,https://judgment.judicial.gov.tw/EXPORTFILE/ExportToPdf.aspx?type=JD&id=HLDV%2c105%2c%e5%bb%ba%2c13%2c20170816%2c1&fname=%e8%87%ba%e7%81%a3%e8%8a%b1%e8%93%ae%e5%9c%b0%e6%96%b9%e6%b3%95%e9%99%a2+105+%e5%b9%b4%e5%ba%a6%e5%bb%ba%e5%ad%97%e7%ac%ac+13+%e8%99%9f%e6%b0%91%e4%ba%8b%e5%88%a4%e6%b1%ba&lawpara=&ot=in,"洪水, 地震, 水災, 豪雨, 颱風",
臺灣花蓮地方法院 106 年度建字第 15 號民事判決,https://judgment.judicial.gov.tw/PdfWithLine/GetPDF.ashx?jrecno=106%2c%e5%bb%ba%2c15%2c20190823%2c1&tablename=HLDV&fname=%e8%87%ba%e7%81%a3%e8%8a%b1%e8%93%ae%e5%9c%b0%e6%96%b9%e6%b3%95%e9%99%a2106%e5%b9%b4%e5%ba%a6%e5%bb%ba%e5%ad%97%e7%ac%ac15%e8%99%9f%e6%b0%91%e4%ba%8b%e5%88%a4%e6%b1%ba,颱風,
臺灣花蓮地方法院 107 年度建字第 10 號民事判決,https://judgment.judicial.gov.tw/PdfWithLine/GetPDF.ashx?jrecno=107%2c%e5%bb%ba%2c10%2c20200807%2c1&tablename=HLDV&fname=%e8%87%ba%e7%81%a3%e8%8a%b1%e8%93%ae%e5%9c%b0%e6%96%b9%e6%b3%95%e9%99%a2107%e5%b9%b4%e5%ba%a6%e5%bb%ba%e5%ad%97%e7%ac%ac10%e8%99%9f%e6%b0%91%e4%ba%8b%e5%88%a4%e6%b1%ba,"颱風, 地質, 風災, 風災, 颱風",
臺灣花蓮地方法院 108 年度建字第 6 號民事判決,https://judgment.judicial.gov.tw/PdfWithLine/GetPDF.ashx?jrecno=108%2c%e5%bb%ba%2c6%2c20210310%2c1&tablename=HLDV&fname=%e8%87%ba%e7%81%a3%e8%8a%b1%e8%93%ae%e5%9c%b0%e6%96%b9%e6%b3%95%e9%99%a2108%e5%b9%b4%e5%ba%a6%e5%bb%ba%e5%ad%97%e7%ac%ac6%e8%99%9f%e6%b0%91%e4%ba%8b%e5%88%a4%e6%b1%ba,地震,
臺灣花蓮地方法院 95 年度訴字第 240 號民事判決,https://judgment.judicial.gov.tw/EXPORTFILE/ExportToPdf.aspx?type=JD&id=HLDV%2c95%2c%e8%a8%b4%2c240%2c20070409%2c1&fname=%e8%87%ba%e7%81%a3%e8%8a%b1%e8%93%ae%e5%9c%b0%e6%96%b9%e6%b3%95%e9%99%a2+95+%e5%b9%b4%e5%ba%a6%e8%a8%b4%e5%ad%97%e7%ac%ac+240+%e8%99%9f%e6%b0%91%e4%ba%8b%e5%88%a4%e6%b1%ba&lawpara=&ot=in,風災,
臺灣花蓮地方法院 96 年度訴字第 258 號民事判決,https://judgment.judicial.gov.tw/EXPORTFILE/ExportToPdf.aspx?type=JD&id=HLDV%2c96%2c%e8%a8%b4%2c258%2c20081119%2c1&fname=%e8%87%ba%e7%81%a3%e8%8a%b1%e8%93%ae%e5%9c%b0%e6%96%b9%e6%b3%95%e9%99%a2+96+%e5%b9%b4%e5%ba%a6%e8%a8%b4%e5%ad%97%e7%ac%ac+258+%e8%99%9f%e6%b0%91%e4%ba%8b%e5%88%a4%e6%b1%ba&lawpara=&ot=in,地質,
臺灣苗栗地方法院 104 年度苗簡字第 16 號民事判決,https://judgment.judicial.gov.tw/EXPORTFILE/ExportToPdf.aspx?type=JD&id=MLDV%2c104%2c%e8%8b%97%e7%b0%a1%2c16%2c20151028%2c1&fname=%e8%87%ba%e7%81%a3%e8%8b%97%e6%a0%97%e5%9c%b0%e6%96%b9%e6%b3%95%e9%99%a2+104+%e5%b9%b4%e5%ba%a6%e8%8b%97%e7%b0%a1%e5%ad%97%e7%ac%ac+16+%e8%99%9f%e6%b0%91%e4%ba%8b%e5%88%a4%e6%b1%ba&lawpara=&ot=in,颱風,
臺灣苗栗地方法院 105 年度建字第 4 號民事判決,https://judgment.judicial.gov.tw/EXPORTFILE/ExportToPdf.aspx?type=JD&id=MLDV%2c105%2c%e5%bb%ba%2c4%2c20170731%2c2&fname=%e8%87%ba%e7%81%a3%e8%8b%97%e6%a0%97%e5%9c%b0%e6%96%b9%e6%b3%95%e9%99%a2+105+%e5%b9%b4%e5%ba%a6%e5%bb%ba%e5%ad%97%e7%ac%ac+4+%e8%99%9f%e6%b0%91%e4%ba%8b%e5%88%a4%e6%b1%ba&lawpara=&ot=in,"颱風, 豪雨",
臺灣苗栗地方法院 92 年度訴字第 43 號民事判決,https://judgment.judicial.gov.tw/EXPORTFILE/ExportToPdf.aspx?type=JD&id=MLDV%2c92%2c%e8%a8%b4%2c43%2c20030630%2c1&fname=%e8%87%ba%e7%81%a3%e8%8b%97%e6%a0%97%e5%9c%b0%e6%96%b9%e6%b3%95%e9%99%a2+92+%e5%b9%b4%e5%ba%a6%e8%a8%b4%e5%ad%97%e7%ac%ac+43+%e8%99%9f%e6%b0%91%e4%ba%8b%e5%88%a4%e6%b1%ba&lawpara=&ot=in,地震,
臺灣雲林地方法院 101 年度建字第 6 號民事判決,https://judgment.judicial.gov.tw/EXPORTFILE/ExportToPdf.aspx?type=JD&id=ULDV%2c101%2c%e5%bb%ba%2c6%2c20150529%2c1&fname=%e8%87%ba%e7%81%a3%e9%9b%b2%e6%9e%97%e5%9c%b0%e6%96%b9%e6%b3%95%e9%99%a2+101+%e5%b9%b4%e5%ba%a6%e5%bb%ba%e5%ad%97%e7%ac%ac+6+%e8%99%9f%e6%b0%91%e4%ba%8b%e5%88%a4%e6%b1%ba&lawpara=&ot=in,天氣,
臺灣雲林地方法院 104 年度建字第 20 號民事判決,https://judgment.judicial.gov.tw/EXPORTFILE/ExportToPdf.aspx?type=JD&id=ULDV%2c104%2c%e5%bb%ba%2c20%2c20170126%2c1&fname=%e8%87%ba%e7%81%a3%e9%9b%b2%e6%9e%97%e5%9c%b0%e6%96%b9%e6%b3%95%e9%99%a2+104+%e5%b9%b4%e5%ba%a6%e5%bb%ba%e5%ad%97%e7%ac%ac+20+%e8%99%9f%e6%b0%91%e4%ba%8b%e5%88%a4%e6%b1%ba&lawpara=&ot=in,"颱風, 淹水",
臺灣雲林地方法院 104 年度建字第 22 號民事判決,https://judgment.judicial.gov.tw/EXPORTFILE/ExportToPdf.aspx?type=JD&id=ULDV%2c104%2c%e5%bb%ba%2c22%2c20170825%2c1&fname=%e8%87%ba%e7%81%a3%e9%9b%b2%e6%9e%97%e5%9c%b0%e6%96%b9%e6%b3%95%e9%99%a2+104+%e5%b9%b4%e5%ba%a6%e5%bb%ba%e5%ad%97%e7%ac%ac+22+%e8%99%9f%e6%b0%91%e4%ba%8b%e5%88%a4%e6%b1%ba&lawpara=&ot=in,"颱風, 天氣, 豪雨",
臺灣雲林地方法院 107 年度重訴字第 45 號民事判決,https://judgment.judicial.gov.tw/PdfWithLine/GetPDF.ashx?jrecno=107%2c%e9%87%8d%e8%a8%b4%2c45%2c20190417%2c1&tablename=ULDV&fname=%e8%87%ba%e7%81%a3%e9%9b%b2%e6%9e%97%e5%9c%b0%e6%96%b9%e6%b3%95%e9%99%a2107%e5%b9%b4%e5%ba%a6%e9%87%8d%e8%a8%b4%e5%ad%97%e7%ac%ac45%e8%99%9f%e6%b0%91%e4%ba%8b%e5%88%a4%e6%b1%ba,"颱風, 地質, 豪雨, 地形",
臺灣雲林地方法院 110 年度建字第 11 號民事裁定,https://judgment.judicial.gov.tw/FILES/ULDV/110%2c%e5%bb%ba%2c11%2c20230331%2c1.pdf,淹水,
臺灣雲林地方法院 111 年度建字第 7 號民事判決,https://judgment.judicial.gov.tw/FILES/ULDV/111%2c%e5%bb%ba%2c7%2c20230309%2c1.pdf,"戰爭, 疫情",
臺灣雲林地方法院 99 年度重訴字第 13 號民事判決,https://judgment.judicial.gov.tw/EXPORTFILE/ExportToPdf.aspx?type=JD&id=ULDV%2c99%2c%e9%87%8d%e8%a8%b4%2c13%2c20130821%2c2&fname=%e8%87%ba%e7%81%a3%e9%9b%b2%e6%9e%97%e5%9c%b0%e6%96%b9%e6%b3%95%e9%99%a2+99+%e5%b9%b4%e5%ba%a6%e9%87%8d%e8%a8%b4%e5%ad%97%e7%ac%ac+13+%e8%99%9f%e6%b0%91%e4%ba%8b%e5%88%a4%e6%b1%ba&lawpara=&ot=in,"颱風, 地質, 地下水位, 豪雨",
臺灣高等法院 100 年度上更(一)字第 33 號民事判決,https://judgment.judicial.gov.tw/EXPORTFILE/ExportToPdf.aspx?type=JD&id=TPHV%2c100%2c%e4%b8%8a%e6%9b%b4(%e4%b8%80)%2c33%2c20120911%2c1&fname=%e8%87%ba%e7%81%a3%e9%ab%98%e7%ad%89%e6%b3%95%e9%99%a2+100+%e5%b9%b4%e5%ba%a6%e4%b8%8a%e6%9b%b4(%e4%b8%80)%e5%ad%97%e7%ac%ac+33+%e8%99%9f%e6%b0%91%e4%ba%8b%e5%88%a4%e6%b1%ba&lawpara=&ot=in,颱風,
臺灣高等法院 100 年度建上字第 1 號民事判決,https://judgment.judicial.gov.tw/EXPORTFILE/ExportToPdf.aspx?type=JD&id=TPHV%2c100%2c%e5%bb%ba%e4%b8%8a%2c1%2c20120320%2c1&fname=%e8%87%ba%e7%81%a3%e9%ab%98%e7%ad%89%e6%b3%95%e9%99%a2+100+%e5%b9%b4%e5%ba%a6%e5%bb%ba%e4%b8%8a%e5%ad%97%e7%ac%ac+1+%e8%99%9f%e6%b0%91%e4%ba%8b%e5%88%a4%e6%b1%ba&lawpara=&ot=in,"颱風, 戰爭, 地質",
臺灣高等法院 100 年度建上字第 115 號民事判決,https://judgment.judicial.gov.tw/EXPORTFILE/ExportToPdf.aspx?type=JD&id=TPHV%2c100%2c%e5%bb%ba%e4%b8%8a%2c115%2c20120710%2c1&fname=%e8%87%ba%e7%81%a3%e9%ab%98%e7%ad%89%e6%b3%95%e9%99%a2+100+%e5%b9%b4%e5%ba%a6%e5%bb%ba%e4%b8%8a%e5%ad%97%e7%ac%ac+115+%e8%99%9f%e6%b0%91%e4%ba%8b%e5%88%a4%e6%b1%ba&lawpara=&ot=in,"風災, 風災, 颱風, 戰爭, 水災, 豪雨, 淹水",
臺灣高等法院 100 年度建上字第 117 號民事判決,https://judgment.judicial.gov.tw/EXPORTFILE/ExportToPdf.aspx?type=JD&id=TPHV%2c100%2c%e5%bb%ba%e4%b8%8a%2c117%2c20121121%2c1&fname=%e8%87%ba%e7%81%a3%e9%ab%98%e7%ad%89%e6%b3%95%e9%99%a2+100+%e5%b9%b4%e5%ba%a6%e5%bb%ba%e4%b8%8a%e5%ad%97%e7%ac%ac+117+%e8%99%9f%e6%b0%91%e4%ba%8b%e5%88%a4%e6%b1%ba&lawpara=&ot=in,戰爭,
臺灣高等法院 100 年度建上字第 121 號民事判決,https://judgment.judicial.gov.tw/EXPORTFILE/ExportToPdf.aspx?type=JD&id=TPHV%2c100%2c%e5%bb%ba%e4%b8%8a%2c121%2c20150512%2c1&fname=%e8%87%ba%e7%81%a3%e9%ab%98%e7%ad%89%e6%b3%95%e9%99%a2+100+%e5%b9%b4%e5%ba%a6%e5%bb%ba%e4%b8%8a%e5%ad%97%e7%ac%ac+121+%e8%99%9f%e6%b0%91%e4%ba%8b%e5%88%a4%e6%b1%ba&lawpara=&ot=in,"地質, 天氣",
臺灣高等法院 100 年度建上字第 127 號民事判決,https://judgment.judicial.gov.tw/EXPORTFILE/ExportToPdf.aspx?type=JD&id=TPHV%2c100%2c%e5%bb%ba%e4%b8%8a%2c127%2c20120612%2c1&fname=%e8%87%ba%e7%81%a3%e9%ab%98%e7%ad%89%e6%b3%95%e9%99%a2+100+%e5%b9%b4%e5%ba%a6%e5%bb%ba%e4%b8%8a%e5%ad%97%e7%ac%ac+127+%e8%99%9f%e6%b0%91%e4%ba%8b%e5%88%a4%e6%b1%ba&lawpara=&ot=in,"地質, 淹水",
臺灣高等法院 100 年度建上字第 134 號民事判決,https://judgment.judicial.gov.tw/EXPORTFILE/ExportToPdf.aspx?type=JD&id=TPHV%2c100%2c%e5%bb%ba%e4%b8%8a%2c134%2c20130813%2c2&fname=%e8%87%ba%e7%81%a3%e9%ab%98%e7%ad%89%e6%b3%95%e9%99%a2+100+%e5%b9%b4%e5%ba%a6%e5%bb%ba%e4%b8%8a%e5%ad%97%e7%ac%ac+134+%e8%99%9f%e6%b0%91%e4%ba%8b%e5%88%a4%e6%b1%ba&lawpara=&ot=in,"地質, 地下水位, 地貌, 地形",
臺灣高等法院 100 年度建上字第 140 號民事判決,https://judgment.judicial.gov.tw/EXPORTFILE/ExportToPdf.aspx?type=JD&id=TPHV%2c100%2c%e5%bb%ba%e4%b8%8a%2c140%2c20120619%2c2&fname=%e8%87%ba%e7%81%a3%e9%ab%98%e7%ad%89%e6%b3%95%e9%99%a2+100+%e5%b9%b4%e5%ba%a6%e5%bb%ba%e4%b8%8a%e5%ad%97%e7%ac%ac+140+%e8%99%9f%e6%b0%91%e4%ba%8b%e5%88%a4%e6%b1%ba&lawpara=&ot=in,颱風,
臺灣高等法院 100 年度建上字第 155 號民事判決,https://judgment.judicial.gov.tw/EXPORTFILE/ExportToPdf.aspx?type=JD&id=TPHV%2c100%2c%e5%bb%ba%e4%b8%8a%2c155%2c20130924%2c1&fname=%e8%87%ba%e7%81%a3%e9%ab%98%e7%ad%89%e6%b3%95%e9%99%a2+100+%e5%b9%b4%e5%ba%a6%e5%bb%ba%e4%b8%8a%e5%ad%97%e7%ac%ac+155+%e8%99%9f%e6%b0%91%e4%ba%8b%e5%88%a4%e6%b1%ba&lawpara=&ot=in,"水災, 地質, 風災, 風災, 颱風, 豪雨",
臺灣高等法院 100 年度建上字第 179 號民事判決,https://judgment.judicial.gov.tw/EXPORTFILE/ExportToPdf.aspx?type=JD&id=TPHV%2c100%2c%e5%bb%ba%e4%b8%8a%2c179%2c20121114%2c1&fname=%e8%87%ba%e7%81%a3%e9%ab%98%e7%ad%89%e6%b3%95%e9%99%a2+100+%e5%b9%b4%e5%ba%a6%e5%bb%ba%e4%b8%8a%e5%ad%97%e7%ac%ac+179+%e8%99%9f%e6%b0%91%e4%ba%8b%e5%88%a4%e6%b1%ba&lawpara=&ot=in,颱風,
臺灣高等法院 100 年度建上字第 182 號民事判決,https://judgment.judicial.gov.tw/EXPORTFILE/ExportToPdf.aspx?type=JD&id=TPHV%2c100%2c%e5%bb%ba%e4%b8%8a%2c182%2c20131224%2c1&fname=%e8%87%ba%e7%81%a3%e9%ab%98%e7%ad%89%e6%b3%95%e9%99%a2+100+%e5%b9%b4%e5%ba%a6%e5%bb%ba%e4%b8%8a%e5%ad%97%e7%ac%ac+182+%e8%99%9f%e6%b0%91%e4%ba%8b%e5%88%a4%e6%b1%ba&lawpara=&ot=in,颱風,
臺灣高等法院 100 年度建上字第 37 號民事判決,https://judgment.judicial.gov.tw/EXPORTFILE/ExportToPdf.aspx?type=JD&id=TPHV%2c100%2c%e5%bb%ba%e4%b8%8a%2c37%2c20130205%2c1&fname=%e8%87%ba%e7%81%a3%e9%ab%98%e7%ad%89%e6%b3%95%e9%99%a2+100+%e5%b9%b4%e5%ba%a6%e5%bb%ba%e4%b8%8a%e5%ad%97%e7%ac%ac+37+%e8%99%9f%e6%b0%91%e4%ba%8b%e5%88%a4%e6%b1%ba&lawpara=&ot=in,"洪水, 豪雨, 颱風, 地質, 地形",
臺灣高等法院 100 年度建上字第 42 號民事判決,https://judgment.judicial.gov.tw/EXPORTFILE/ExportToPdf.aspx?type=JD&id=TPHV%2c100%2c%e5%bb%ba%e4%b8%8a%2c42%2c20110607%2c1&fname=%e8%87%ba%e7%81%a3%e9%ab%98%e7%ad%89%e6%b3%95%e9%99%a2+100+%e5%b9%b4%e5%ba%a6%e5%bb%ba%e4%b8%8a%e5%ad%97%e7%ac%ac+42+%e8%99%9f%e6%b0%91%e4%ba%8b%e5%88%a4%e6%b1%ba&lawpara=&ot=in,"颱風, 洪水, 豪雨, 地震",
臺灣高等法院 100 年度建上字第 53 號民事判決,https://judgment.judicial.gov.tw/EXPORTFILE/ExportToPdf.aspx?type=JD&id=TPHV%2c100%2c%e5%bb%ba%e4%b8%8a%2c53%2c20120306%2c1&fname=%e8%87%ba%e7%81%a3%e9%ab%98%e7%ad%89%e6%b3%95%e9%99%a2+100+%e5%b9%b4%e5%ba%a6%e5%bb%ba%e4%b8%8a%e5%ad%97%e7%ac%ac+53+%e8%99%9f%e6%b0%91%e4%ba%8b%e5%88%a4%e6%b1%ba&lawpara=&ot=in,"洪水, 地震, 豪雨, 颱風, 天氣, 地質",
臺灣高等法院 100 年度建上字第 64 號民事判決,https://judgment.judicial.gov.tw/EXPORTFILE/ExportToPdf.aspx?type=JD&id=TPHV%2c100%2c%e5%bb%ba%e4%b8%8a%2c64%2c20120229%2c2&fname=%e8%87%ba%e7%81%a3%e9%ab%98%e7%ad%89%e6%b3%95%e9%99%a2+100+%e5%b9%b4%e5%ba%a6%e5%bb%ba%e4%b8%8a%e5%ad%97%e7%ac%ac+64+%e8%99%9f%e6%b0%91%e4%ba%8b%e5%88%a4%e6%b1%ba&lawpara=&ot=in,天氣,
臺灣高等法院 100 年度建上字第 70 號民事判決,https://judgment.judicial.gov.tw/EXPORTFILE/ExportToPdf.aspx?type=JD&id=TPHV%2c100%2c%e5%bb%ba%e4%b8%8a%2c70%2c20130820%2c1&fname=%e8%87%ba%e7%81%a3%e9%ab%98%e7%ad%89%e6%b3%95%e9%99%a2+100+%e5%b9%b4%e5%ba%a6%e5%bb%ba%e4%b8%8a%e5%ad%97%e7%ac%ac+70+%e8%99%9f%e6%b0%91%e4%ba%8b%e5%88%a4%e6%b1%ba&lawpara=&ot=in,"颱風, 天氣, 地質",
臺灣高等法院 100 年度建上易字第 8 號民事判決,https://judgment.judicial.gov.tw/EXPORTFILE/ExportToPdf.aspx?type=JD&id=TPHV%2c100%2c%e5%bb%ba%e4%b8%8a%e6%98%93%2c8%2c20111227%2c2&fname=%e8%87%ba%e7%81%a3%e9%ab%98%e7%ad%89%e6%b3%95%e9%99%a2+100+%e5%b9%b4%e5%ba%a6%e5%bb%ba%e4%b8%8a%e6%98%93%e5%ad%97%e7%ac%ac+8+%e8%99%9f%e6%b0%91%e4%ba%8b%e5%88%a4%e6%b1%ba&lawpara=&ot=in,"地震, 豪雨, 颱風, 淹水, 地質",
臺灣高等法院 100 年度建上更(一)字第 21 號民事判決,https://judgment.judicial.gov.tw/EXPORTFILE/ExportToPdf.aspx?type=JD&id=TPHV%2c100%2c%e5%bb%ba%e4%b8%8a%e6%9b%b4(%e4%b8%80)%2c21%2c20151223%2c1&fname=%e8%87%ba%e7%81%a3%e9%ab%98%e7%ad%89%e6%b3%95%e9%99%a2+100+%e5%b9%b4%e5%ba%a6%e5%bb%ba%e4%b8%8a%e6%9b%b4(%e4%b8%80)%e5%ad%97%e7%ac%ac+21+%e8%99%9f%e6%b0%91%e4%ba%8b%e5%88%a4%e6%b1%ba&lawpara=&ot=in,"地質, 地形",
臺灣高等法院 100 年度建上更(一)字第 5 號民事判決,https://judgment.judicial.gov.tw/EXPORTFILE/ExportToPdf.aspx?type=JD&id=TPHV%2c100%2c%e5%bb%ba%e4%b8%8a%e6%9b%b4(%e4%b8%80)%2c5%2c20121009%2c1&fname=%e8%87%ba%e7%81%a3%e9%ab%98%e7%ad%89%e6%b3%95%e9%99%a2+100+%e5%b9%b4%e5%ba%a6%e5%bb%ba%e4%b8%8a%e6%9b%b4(%e4%b8%80)%e5%ad%97%e7%ac%ac+5+%e8%99%9f%e6%b0%91%e4%ba%8b%e5%88%a4%e6%b1%ba&lawpara=&ot=in,"天氣, 淹水",
臺灣高等法院 100 年度建上更(二)字第 12 號民事判決,https://judgment.judicial.gov.tw/EXPORTFILE/ExportToPdf.aspx?type=JD&id=TPHV%2c100%2c%e5%bb%ba%e4%b8%8a%e6%9b%b4(%e4%ba%8c)%2c12%2c20130625%2c3&fname=%e8%87%ba%e7%81%a3%e9%ab%98%e7%ad%89%e6%b3%95%e9%99%a2+100+%e5%b9%b4%e5%ba%a6%e5%bb%ba%e4%b8%8a%e6%9b%b4(%e4%ba%8c)%e5%ad%97%e7%ac%ac+12+%e8%99%9f%e6%b0%91%e4%ba%8b%e5%88%a4%e6%b1%ba&lawpara=&ot=in,"地質, 地下水位",
臺灣高等法院 100 年度建上更(二)字第 16 號民事判決,https://judgment.judicial.gov.tw/EXPORTFILE/ExportToPdf.aspx?type=JD&id=TPHV%2c100%2c%e5%bb%ba%e4%b8%8a%e6%9b%b4(%e4%ba%8c)%2c16%2c20120717%2c1&fname=%e8%87%ba%e7%81%a3%e9%ab%98%e7%ad%89%e6%b3%95%e9%99%a2+100+%e5%b9%b4%e5%ba%a6%e5%bb%ba%e4%b8%8a%e6%9b%b4(%e4%ba%8c)%e5%ad%97%e7%ac%ac+16+%e8%99%9f%e6%b0%91%e4%ba%8b%e5%88%a4%e6%b1%ba&lawpara=&ot=in,"風災, 風災, 颱風, 地震",
臺灣高等法院 100 年度重上字第 110 號民事判決,https://judgment.judicial.gov.tw/EXPORTFILE/ExportToPdf.aspx?type=JD&id=TPHV%2c100%2c%e9%87%8d%e4%b8%8a%2c110%2c20140924%2c1&fname=%e8%87%ba%e7%81%a3%e9%ab%98%e7%ad%89%e6%b3%95%e9%99%a2+100+%e5%b9%b4%e5%ba%a6%e9%87%8d%e4%b8%8a%e5%ad%97%e7%ac%ac+110+%e8%99%9f%e6%b0%91%e4%ba%8b%e5%88%a4%e6%b1%ba&lawpara=&ot=in,"地質, 地形",
臺灣高等法院 101 年度建上字第 102 號民事判決,https://judgment.judicial.gov.tw/EXPORTFILE/ExportToPdf.aspx?type=JD&id=TPHV%2c101%2c%e5%bb%ba%e4%b8%8a%2c102%2c20130904%2c1&fname=%e8%87%ba%e7%81%a3%e9%ab%98%e7%ad%89%e6%b3%95%e9%99%a2+101+%e5%b9%b4%e5%ba%a6%e5%bb%ba%e4%b8%8a%e5%ad%97%e7%ac%ac+102+%e8%99%9f%e6%b0%91%e4%ba%8b%e5%88%a4%e6%b1%ba&lawpara=&ot=in,颱風,
臺灣高等法院 101 年度建上字第 120 號民事判決,https://judgment.judicial.gov.tw/EXPORTFILE/ExportToPdf.aspx?type=JD&id=TPHV%2c101%2c%e5%bb%ba%e4%b8%8a%2c120%2c20130710%2c1&fname=%e8%87%ba%e7%81%a3%e9%ab%98%e7%ad%89%e6%b3%95%e9%99%a2+101+%e5%b9%b4%e5%ba%a6%e5%bb%ba%e4%b8%8a%e5%ad%97%e7%ac%ac+120+%e8%99%9f%e6%b0%91%e4%ba%8b%e5%88%a4%e6%b1%ba&lawpara=&ot=in,颱風,
臺灣高等法院 101 年度建上字第 126 號民事判決,https://judgment.judicial.gov.tw/EXPORTFILE/ExportToPdf.aspx?type=JD&id=TPHV%2c101%2c%e5%bb%ba%e4%b8%8a%2c126%2c20130507%2c1&fname=%e8%87%ba%e7%81%a3%e9%ab%98%e7%ad%89%e6%b3%95%e9%99%a2+101+%e5%b9%b4%e5%ba%a6%e5%bb%ba%e4%b8%8a%e5%ad%97%e7%ac%ac+126+%e8%99%9f%e6%b0%91%e4%ba%8b%e5%88%a4%e6%b1%ba&lawpara=&ot=in,地質,
臺灣高等法院 101 年度建上字第 134 號民事判決,https://judgment.judicial.gov.tw/EXPORTFILE/ExportToPdf.aspx?type=JD&id=TPHV%2c101%2c%e5%bb%ba%e4%b8%8a%2c134%2c20140729%2c1&fname=%e8%87%ba%e7%81%a3%e9%ab%98%e7%ad%89%e6%b3%95%e9%99%a2+101+%e5%b9%b4%e5%ba%a6%e5%bb%ba%e4%b8%8a%e5%ad%97%e7%ac%ac+134+%e8%99%9f%e6%b0%91%e4%ba%8b%e5%88%a4%e6%b1%ba&lawpara=&ot=in,地震,
臺灣高等法院 101 年度建上字第 159 號民事判決,https://judgment.judicial.gov.tw/EXPORTFILE/ExportToPdf.aspx?type=JD&id=TPHV%2c101%2c%e5%bb%ba%e4%b8%8a%2c159%2c20131126%2c1&fname=%e8%87%ba%e7%81%a3%e9%ab%98%e7%ad%89%e6%b3%95%e9%99%a2+101+%e5%b9%b4%e5%ba%a6%e5%bb%ba%e4%b8%8a%e5%ad%97%e7%ac%ac+159+%e8%99%9f%e6%b0%91%e4%ba%8b%e5%88%a4%e6%b1%ba&lawpara=&ot=in,颱風,
臺灣高等法院 101 年度建上字第 166 號民事判決,https://judgment.judicial.gov.tw/EXPORTFILE/ExportToPdf.aspx?type=JD&id=TPHV%2c101%2c%e5%bb%ba%e4%b8%8a%2c166%2c20150825%2c1&fname=%e8%87%ba%e7%81%a3%e9%ab%98%e7%ad%89%e6%b3%95%e9%99%a2+101+%e5%b9%b4%e5%ba%a6%e5%bb%ba%e4%b8%8a%e5%ad%97%e7%ac%ac+166+%e8%99%9f%e6%b0%91%e4%ba%8b%e5%88%a4%e6%b1%ba&lawpara=&ot=in,"地質, 地下水位",
臺灣高等法院 101 年度建上字第 180 號民事判決,https://judgment.judicial.gov.tw/EXPORTFILE/ExportToPdf.aspx?type=JD&id=TPHV%2c101%2c%e5%bb%ba%e4%b8%8a%2c180%2c20150226%2c1&fname=%e8%87%ba%e7%81%a3%e9%ab%98%e7%ad%89%e6%b3%95%e9%99%a2+101+%e5%b9%b4%e5%ba%a6%e5%bb%ba%e4%b8%8a%e5%ad%97%e7%ac%ac+180+%e8%99%9f%e6%b0%91%e4%ba%8b%e5%88%a4%e6%b1%ba&lawpara=&ot=in,"颱風, 地質, 豪雨",
臺灣高等法院 101 年度建上字第 196 號民事判決,https://judgment.judicial.gov.tw/EXPORTFILE/ExportToPdf.aspx?type=JD&id=TPHV%2c101%2c%e5%bb%ba%e4%b8%8a%2c196%2c20150707%2c1&fname=%e8%87%ba%e7%81%a3%e9%ab%98%e7%ad%89%e6%b3%95%e9%99%a2+101+%e5%b9%b4%e5%ba%a6%e5%bb%ba%e4%b8%8a%e5%ad%97%e7%ac%ac+196+%e8%99%9f%e6%b0%91%e4%ba%8b%e5%88%a4%e6%b1%ba&lawpara=&ot=in,"颱風, 地質, 地震",
臺灣高等法院 101 年度建上字第 198 號民事判決,https://judgment.judicial.gov.tw/EXPORTFILE/ExportToPdf.aspx?type=JD&id=TPHV%2c101%2c%e5%bb%ba%e4%b8%8a%2c198%2c20140812%2c1&fname=%e8%87%ba%e7%81%a3%e9%ab%98%e7%ad%89%e6%b3%95%e9%99%a2+101+%e5%b9%b4%e5%ba%a6%e5%bb%ba%e4%b8%8a%e5%ad%97%e7%ac%ac+198+%e8%99%9f%e6%b0%91%e4%ba%8b%e5%88%a4%e6%b1%ba&lawpara=&ot=in,颱風,
臺灣高等法院 101 年度建上字第 26 號民事判決,https://judgment.judicial.gov.tw/EXPORTFILE/ExportToPdf.aspx?type=JD&id=TPHV%2c101%2c%e5%bb%ba%e4%b8%8a%2c26%2c20140226%2c1&fname=%e8%87%ba%e7%81%a3%e9%ab%98%e7%ad%89%e6%b3%95%e9%99%a2+101+%e5%b9%b4%e5%ba%a6%e5%bb%ba%e4%b8%8a%e5%ad%97%e7%ac%ac+26+%e8%99%9f%e6%b0%91%e4%ba%8b%e5%88%a4%e6%b1%ba&lawpara=&ot=in,"颱風, 豪雨",
臺灣高等法院 101 年度建上字第 41 號民事判決,https://judgment.judicial.gov.tw/EXPORTFILE/ExportToPdf.aspx?type=JD&id=TPHV%2c101%2c%e5%bb%ba%e4%b8%8a%2c41%2c20150331%2c1&fname=%e8%87%ba%e7%81%a3%e9%ab%98%e7%ad%89%e6%b3%95%e9%99%a2+101+%e5%b9%b4%e5%ba%a6%e5%bb%ba%e4%b8%8a%e5%ad%97%e7%ac%ac+41+%e8%99%9f%e6%b0%91%e4%ba%8b%e5%88%a4%e6%b1%ba&lawpara=&ot=in,"地貌, 地震, 地下水位, 颱風, 淹水, 地質",
臺灣高等法院 101 年度建上字第 5 號民事判決,https://judgment.judicial.gov.tw/EXPORTFILE/ExportToPdf.aspx?type=JD&id=TPHV%2c101%2c%e5%bb%ba%e4%b8%8a%2c5%2c20130326%2c1&fname=%e8%87%ba%e7%81%a3%e9%ab%98%e7%ad%89%e6%b3%95%e9%99%a2+101+%e5%b9%b4%e5%ba%a6%e5%bb%ba%e4%b8%8a%e5%ad%97%e7%ac%ac+5+%e8%99%9f%e6%b0%91%e4%ba%8b%e5%88%a4%e6%b1%ba&lawpara=&ot=in,地質,
臺灣高等法院 101 年度建上字第 60 號民事判決,https://judgment.judicial.gov.tw/EXPORTFILE/ExportToPdf.aspx?type=JD&id=TPHV%2c101%2c%e5%bb%ba%e4%b8%8a%2c60%2c20121017%2c1&fname=%e8%87%ba%e7%81%a3%e9%ab%98%e7%ad%89%e6%b3%95%e9%99%a2+101+%e5%b9%b4%e5%ba%a6%e5%bb%ba%e4%b8%8a%e5%ad%97%e7%ac%ac+60+%e8%99%9f%e6%b0%91%e4%ba%8b%e5%88%a4%e6%b1%ba&lawpara=&ot=in,地震,
臺灣高等法院 101 年度建上字第 74 號民事判決,https://judgment.judicial.gov.tw/EXPORTFILE/ExportToPdf.aspx?type=JD&id=TPHV%2c101%2c%e5%bb%ba%e4%b8%8a%2c74%2c20150127%2c1&fname=%e8%87%ba%e7%81%a3%e9%ab%98%e7%ad%89%e6%b3%95%e9%99%a2+101+%e5%b9%b4%e5%ba%a6%e5%bb%ba%e4%b8%8a%e5%ad%97%e7%ac%ac+74+%e8%99%9f%e6%b0%91%e4%ba%8b%e5%88%a4%e6%b1%ba&lawpara=&ot=in,"颱風, 豪雨",
臺灣高等法院 101 年度建上字第 79 號民事判決,https://judgment.judicial.gov.tw/EXPORTFILE/ExportToPdf.aspx?type=JD&id=TPHV%2c101%2c%e5%bb%ba%e4%b8%8a%2c79%2c20140422%2c4&fname=%e8%87%ba%e7%81%a3%e9%ab%98%e7%ad%89%e6%b3%95%e9%99%a2+101+%e5%b9%b4%e5%ba%a6%e5%bb%ba%e4%b8%8a%e5%ad%97%e7%ac%ac+79+%e8%99%9f%e6%b0%91%e4%ba%8b%e5%88%a4%e6%b1%ba&lawpara=&ot=in,"地質, 地下水位",
臺灣高等法院 101 年度建上字第 89 號民事判決,https://judgment.judicial.gov.tw/EXPORTFILE/ExportToPdf.aspx?type=JD&id=TPHV%2c101%2c%e5%bb%ba%e4%b8%8a%2c89%2c20140506%2c1&fname=%e8%87%ba%e7%81%a3%e9%ab%98%e7%ad%89%e6%b3%95%e9%99%a2+101+%e5%b9%b4%e5%ba%a6%e5%bb%ba%e4%b8%8a%e5%ad%97%e7%ac%ac+89+%e8%99%9f%e6%b0%91%e4%ba%8b%e5%88%a4%e6%b1%ba&lawpara=&ot=in,"地質, 地下水位, 地形",
臺灣高等法院 101 年度建上字第 90 號民事判決,https://judgment.judicial.gov.tw/EXPORTFILE/ExportToPdf.aspx?type=JD&id=TPHV%2c101%2c%e5%bb%ba%e4%b8%8a%2c90%2c20131126%2c1&fname=%e8%87%ba%e7%81%a3%e9%ab%98%e7%ad%89%e6%b3%95%e9%99%a2+101+%e5%b9%b4%e5%ba%a6%e5%bb%ba%e4%b8%8a%e5%ad%97%e7%ac%ac+90+%e8%99%9f%e6%b0%91%e4%ba%8b%e5%88%a4%e6%b1%ba&lawpara=&ot=in,"颱風, 淹水",
臺灣高等法院 101 年度建上字第 92 號民事判決,https://judgment.judicial.gov.tw/EXPORTFILE/ExportToPdf.aspx?type=JD&id=TPHV%2c101%2c%e5%bb%ba%e4%b8%8a%2c92%2c20121031%2c1&fname=%e8%87%ba%e7%81%a3%e9%ab%98%e7%ad%89%e6%b3%95%e9%99%a2+101+%e5%b9%b4%e5%ba%a6%e5%bb%ba%e4%b8%8a%e5%ad%97%e7%ac%ac+92+%e8%99%9f%e6%b0%91%e4%ba%8b%e5%88%a4%e6%b1%ba&lawpara=&ot=in,"風災, 風災, 颱風, 地震, 水災, 豪雨, 淹水",
臺灣高等法院 101 年度建上易字第 83 號民事判決,https://judgment.judicial.gov.tw/EXPORTFILE/ExportToPdf.aspx?type=JD&id=TPHV%2c101%2c%e5%bb%ba%e4%b8%8a%e6%98%93%2c83%2c20140415%2c3&fname=%e8%87%ba%e7%81%a3%e9%ab%98%e7%ad%89%e6%b3%95%e9%99%a2+101+%e5%b9%b4%e5%ba%a6%e5%bb%ba%e4%b8%8a%e6%98%93%e5%ad%97%e7%ac%ac+83+%e8%99%9f%e6%b0%91%e4%ba%8b%e5%88%a4%e6%b1%ba&lawpara=&ot=in,天氣,
臺灣高等法院 101 年度建上更(一)字第 21 號民事判決,https://judgment.judicial.gov.tw/EXPORTFILE/ExportToPdf.aspx?type=JD&id=TPHV%2c101%2c%e5%bb%ba%e4%b8%8a%e6%9b%b4(%e4%b8%80)%2c21%2c20141230%2c2&fname=%e8%87%ba%e7%81%a3%e9%ab%98%e7%ad%89%e6%b3%95%e9%99%a2+101+%e5%b9%b4%e5%ba%a6%e5%bb%ba%e4%b8%8a%e6%9b%b4(%e4%b8%80)%e5%ad%97%e7%ac%ac+21+%e8%99%9f%e6%b0%91%e4%ba%8b%e5%88%a4%e6%b1%ba&lawpara=&ot=in,"颱風, 地質",
臺灣高等法院 101 年度建上更(二)字第 12 號民事判決,https://judgment.judicial.gov.tw/EXPORTFILE/ExportToPdf.aspx?type=JD&id=TPHV%2c101%2c%e5%bb%ba%e4%b8%8a%e6%9b%b4(%e4%ba%8c)%2c12%2c20160628%2c1&fname=%e8%87%ba%e7%81%a3%e9%ab%98%e7%ad%89%e6%b3%95%e9%99%a2+101+%e5%b9%b4%e5%ba%a6%e5%bb%ba%e4%b8%8a%e6%9b%b4(%e4%ba%8c)%e5%ad%97%e7%ac%ac+12+%e8%99%9f%e6%b0%91%e4%ba%8b%e5%88%a4%e6%b1%ba&lawpara=&ot=in,"颱風, 地震",
臺灣高等法院 101 年度重上字第 380 號民事判決,https://judgment.judicial.gov.tw/EXPORTFILE/ExportToPdf.aspx?type=JD&id=TPHV%2c101%2c%e9%87%8d%e4%b8%8a%2c380%2c20160426%2c2&fname=%e8%87%ba%e7%81%a3%e9%ab%98%e7%ad%89%e6%b3%95%e9%99%a2+101+%e5%b9%b4%e5%ba%a6%e9%87%8d%e4%b8%8a%e5%ad%97%e7%ac%ac+380+%e8%99%9f%e6%b0%91%e4%ba%8b%e5%88%a4%e6%b1%ba&lawpara=&ot=in,淹水,
臺灣高等法院 101 年度重上更(二)字第 113 號民事判決,https://judgment.judicial.gov.tw/EXPORTFILE/ExportToPdf.aspx?type=JD&id=TPHV%2c101%2c%e9%87%8d%e4%b8%8a%e6%9b%b4(%e4%ba%8c)%2c113%2c20160929%2c2&fname=%e8%87%ba%e7%81%a3%e9%ab%98%e7%ad%89%e6%b3%95%e9%99%a2+101+%e5%b9%b4%e5%ba%a6%e9%87%8d%e4%b8%8a%e6%9b%b4(%e4%ba%8c)%e5%ad%97%e7%ac%ac+113+%e8%99%9f%e6%b0%91%e4%ba%8b%e5%88%a4%e6%b1%ba&lawpara=&ot=in,"颱風, 地形, 豪雨, 地震",
臺灣高等法院 102 年度建上字第 109 號民事判決,https://judgment.judicial.gov.tw/EXPORTFILE/ExportToPdf.aspx?type=JD&id=TPHV%2c102%2c%e5%bb%ba%e4%b8%8a%2c109%2c20170331%2c2&fname=%e8%87%ba%e7%81%a3%e9%ab%98%e7%ad%89%e6%b3%95%e9%99%a2+102+%e5%b9%b4%e5%ba%a6%e5%bb%ba%e4%b8%8a%e5%ad%97%e7%ac%ac+109+%e8%99%9f%e6%b0%91%e4%ba%8b%e5%88%a4%e6%b1%ba&lawpara=&ot=in,地質,
臺灣高等法院 102 年度建上字第 131 號民事判決,https://judgment.judicial.gov.tw/EXPORTFILE/ExportToPdf.aspx?type=JD&id=TPHV%2c102%2c%e5%bb%ba%e4%b8%8a%2c131%2c20140730%2c1&fname=%e8%87%ba%e7%81%a3%e9%ab%98%e7%ad%89%e6%b3%95%e9%99%a2+102+%e5%b9%b4%e5%ba%a6%e5%bb%ba%e4%b8%8a%e5%ad%97%e7%ac%ac+131+%e8%99%9f%e6%b0%91%e4%ba%8b%e5%88%a4%e6%b1%ba&lawpara=&ot=in,"颱風, 豪雨",
臺灣高等法院 102 年度建上字第 133 號民事判決,https://judgment.judicial.gov.tw/EXPORTFILE/ExportToPdf.aspx?type=JD&id=TPHV%2c102%2c%e5%bb%ba%e4%b8%8a%2c133%2c20140226%2c1&fname=%e8%87%ba%e7%81%a3%e9%ab%98%e7%ad%89%e6%b3%95%e9%99%a2+102+%e5%b9%b4%e5%ba%a6%e5%bb%ba%e4%b8%8a%e5%ad%97%e7%ac%ac+133+%e8%99%9f%e6%b0%91%e4%ba%8b%e5%88%a4%e6%b1%ba&lawpara=&ot=in,"颱風, 洪水, 豪雨, 地震",
臺灣高等法院 102 年度建上字第 136 號民事判決,https://judgment.judicial.gov.tw/EXPORTFILE/ExportToPdf.aspx?type=JD&id=TPHV%2c102%2c%e5%bb%ba%e4%b8%8a%2c136%2c20160630%2c1&fname=%e8%87%ba%e7%81%a3%e9%ab%98%e7%ad%89%e6%b3%95%e9%99%a2+102+%e5%b9%b4%e5%ba%a6%e5%bb%ba%e4%b8%8a%e5%ad%97%e7%ac%ac+136+%e8%99%9f%e6%b0%91%e4%ba%8b%e5%88%a4%e6%b1%ba&lawpara=&ot=in,"地質, 地下水位, 淹水, 地震",
臺灣高等法院 102 年度建上字第 137 號民事判決,https://judgment.judicial.gov.tw/EXPORTFILE/ExportToPdf.aspx?type=JD&id=TPHV%2c102%2c%e5%bb%ba%e4%b8%8a%2c137%2c20151006%2c1&fname=%e8%87%ba%e7%81%a3%e9%ab%98%e7%ad%89%e6%b3%95%e9%99%a2+102+%e5%b9%b4%e5%ba%a6%e5%bb%ba%e4%b8%8a%e5%ad%97%e7%ac%ac+137+%e8%99%9f%e6%b0%91%e4%ba%8b%e5%88%a4%e6%b1%ba&lawpara=&ot=in,地質,
臺灣高等法院 102 年度建上字第 154 號民事判決,https://judgment.judicial.gov.tw/EXPORTFILE/ExportToPdf.aspx?type=JD&id=TPHV%2c102%2c%e5%bb%ba%e4%b8%8a%2c154%2c20150210%2c1&fname=%e8%87%ba%e7%81%a3%e9%ab%98%e7%ad%89%e6%b3%95%e9%99%a2+102+%e5%b9%b4%e5%ba%a6%e5%bb%ba%e4%b8%8a%e5%ad%97%e7%ac%ac+154+%e8%99%9f%e6%b0%91%e4%ba%8b%e5%88%a4%e6%b1%ba&lawpara=&ot=in,地震,
臺灣高等法院 102 年度建上字第 22 號民事判決,https://judgment.judicial.gov.tw/EXPORTFILE/ExportToPdf.aspx?type=JD&id=TPHV%2c102%2c%e5%bb%ba%e4%b8%8a%2c22%2c20131126%2c1&fname=%e8%87%ba%e7%81%a3%e9%ab%98%e7%ad%89%e6%b3%95%e9%99%a2+102+%e5%b9%b4%e5%ba%a6%e5%bb%ba%e4%b8%8a%e5%ad%97%e7%ac%ac+22+%e8%99%9f%e6%b0%91%e4%ba%8b%e5%88%a4%e6%b1%ba&lawpara=&ot=in,颱風,
臺灣高等法院 102 年度建上字第 31 號民事判決,https://judgment.judicial.gov.tw/EXPORTFILE/ExportToPdf.aspx?type=JD&id=TPHV%2c102%2c%e5%bb%ba%e4%b8%8a%2c31%2c20140304%2c1&fname=%e8%87%ba%e7%81%a3%e9%ab%98%e7%ad%89%e6%b3%95%e9%99%a2+102+%e5%b9%b4%e5%ba%a6%e5%bb%ba%e4%b8%8a%e5%ad%97%e7%ac%ac+31+%e8%99%9f%e6%b0%91%e4%ba%8b%e5%88%a4%e6%b1%ba&lawpara=&ot=in,颱風,
臺灣高等法院 102 年度建上字第 48 號民事判決,https://judgment.judicial.gov.tw/EXPORTFILE/ExportToPdf.aspx?type=JD&id=TPHV%2c102%2c%e5%bb%ba%e4%b8%8a%2c48%2c20160714%2c1&fname=%e8%87%ba%e7%81%a3%e9%ab%98%e7%ad%89%e6%b3%95%e9%99%a2+102+%e5%b9%b4%e5%ba%a6%e5%bb%ba%e4%b8%8a%e5%ad%97%e7%ac%ac+48+%e8%99%9f%e6%b0%91%e4%ba%8b%e5%88%a4%e6%b1%ba&lawpara=&ot=in,"地質, 地下水位",
臺灣高等法院 102 年度建上字第 49 號民事判決,https://judgment.judicial.gov.tw/EXPORTFILE/ExportToPdf.aspx?type=JD&id=TPHV%2c102%2c%e5%bb%ba%e4%b8%8a%2c49%2c20141119%2c1&fname=%e8%87%ba%e7%81%a3%e9%ab%98%e7%ad%89%e6%b3%95%e9%99%a2+102+%e5%b9%b4%e5%ba%a6%e5%bb%ba%e4%b8%8a%e5%ad%97%e7%ac%ac+49+%e8%99%9f%e6%b0%91%e4%ba%8b%e5%88%a4%e6%b1%ba&lawpara=&ot=in,地質,
臺灣高等法院 102 年度建上字第 53 號民事判決,https://judgment.judicial.gov.tw/EXPORTFILE/ExportToPdf.aspx?type=JD&id=TPHV%2c102%2c%e5%bb%ba%e4%b8%8a%2c53%2c20150130%2c3&fname=%e8%87%ba%e7%81%a3%e9%ab%98%e7%ad%89%e6%b3%95%e9%99%a2+102+%e5%b9%b4%e5%ba%a6%e5%bb%ba%e4%b8%8a%e5%ad%97%e7%ac%ac+53+%e8%99%9f%e6%b0%91%e4%ba%8b%e5%88%a4%e6%b1%ba&lawpara=&ot=in,颱風,
臺灣高等法院 102 年度建上字第 55 號民事判決,https://judgment.judicial.gov.tw/EXPORTFILE/ExportToPdf.aspx?type=JD&id=TPHV%2c102%2c%e5%bb%ba%e4%b8%8a%2c55%2c20160531%2c2&fname=%e8%87%ba%e7%81%a3%e9%ab%98%e7%ad%89%e6%b3%95%e9%99%a2+102+%e5%b9%b4%e5%ba%a6%e5%bb%ba%e4%b8%8a%e5%ad%97%e7%ac%ac+55+%e8%99%9f%e6%b0%91%e4%ba%8b%e5%88%a4%e6%b1%ba&lawpara=&ot=in,"颱風, 地質, 地下水位",
臺灣高等法院 102 年度建上字第 6 號民事判決,https://judgment.judicial.gov.tw/EXPORTFILE/ExportToPdf.aspx?type=JD&id=TPHV%2c102%2c%e5%bb%ba%e4%b8%8a%2c6%2c20150519%2c2&fname=%e8%87%ba%e7%81%a3%e9%ab%98%e7%ad%89%e6%b3%95%e9%99%a2+102+%e5%b9%b4%e5%ba%a6%e5%bb%ba%e4%b8%8a%e5%ad%97%e7%ac%ac+6+%e8%99%9f%e6%b0%91%e4%ba%8b%e5%88%a4%e6%b1%ba&lawpara=&ot=in,"颱風, 地質",
臺灣高等法院 102 年度建上字第 69 號民事判決,https://judgment.judicial.gov.tw/EXPORTFILE/ExportToPdf.aspx?type=JD&id=TPHV%2c102%2c%e5%bb%ba%e4%b8%8a%2c69%2c20150114%2c1&fname=%e8%87%ba%e7%81%a3%e9%ab%98%e7%ad%89%e6%b3%95%e9%99%a2+102+%e5%b9%b4%e5%ba%a6%e5%bb%ba%e4%b8%8a%e5%ad%97%e7%ac%ac+69+%e8%99%9f%e6%b0%91%e4%ba%8b%e5%88%a4%e6%b1%ba&lawpara=&ot=in,颱風,
臺灣高等法院 102 年度建上字第 74 號民事判決,https://judgment.judicial.gov.tw/EXPORTFILE/ExportToPdf.aspx?type=JD&id=TPHV%2c102%2c%e5%bb%ba%e4%b8%8a%2c74%2c20160223%2c1&fname=%e8%87%ba%e7%81%a3%e9%ab%98%e7%ad%89%e6%b3%95%e9%99%a2+102+%e5%b9%b4%e5%ba%a6%e5%bb%ba%e4%b8%8a%e5%ad%97%e7%ac%ac+74+%e8%99%9f%e6%b0%91%e4%ba%8b%e5%88%a4%e6%b1%ba&lawpara=&ot=in,颱風,
臺灣高等法院 102 年度建上字第 89 號民事判決,https://judgment.judicial.gov.tw/EXPORTFILE/ExportToPdf.aspx?type=JD&id=TPHV%2c102%2c%e5%bb%ba%e4%b8%8a%2c89%2c20160419%2c2&fname=%e8%87%ba%e7%81%a3%e9%ab%98%e7%ad%89%e6%b3%95%e9%99%a2+102+%e5%b9%b4%e5%ba%a6%e5%bb%ba%e4%b8%8a%e5%ad%97%e7%ac%ac+89+%e8%99%9f%e6%b0%91%e4%ba%8b%e5%88%a4%e6%b1%ba&lawpara=&ot=in,"地質, 風災, 風災, 颱風, 豪雨",
臺灣高等法院 102 年度建上字第 9 號民事判決,https://judgment.judicial.gov.tw/EXPORTFILE/ExportToPdf.aspx?type=JD&id=TPHV%2c102%2c%e5%bb%ba%e4%b8%8a%2c9%2c20170125%2c1&fname=%e8%87%ba%e7%81%a3%e9%ab%98%e7%ad%89%e6%b3%95%e9%99%a2+102+%e5%b9%b4%e5%ba%a6%e5%bb%ba%e4%b8%8a%e5%ad%97%e7%ac%ac+9+%e8%99%9f%e6%b0%91%e4%ba%8b%e5%88%a4%e6%b1%ba&lawpara=&ot=in,颱風,
臺灣高等法院 102 年度建上字第 97 號民事判決,https://judgment.judicial.gov.tw/EXPORTFILE/ExportToPdf.aspx?type=JD&id=TPHV%2c102%2c%e5%bb%ba%e4%b8%8a%2c97%2c20160330%2c1&fname=%e8%87%ba%e7%81%a3%e9%ab%98%e7%ad%89%e6%b3%95%e9%99%a2+102+%e5%b9%b4%e5%ba%a6%e5%bb%ba%e4%b8%8a%e5%ad%97%e7%ac%ac+97+%e8%99%9f%e6%b0%91%e4%ba%8b%e5%88%a4%e6%b1%ba&lawpara=&ot=in,"颱風, 地質",
臺灣高等法院 102 年度建上更(一)字第 21 號民事判決,https://judgment.judicial.gov.tw/EXPORTFILE/ExportToPdf.aspx?type=JD&id=TPHV%2c102%2c%e5%bb%ba%e4%b8%8a%e6%9b%b4(%e4%b8%80)%2c21%2c20150304%2c1&fname=%e8%87%ba%e7%81%a3%e9%ab%98%e7%ad%89%e6%b3%95%e9%99%a2+102+%e5%b9%b4%e5%ba%a6%e5%bb%ba%e4%b8%8a%e6%9b%b4(%e4%b8%80)%e5%ad%97%e7%ac%ac+21+%e8%99%9f%e6%b0%91%e4%ba%8b%e5%88%a4%e6%b1%ba&lawpara=&ot=in,"颱風, 豪雨",
臺灣高等法院 102 年度建上更(一)字第 30 號民事判決,https://judgment.judicial.gov.tw/EXPORTFILE/ExportToPdf.aspx?type=JD&id=TPHV%2c102%2c%e5%bb%ba%e4%b8%8a%e6%9b%b4(%e4%b8%80)%2c30%2c20150217%2c1&fname=%e8%87%ba%e7%81%a3%e9%ab%98%e7%ad%89%e6%b3%95%e9%99%a2+102+%e5%b9%b4%e5%ba%a6%e5%bb%ba%e4%b8%8a%e6%9b%b4(%e4%b8%80)%e5%ad%97%e7%ac%ac+30+%e8%99%9f%e6%b0%91%e4%ba%8b%e5%88%a4%e6%b1%ba&lawpara=&ot=in,"颱風, 陰雨, 豪雨",
臺灣高等法院 102 年度重上字第 879 號民事判決,https://judgment.judicial.gov.tw/EXPORTFILE/ExportToPdf.aspx?type=JD&id=TPHV%2c102%2c%e9%87%8d%e4%b8%8a%2c879%2c20150401%2c1&fname=%e8%87%ba%e7%81%a3%e9%ab%98%e7%ad%89%e6%b3%95%e9%99%a2+102+%e5%b9%b4%e5%ba%a6%e9%87%8d%e4%b8%8a%e5%ad%97%e7%ac%ac+879+%e8%99%9f%e6%b0%91%e4%ba%8b%e5%88%a4%e6%b1%ba&lawpara=&ot=in,颱風,
臺灣高等法院 103 年度上字第 1387 號民事判決,https://judgment.judicial.gov.tw/EXPORTFILE/ExportToPdf.aspx?type=JD&id=TPHV%2c103%2c%e4%b8%8a%2c1387%2c20151117%2c1&fname=%e8%87%ba%e7%81%a3%e9%ab%98%e7%ad%89%e6%b3%95%e9%99%a2+103+%e5%b9%b4%e5%ba%a6%e4%b8%8a%e5%ad%97%e7%ac%ac+1387+%e8%99%9f%e6%b0%91%e4%ba%8b%e5%88%a4%e6%b1%ba&lawpara=&ot=in,"颱風, 地質, 淹水, 地形",
臺灣高等法院 103 年度建上字第 106 號民事判決,https://judgment.judicial.gov.tw/EXPORTFILE/ExportToPdf.aspx?type=JD&id=TPHV%2c103%2c%e5%bb%ba%e4%b8%8a%2c106%2c20160824%2c2&fname=%e8%87%ba%e7%81%a3%e9%ab%98%e7%ad%89%e6%b3%95%e9%99%a2+103+%e5%b9%b4%e5%ba%a6%e5%bb%ba%e4%b8%8a%e5%ad%97%e7%ac%ac+106+%e8%99%9f%e6%b0%91%e4%ba%8b%e5%88%a4%e6%b1%ba&lawpara=&ot=in,地質,
臺灣高等法院 103 年度建上字第 124 號民事判決,https://judgment.judicial.gov.tw/EXPORTFILE/ExportToPdf.aspx?type=JD&id=TPHV%2c103%2c%e5%bb%ba%e4%b8%8a%2c124%2c20160622%2c1&fname=%e8%87%ba%e7%81%a3%e9%ab%98%e7%ad%89%e6%b3%95%e9%99%a2+103+%e5%b9%b4%e5%ba%a6%e5%bb%ba%e4%b8%8a%e5%ad%97%e7%ac%ac+124+%e8%99%9f%e6%b0%91%e4%ba%8b%e5%88%a4%e6%b1%ba&lawpara=&ot=in,"地質, 地下水位",
臺灣高等法院 103 年度建上字第 126 號民事判決,https://judgment.judicial.gov.tw/EXPORTFILE/ExportToPdf.aspx?type=JD&id=TPHV%2c103%2c%e5%bb%ba%e4%b8%8a%2c126%2c20160920%2c2&fname=%e8%87%ba%e7%81%a3%e9%ab%98%e7%ad%89%e6%b3%95%e9%99%a2+103+%e5%b9%b4%e5%ba%a6%e5%bb%ba%e4%b8%8a%e5%ad%97%e7%ac%ac+126+%e8%99%9f%e6%b0%91%e4%ba%8b%e5%88%a4%e6%b1%ba&lawpara=&ot=in,颱風,
臺灣高等法院 103 年度建上字第 128 號民事判決,https://judgment.judicial.gov.tw/EXPORTFILE/ExportToPdf.aspx?type=JD&id=TPHV%2c103%2c%e5%bb%ba%e4%b8%8a%2c128%2c20150729%2c2&fname=%e8%87%ba%e7%81%a3%e9%ab%98%e7%ad%89%e6%b3%95%e9%99%a2+103+%e5%b9%b4%e5%ba%a6%e5%bb%ba%e4%b8%8a%e5%ad%97%e7%ac%ac+128+%e8%99%9f%e6%b0%91%e4%ba%8b%e5%88%a4%e6%b1%ba&lawpara=&ot=in,颱風,
臺灣高等法院 103 年度建上字第 141 號民事判決,https://judgment.judicial.gov.tw/EXPORTFILE/ExportToPdf.aspx?type=JD&id=TPHV%2c103%2c%e5%bb%ba%e4%b8%8a%2c141%2c20170531%2c1&fname=%e8%87%ba%e7%81%a3%e9%ab%98%e7%ad%89%e6%b3%95%e9%99%a2+103+%e5%b9%b4%e5%ba%a6%e5%bb%ba%e4%b8%8a%e5%ad%97%e7%ac%ac+141+%e8%99%9f%e6%b0%91%e4%ba%8b%e5%88%a4%e6%b1%ba&lawpara=&ot=in,"風災, 風災, 颱風, 洪水, 地震, 水災, 豪雨, 地形",
臺灣高等法院 103 年度建上字第 151 號民事判決,https://judgment.judicial.gov.tw/EXPORTFILE/ExportToPdf.aspx?type=JD&id=TPHV%2c103%2c%e5%bb%ba%e4%b8%8a%2c151%2c20161123%2c1&fname=%e8%87%ba%e7%81%a3%e9%ab%98%e7%ad%89%e6%b3%95%e9%99%a2+103+%e5%b9%b4%e5%ba%a6%e5%bb%ba%e4%b8%8a%e5%ad%97%e7%ac%ac+151+%e8%99%9f%e6%b0%91%e4%ba%8b%e5%88%a4%e6%b1%ba&lawpara=&ot=in,"地質, 天氣",
臺灣高等法院 103 年度建上字第 45 號民事判決,https://judgment.judicial.gov.tw/EXPORTFILE/ExportToPdf.aspx?type=JD&id=TPHV%2c103%2c%e5%bb%ba%e4%b8%8a%2c45%2c20160126%2c1&fname=%e8%87%ba%e7%81%a3%e9%ab%98%e7%ad%89%e6%b3%95%e9%99%a2+103+%e5%b9%b4%e5%ba%a6%e5%bb%ba%e4%b8%8a%e5%ad%97%e7%ac%ac+45+%e8%99%9f%e6%b0%91%e4%ba%8b%e5%88%a4%e6%b1%ba&lawpara=&ot=in,天氣,
臺灣高等法院 103 年度建上字第 69 號民事判決,https://judgment.judicial.gov.tw/EXPORTFILE/ExportToPdf.aspx?type=JD&id=TPHV%2c103%2c%e5%bb%ba%e4%b8%8a%2c69%2c20151117%2c1&fname=%e8%87%ba%e7%81%a3%e9%ab%98%e7%ad%89%e6%b3%95%e9%99%a2+103+%e5%b9%b4%e5%ba%a6%e5%bb%ba%e4%b8%8a%e5%ad%97%e7%ac%ac+69+%e8%99%9f%e6%b0%91%e4%ba%8b%e5%88%a4%e6%b1%ba&lawpara=&ot=in,地質,
臺灣高等法院 103 年度建上字第 85 號民事判決,https://judgment.judicial.gov.tw/EXPORTFILE/ExportToPdf.aspx?type=JD&id=TPHV%2c103%2c%e5%bb%ba%e4%b8%8a%2c85%2c20160831%2c1&fname=%e8%87%ba%e7%81%a3%e9%ab%98%e7%ad%89%e6%b3%95%e9%99%a2+103+%e5%b9%b4%e5%ba%a6%e5%bb%ba%e4%b8%8a%e5%ad%97%e7%ac%ac+85+%e8%99%9f%e6%b0%91%e4%ba%8b%e5%88%a4%e6%b1%ba&lawpara=&ot=in,"颱風, 豪雨",
臺灣高等法院 103 年度建上字第 92 號民事判決,https://judgment.judicial.gov.tw/EXPORTFILE/ExportToPdf.aspx?type=JD&id=TPHV%2c103%2c%e5%bb%ba%e4%b8%8a%2c92%2c20160315%2c1&fname=%e8%87%ba%e7%81%a3%e9%ab%98%e7%ad%89%e6%b3%95%e9%99%a2+103+%e5%b9%b4%e5%ba%a6%e5%bb%ba%e4%b8%8a%e5%ad%97%e7%ac%ac+92+%e8%99%9f%e6%b0%91%e4%ba%8b%e5%88%a4%e6%b1%ba&lawpara=&ot=in,"颱風, 地質",
臺灣高等法院 103 年度建上易字第 9 號民事判決,https://judgment.judicial.gov.tw/EXPORTFILE/ExportToPdf.aspx?type=JD&id=TPHV%2c103%2c%e5%bb%ba%e4%b8%8a%e6%98%93%2c9%2c20140527%2c1&fname=%e8%87%ba%e7%81%a3%e9%ab%98%e7%ad%89%e6%b3%95%e9%99%a2+103+%e5%b9%b4%e5%ba%a6%e5%bb%ba%e4%b8%8a%e6%98%93%e5%ad%97%e7%ac%ac+9+%e8%99%9f%e6%b0%91%e4%ba%8b%e5%88%a4%e6%b1%ba&lawpara=&ot=in,"地質, 風災, 風災, 颱風, 地形",
臺灣高等法院 103 年度建上更(一)字第 1 號民事判決,https://judgment.judicial.gov.tw/EXPORTFILE/ExportToPdf.aspx?type=JD&id=TPHV%2c103%2c%e5%bb%ba%e4%b8%8a%e6%9b%b4(%e4%b8%80)%2c1%2c20170711%2c1&fname=%e8%87%ba%e7%81%a3%e9%ab%98%e7%ad%89%e6%b3%95%e9%99%a2+103+%e5%b9%b4%e5%ba%a6%e5%bb%ba%e4%b8%8a%e6%9b%b4(%e4%b8%80)%e5%ad%97%e7%ac%ac+1+%e8%99%9f%e6%b0%91%e4%ba%8b%e5%88%a4%e6%b1%ba&lawpara=&ot=in,"地質, 風災, 風災, 颱風",
臺灣高等法院 103 年度建上更(一)字第 20 號民事判決,https://judgment.judicial.gov.tw/EXPORTFILE/ExportToPdf.aspx?type=JD&id=TPHV%2c103%2c%e5%bb%ba%e4%b8%8a%e6%9b%b4(%e4%b8%80)%2c20%2c20151104%2c1&fname=%e8%87%ba%e7%81%a3%e9%ab%98%e7%ad%89%e6%b3%95%e9%99%a2+103+%e5%b9%b4%e5%ba%a6%e5%bb%ba%e4%b8%8a%e6%9b%b4(%e4%b8%80)%e5%ad%97%e7%ac%ac+20+%e8%99%9f%e6%b0%91%e4%ba%8b%e5%88%a4%e6%b1%ba&lawpara=&ot=in,戰爭,
臺灣高等法院 103 年度重上字第 701 號民事判決,https://judgment.judicial.gov.tw/EXPORTFILE/ExportToPdf.aspx?type=JD&id=TPHV%2c103%2c%e9%87%8d%e4%b8%8a%2c701%2c20170809%2c2&fname=%e8%87%ba%e7%81%a3%e9%ab%98%e7%ad%89%e6%b3%95%e9%99%a2+103+%e5%b9%b4%e5%ba%a6%e9%87%8d%e4%b8%8a%e5%ad%97%e7%ac%ac+701+%e8%99%9f%e6%b0%91%e4%ba%8b%e5%88%a4%e6%b1%ba&lawpara=&ot=in,"地貌, 風災, 風災, 颱風, 地形",
臺灣高等法院 103 年度重上字第 904 號民事判決,https://judgment.judicial.gov.tw/EXPORTFILE/ExportToPdf.aspx?type=JD&id=TPHV%2c103%2c%e9%87%8d%e4%b8%8a%2c904%2c20160526%2c2&fname=%e8%87%ba%e7%81%a3%e9%ab%98%e7%ad%89%e6%b3%95%e9%99%a2+103+%e5%b9%b4%e5%ba%a6%e9%87%8d%e4%b8%8a%e5%ad%97%e7%ac%ac+904+%e8%99%9f%e6%b0%91%e4%ba%8b%e5%88%a4%e6%b1%ba&lawpara=&ot=in,"颱風, 地質, 豪雨",
臺灣高等法院 104 年度上字第 1650 號民事判決,https://judgment.judicial.gov.tw/EXPORTFILE/ExportToPdf.aspx?type=JD&id=TPHV%2c104%2c%e4%b8%8a%2c1650%2c20160608%2c1&fname=%e8%87%ba%e7%81%a3%e9%ab%98%e7%ad%89%e6%b3%95%e9%99%a2+104+%e5%b9%b4%e5%ba%a6%e4%b8%8a%e5%ad%97%e7%ac%ac+1650+%e8%99%9f%e6%b0%91%e4%ba%8b%e5%88%a4%e6%b1%ba&lawpara=&ot=in,"地貌, 地形",
臺灣高等法院 104 年度建上字第 103 號民事判決,https://judgment.judicial.gov.tw/EXPORTFILE/ExportToPdf.aspx?type=JD&id=TPHV%2c104%2c%e5%bb%ba%e4%b8%8a%2c103%2c20161207%2c2&fname=%e8%87%ba%e7%81%a3%e9%ab%98%e7%ad%89%e6%b3%95%e9%99%a2+104+%e5%b9%b4%e5%ba%a6%e5%bb%ba%e4%b8%8a%e5%ad%97%e7%ac%ac+103+%e8%99%9f%e6%b0%91%e4%ba%8b%e5%88%a4%e6%b1%ba&lawpara=&ot=in,"颱風, 地質",
臺灣高等法院 104 年度建上字第 19 號民事判決,https://judgment.judicial.gov.tw/EXPORTFILE/ExportToPdf.aspx?type=JD&id=TPHV%2c104%2c%e5%bb%ba%e4%b8%8a%2c19%2c20170922%2c2&fname=%e8%87%ba%e7%81%a3%e9%ab%98%e7%ad%89%e6%b3%95%e9%99%a2+104+%e5%b9%b4%e5%ba%a6%e5%bb%ba%e4%b8%8a%e5%ad%97%e7%ac%ac+19+%e8%99%9f%e6%b0%91%e4%ba%8b%e5%88%a4%e6%b1%ba&lawpara=&ot=in,天氣,
臺灣高等法院 104 年度建上字第 4 號民事判決,https://judgment.judicial.gov.tw/EXPORTFILE/ExportToPdf.aspx?type=JD&id=TPHV%2c104%2c%e5%bb%ba%e4%b8%8a%2c4%2c20161227%2c1&fname=%e8%87%ba%e7%81%a3%e9%ab%98%e7%ad%89%e6%b3%95%e9%99%a2+104+%e5%b9%b4%e5%ba%a6%e5%bb%ba%e4%b8%8a%e5%ad%97%e7%ac%ac+4+%e8%99%9f%e6%b0%91%e4%ba%8b%e5%88%a4%e6%b1%ba&lawpara=&ot=in,"地質, 地下水位, 地貌, 地震",
臺灣高等法院 104 年度建上字第 60 號民事判決,https://judgment.judicial.gov.tw/EXPORTFILE/ExportToPdf.aspx?type=JD&id=TPHV%2c104%2c%e5%bb%ba%e4%b8%8a%2c60%2c20171122%2c2&fname=%e8%87%ba%e7%81%a3%e9%ab%98%e7%ad%89%e6%b3%95%e9%99%a2+104+%e5%b9%b4%e5%ba%a6%e5%bb%ba%e4%b8%8a%e5%ad%97%e7%ac%ac+60+%e8%99%9f%e6%b0%91%e4%ba%8b%e5%88%a4%e6%b1%ba&lawpara=&ot=in,"颱風, 地質, 地形",
臺灣高等法院 104 年度建上字第 65 號民事判決,https://judgment.judicial.gov.tw/EXPORTFILE/ExportToPdf.aspx?type=JD&id=TPHV%2c104%2c%e5%bb%ba%e4%b8%8a%2c65%2c20180731%2c1&fname=%e8%87%ba%e7%81%a3%e9%ab%98%e7%ad%89%e6%b3%95%e9%99%a2+104+%e5%b9%b4%e5%ba%a6%e5%bb%ba%e4%b8%8a%e5%ad%97%e7%ac%ac+65+%e8%99%9f%e6%b0%91%e4%ba%8b%e5%88%a4%e6%b1%ba&lawpara=&ot=in,颱風,
臺灣高等法院 104 年度建上字第 68 號民事判決,https://judgment.judicial.gov.tw/EXPORTFILE/ExportToPdf.aspx?type=JD&id=TPHV%2c104%2c%e5%bb%ba%e4%b8%8a%2c68%2c20180509%2c1&fname=%e8%87%ba%e7%81%a3%e9%ab%98%e7%ad%89%e6%b3%95%e9%99%a2+104+%e5%b9%b4%e5%ba%a6%e5%bb%ba%e4%b8%8a%e5%ad%97%e7%ac%ac+68+%e8%99%9f%e6%b0%91%e4%ba%8b%e5%88%a4%e6%b1%ba&lawpara=&ot=in,"洪水, 地震, 豪雨, 颱風, 地質, 地形",
臺灣高等法院 104 年度建上字第 71 號民事判決,https://judgment.judicial.gov.tw/EXPORTFILE/ExportToPdf.aspx?type=JD&id=TPHV%2c104%2c%e5%bb%ba%e4%b8%8a%2c71%2c20160406%2c1&fname=%e8%87%ba%e7%81%a3%e9%ab%98%e7%ad%89%e6%b3%95%e9%99%a2+104+%e5%b9%b4%e5%ba%a6%e5%bb%ba%e4%b8%8a%e5%ad%97%e7%ac%ac+71+%e8%99%9f%e6%b0%91%e4%ba%8b%e5%88%a4%e6%b1%ba&lawpara=&ot=in,地質,
臺灣高等法院 104 年度建上字第 83 號民事判決,https://judgment.judicial.gov.tw/EXPORTFILE/ExportToPdf.aspx?type=JD&id=TPHV%2c104%2c%e5%bb%ba%e4%b8%8a%2c83%2c20180328%2c1&fname=%e8%87%ba%e7%81%a3%e9%ab%98%e7%ad%89%e6%b3%95%e9%99%a2+104+%e5%b9%b4%e5%ba%a6%e5%bb%ba%e4%b8%8a%e5%ad%97%e7%ac%ac+83+%e8%99%9f%e6%b0%91%e4%ba%8b%e5%88%a4%e6%b1%ba&lawpara=&ot=in,颱風,
臺灣高等法院 104 年度建上字第 98 號民事判決,https://judgment.judicial.gov.tw/EXPORTFILE/ExportToPdf.aspx?type=JD&id=TPHV%2c104%2c%e5%bb%ba%e4%b8%8a%2c98%2c20171017%2c1&fname=%e8%87%ba%e7%81%a3%e9%ab%98%e7%ad%89%e6%b3%95%e9%99%a2+104+%e5%b9%b4%e5%ba%a6%e5%bb%ba%e4%b8%8a%e5%ad%97%e7%ac%ac+98+%e8%99%9f%e6%b0%91%e4%ba%8b%e5%88%a4%e6%b1%ba&lawpara=&ot=in,"颱風, 地質, 豪雨",
臺灣高等法院 104 年度建上更(一)字第 34 號民事判決,https://judgment.judicial.gov.tw/EXPORTFILE/ExportToPdf.aspx?type=JD&id=TPHV%2c104%2c%e5%bb%ba%e4%b8%8a%e6%9b%b4(%e4%b8%80)%2c34%2c20180116%2c1&fname=%e8%87%ba%e7%81%a3%e9%ab%98%e7%ad%89%e6%b3%95%e9%99%a2+104+%e5%b9%b4%e5%ba%a6%e5%bb%ba%e4%b8%8a%e6%9b%b4(%e4%b8%80)%e5%ad%97%e7%ac%ac+34+%e8%99%9f%e6%b0%91%e4%ba%8b%e5%88%a4%e6%b1%ba&lawpara=&ot=in,颱風,
臺灣高等法院 104 年度建上更(一)字第 7 號民事判決,https://judgment.judicial.gov.tw/EXPORTFILE/ExportToPdf.aspx?type=JD&id=TPHV%2c104%2c%e5%bb%ba%e4%b8%8a%e6%9b%b4(%e4%b8%80)%2c7%2c20160316%2c1&fname=%e8%87%ba%e7%81%a3%e9%ab%98%e7%ad%89%e6%b3%95%e9%99%a2+104+%e5%b9%b4%e5%ba%a6%e5%bb%ba%e4%b8%8a%e6%9b%b4(%e4%b8%80)%e5%ad%97%e7%ac%ac+7+%e8%99%9f%e6%b0%91%e4%ba%8b%e5%88%a4%e6%b1%ba&lawpara=&ot=in,"地質, 地貌, 地形, 地震",
臺灣高等法院 104 年度矚上訴字第 6 號刑事判決,https://judgment.judicial.gov.tw/EXPORTFILE/ExportToPdf.aspx?type=JD&id=TPHM%2c104%2c%e7%9f%9a%e4%b8%8a%e8%a8%b4%2c6%2c20180417%2c2&fname=%e8%87%ba%e7%81%a3%e9%ab%98%e7%ad%89%e6%b3%95%e9%99%a2+104+%e5%b9%b4%e5%ba%a6%e7%9f%9a%e4%b8%8a%e8%a8%b4%e5%ad%97%e7%ac%ac+6+%e8%99%9f%e5%88%91%e4%ba%8b%e5%88%a4%e6%b1%ba&lawpara=&ot=in,淹水,
臺灣高等法院 104 年度重上字第 1125 號民事判決,https://judgment.judicial.gov.tw/PdfWithLine/GetPDF.ashx?jrecno=104%2c%e9%87%8d%e4%b8%8a%2c1125%2c20190514%2c2&tablename=TPHV&fname=%e8%87%ba%e7%81%a3%e9%ab%98%e7%ad%89%e6%b3%95%e9%99%a2104%e5%b9%b4%e5%ba%a6%e9%87%8d%e4%b8%8a%e5%ad%97%e7%ac%ac1125%e8%99%9f%e6%b0%91%e4%ba%8b%e5%88%a4%e6%b1%ba,地質,
臺灣高等法院 104 年度重上字第 119 號民事判決,https://judgment.judicial.gov.tw/EXPORTFILE/ExportToPdf.aspx?type=JD&id=TPHV%2c104%2c%e9%87%8d%e4%b8%8a%2c119%2c20160223%2c1&fname=%e8%87%ba%e7%81%a3%e9%ab%98%e7%ad%89%e6%b3%95%e9%99%a2+104+%e5%b9%b4%e5%ba%a6%e9%87%8d%e4%b8%8a%e5%ad%97%e7%ac%ac+119+%e8%99%9f%e6%b0%91%e4%ba%8b%e5%88%a4%e6%b1%ba&lawpara=&ot=in,地質,
臺灣高等法院 104 年度重上字第 517 號民事判決,https://judgment.judicial.gov.tw/EXPORTFILE/ExportToPdf.aspx?type=JD&id=TPHV%2c104%2c%e9%87%8d%e4%b8%8a%2c517%2c20170502%2c3&fname=%e8%87%ba%e7%81%a3%e9%ab%98%e7%ad%89%e6%b3%95%e9%99%a2+104+%e5%b9%b4%e5%ba%a6%e9%87%8d%e4%b8%8a%e5%ad%97%e7%ac%ac+517+%e8%99%9f%e6%b0%91%e4%ba%8b%e5%88%a4%e6%b1%ba&lawpara=&ot=in,"地質, 地形",
臺灣高等法院 104 年度重上字第 864 號民事判決,https://judgment.judicial.gov.tw/EXPORTFILE/ExportToPdf.aspx?type=JD&id=TPHV%2c104%2c%e9%87%8d%e4%b8%8a%2c864%2c20170419%2c1&fname=%e8%87%ba%e7%81%a3%e9%ab%98%e7%ad%89%e6%b3%95%e9%99%a2+104+%e5%b9%b4%e5%ba%a6%e9%87%8d%e4%b8%8a%e5%ad%97%e7%ac%ac+864+%e8%99%9f%e6%b0%91%e4%ba%8b%e5%88%a4%e6%b1%ba&lawpara=&ot=in,地震,
臺灣高等法院 104 年度重上更(一)字第 87 號民事判決,https://judgment.judicial.gov.tw/FILES/TPHV/104%2c%e9%87%8d%e4%b8%8a%e6%9b%b4(%e4%b8%80)%2c87%2c20200609%2c1.pdf,"風災, 風災, 颱風, 洪水, 水災, 豪雨, 颱風, 淹水",
臺灣高等法院 105 年度上字第 312 號民事判決,https://judgment.judicial.gov.tw/EXPORTFILE/ExportToPdf.aspx?type=JD&id=TPHV%2c105%2c%e4%b8%8a%2c312%2c20160823%2c1&fname=%e8%87%ba%e7%81%a3%e9%ab%98%e7%ad%89%e6%b3%95%e9%99%a2+105+%e5%b9%b4%e5%ba%a6%e4%b8%8a%e5%ad%97%e7%ac%ac+312+%e8%99%9f%e6%b0%91%e4%ba%8b%e5%88%a4%e6%b1%ba&lawpara=&ot=in,颱風,
臺灣高等法院 105 年度建上字第 10 號民事判決,https://judgment.judicial.gov.tw/EXPORTFILE/ExportToPdf.aspx?type=JD&id=TPHV%2c105%2c%e5%bb%ba%e4%b8%8a%2c10%2c20161207%2c1&fname=%e8%87%ba%e7%81%a3%e9%ab%98%e7%ad%89%e6%b3%95%e9%99%a2+105+%e5%b9%b4%e5%ba%a6%e5%bb%ba%e4%b8%8a%e5%ad%97%e7%ac%ac+10+%e8%99%9f%e6%b0%91%e4%ba%8b%e5%88%a4%e6%b1%ba&lawpara=&ot=in,"地質, 地下水位",
臺灣高等法院 105 年度建上字第 16 號民事判決,https://judgment.judicial.gov.tw/EXPORTFILE/ExportToPdf.aspx?type=JD&id=TPHV%2c105%2c%e5%bb%ba%e4%b8%8a%2c16%2c20180207%2c1&fname=%e8%87%ba%e7%81%a3%e9%ab%98%e7%ad%89%e6%b3%95%e9%99%a2+105+%e5%b9%b4%e5%ba%a6%e5%bb%ba%e4%b8%8a%e5%ad%97%e7%ac%ac+16+%e8%99%9f%e6%b0%91%e4%ba%8b%e5%88%a4%e6%b1%ba&lawpara=&ot=in,"地質, 地下水位, 淹水, 地震",
臺灣高等法院 105 年度建上字第 20 號民事判決,https://judgment.judicial.gov.tw/EXPORTFILE/ExportToPdf.aspx?type=JD&id=TPHV%2c105%2c%e5%bb%ba%e4%b8%8a%2c20%2c20180327%2c1&fname=%e8%87%ba%e7%81%a3%e9%ab%98%e7%ad%89%e6%b3%95%e9%99%a2+105+%e5%b9%b4%e5%ba%a6%e5%bb%ba%e4%b8%8a%e5%ad%97%e7%ac%ac+20+%e8%99%9f%e6%b0%91%e4%ba%8b%e5%88%a4%e6%b1%ba&lawpara=&ot=in,"颱風, 颱風, 天氣",
臺灣高等法院 105 年度建上字第 45 號民事判決,https://judgment.judicial.gov.tw/EXPORTFILE/ExportToPdf.aspx?type=JD&id=TPHV%2c105%2c%e5%bb%ba%e4%b8%8a%2c45%2c20171226%2c1&fname=%e8%87%ba%e7%81%a3%e9%ab%98%e7%ad%89%e6%b3%95%e9%99%a2+105+%e5%b9%b4%e5%ba%a6%e5%bb%ba%e4%b8%8a%e5%ad%97%e7%ac%ac+45+%e8%99%9f%e6%b0%91%e4%ba%8b%e5%88%a4%e6%b1%ba&lawpara=&ot=in,地質,
臺灣高等法院 105 年度建上字第 46 號民事判決,https://judgment.judicial.gov.tw/EXPORTFILE/ExportToPdf.aspx?type=JD&id=TPHV%2c105%2c%e5%bb%ba%e4%b8%8a%2c46%2c20180123%2c1&fname=%e8%87%ba%e7%81%a3%e9%ab%98%e7%ad%89%e6%b3%95%e9%99%a2+105+%e5%b9%b4%e5%ba%a6%e5%bb%ba%e4%b8%8a%e5%ad%97%e7%ac%ac+46+%e8%99%9f%e6%b0%91%e4%ba%8b%e5%88%a4%e6%b1%ba&lawpara=&ot=in,"颱風, 豪雨",
臺灣高等法院 105 年度建上字第 55 號民事判決,https://judgment.judicial.gov.tw/EXPORTFILE/ExportToPdf.aspx?type=JD&id=TPHV%2c105%2c%e5%bb%ba%e4%b8%8a%2c55%2c20180403%2c1&fname=%e8%87%ba%e7%81%a3%e9%ab%98%e7%ad%89%e6%b3%95%e9%99%a2+105+%e5%b9%b4%e5%ba%a6%e5%bb%ba%e4%b8%8a%e5%ad%97%e7%ac%ac+55+%e8%99%9f%e6%b0%91%e4%ba%8b%e5%88%a4%e6%b1%ba&lawpara=&ot=in,地質,
臺灣高等法院 105 年度建上字第 89 號民事判決,https://judgment.judicial.gov.tw/EXPORTFILE/ExportToPdf.aspx?type=JD&id=TPHV%2c105%2c%e5%bb%ba%e4%b8%8a%2c89%2c20180508%2c1&fname=%e8%87%ba%e7%81%a3%e9%ab%98%e7%ad%89%e6%b3%95%e9%99%a2+105+%e5%b9%b4%e5%ba%a6%e5%bb%ba%e4%b8%8a%e5%ad%97%e7%ac%ac+89+%e8%99%9f%e6%b0%91%e4%ba%8b%e5%88%a4%e6%b1%ba&lawpara=&ot=in,"颱風, 戰爭, 地震",
臺灣高等法院 105 年度建上更(一)字第 12 號民事判決,https://judgment.judicial.gov.tw/EXPORTFILE/ExportToPdf.aspx?type=JD&id=TPHV%2c105%2c%e5%bb%ba%e4%b8%8a%e6%9b%b4(%e4%b8%80)%2c12%2c20171003%2c1&fname=%e8%87%ba%e7%81%a3%e9%ab%98%e7%ad%89%e6%b3%95%e9%99%a2+105+%e5%b9%b4%e5%ba%a6%e5%bb%ba%e4%b8%8a%e6%9b%b4(%e4%b8%80)%e5%ad%97%e7%ac%ac+12+%e8%99%9f%e6%b0%91%e4%ba%8b%e5%88%a4%e6%b1%ba&lawpara=&ot=in,颱風,
臺灣高等法院 105 年度建上更(一)字第 33 號民事判決,https://judgment.judicial.gov.tw/EXPORTFILE/ExportToPdf.aspx?type=JD&id=TPHV%2c105%2c%e5%bb%ba%e4%b8%8a%e6%9b%b4(%e4%b8%80)%2c33%2c20170523%2c1&fname=%e8%87%ba%e7%81%a3%e9%ab%98%e7%ad%89%e6%b3%95%e9%99%a2+105+%e5%b9%b4%e5%ba%a6%e5%bb%ba%e4%b8%8a%e6%9b%b4(%e4%b8%80)%e5%ad%97%e7%ac%ac+33+%e8%99%9f%e6%b0%91%e4%ba%8b%e5%88%a4%e6%b1%ba&lawpara=&ot=in,"地質, 風災, 風災, 颱風, 豪雨",
臺灣高等法院 105 年度建上更(二)字第 15 號民事判決,https://judgment.judicial.gov.tw/EXPORTFILE/ExportToPdf.aspx?type=JD&id=TPHV%2c105%2c%e5%bb%ba%e4%b8%8a%e6%9b%b4(%e4%ba%8c)%2c15%2c20170214%2c1&fname=%e8%87%ba%e7%81%a3%e9%ab%98%e7%ad%89%e6%b3%95%e9%99%a2+105+%e5%b9%b4%e5%ba%a6%e5%bb%ba%e4%b8%8a%e6%9b%b4(%e4%ba%8c)%e5%ad%97%e7%ac%ac+15+%e8%99%9f%e6%b0%91%e4%ba%8b%e5%88%a4%e6%b1%ba&lawpara=&ot=in,颱風,
臺灣高等法院 105 年度建上更㈠字第 27 號民事判決,https://judgment.judicial.gov.tw/PdfWithLine/GetPDF.ashx?jrecno=105%2c%e5%bb%ba%e4%b8%8a%e6%9b%b4%ef%99%be%2c27%2c20190507%2c2&tablename=TPHV&fname=%e8%87%ba%e7%81%a3%e9%ab%98%e7%ad%89%e6%b3%95%e9%99%a2105%e5%b9%b4%e5%ba%a6%e5%bb%ba%e4%b8%8a%e6%9b%b4%e3%88%a0%e5%ad%97%e7%ac%ac27%e8%99%9f%e6%b0%91%e4%ba%8b%e5%88%a4%e6%b1%ba,地質,
臺灣高等法院 105 年度重上字第 103 號民事判決,https://judgment.judicial.gov.tw/EXPORTFILE/ExportToPdf.aspx?type=JD&id=TPHV%2c105%2c%e9%87%8d%e4%b8%8a%2c103%2c20171108%2c1&fname=%e8%87%ba%e7%81%a3%e9%ab%98%e7%ad%89%e6%b3%95%e9%99%a2+105+%e5%b9%b4%e5%ba%a6%e9%87%8d%e4%b8%8a%e5%ad%97%e7%ac%ac+103+%e8%99%9f%e6%b0%91%e4%ba%8b%e5%88%a4%e6%b1%ba&lawpara=&ot=in,"颱風, 地質",
臺灣高等法院 105 年度重上字第 107 號民事判決,https://judgment.judicial.gov.tw/EXPORTFILE/ExportToPdf.aspx?type=JD&id=TPHV%2c105%2c%e9%87%8d%e4%b8%8a%2c107%2c20161228%2c2&fname=%e8%87%ba%e7%81%a3%e9%ab%98%e7%ad%89%e6%b3%95%e9%99%a2+105+%e5%b9%b4%e5%ba%a6%e9%87%8d%e4%b8%8a%e5%ad%97%e7%ac%ac+107+%e8%99%9f%e6%b0%91%e4%ba%8b%e5%88%a4%e6%b1%ba&lawpara=&ot=in,"地質, 地形",
臺灣高等法院 106 年度上易字第 75 號民事判決,https://judgment.judicial.gov.tw/EXPORTFILE/ExportToPdf.aspx?type=JD&id=TPHV%2c106%2c%e4%b8%8a%e6%98%93%2c75%2c20170627%2c1&fname=%e8%87%ba%e7%81%a3%e9%ab%98%e7%ad%89%e6%b3%95%e9%99%a2+106+%e5%b9%b4%e5%ba%a6%e4%b8%8a%e6%98%93%e5%ad%97%e7%ac%ac+75+%e8%99%9f%e6%b0%91%e4%ba%8b%e5%88%a4%e6%b1%ba&lawpara=&ot=in,"地質, 淹水, 洪水",
臺灣高等法院 106 年度建上字第 103 號民事判決,https://judgment.judicial.gov.tw/FILES/TPHV/106%2c%e5%bb%ba%e4%b8%8a%2c103%2c20200319%2c1.pdf,豪雨,
臺灣高等法院 106 年度建上字第 24 號民事判決,https://judgment.judicial.gov.tw/EXPORTFILE/ExportToPdf.aspx?type=JD&id=TPHV%2c106%2c%e5%bb%ba%e4%b8%8a%2c24%2c20180124%2c1&fname=%e8%87%ba%e7%81%a3%e9%ab%98%e7%ad%89%e6%b3%95%e9%99%a2+106+%e5%b9%b4%e5%ba%a6%e5%bb%ba%e4%b8%8a%e5%ad%97%e7%ac%ac+24+%e8%99%9f%e6%b0%91%e4%ba%8b%e5%88%a4%e6%b1%ba&lawpara=&ot=in,"颱風, 地質",
臺灣高等法院 106 年度建上字第 4 號民事判決,https://judgment.judicial.gov.tw/EXPORTFILE/ExportToPdf.aspx?type=JD&id=TPHV%2c106%2c%e5%bb%ba%e4%b8%8a%2c4%2c20170719%2c1&fname=%e8%87%ba%e7%81%a3%e9%ab%98%e7%ad%89%e6%b3%95%e9%99%a2+106+%e5%b9%b4%e5%ba%a6%e5%bb%ba%e4%b8%8a%e5%ad%97%e7%ac%ac+4+%e8%99%9f%e6%b0%91%e4%ba%8b%e5%88%a4%e6%b1%ba&lawpara=&ot=in,颱風,
臺灣高等法院 106 年度建上字第 45 號民事判決,https://judgment.judicial.gov.tw/EXPORTFILE/ExportToPdf.aspx?type=JD&id=TPHV%2c106%2c%e5%bb%ba%e4%b8%8a%2c45%2c20181113%2c1&fname=%e8%87%ba%e7%81%a3%e9%ab%98%e7%ad%89%e6%b3%95%e9%99%a2+106+%e5%b9%b4%e5%ba%a6%e5%bb%ba%e4%b8%8a%e5%ad%97%e7%ac%ac+45+%e8%99%9f%e6%b0%91%e4%ba%8b%e5%88%a4%e6%b1%ba&lawpara=&ot=in,"洪水, 地震, 戰爭, 豪雨, 颱風, 地質",
臺灣高等法院 106 年度建上字第 48 號民事判決,https://judgment.judicial.gov.tw/PdfWithLine/GetPDF.ashx?jrecno=106%2c%e5%bb%ba%e4%b8%8a%2c48%2c20190226%2c1&tablename=TPHV&fname=%e8%87%ba%e7%81%a3%e9%ab%98%e7%ad%89%e6%b3%95%e9%99%a2106%e5%b9%b4%e5%ba%a6%e5%bb%ba%e4%b8%8a%e5%ad%97%e7%ac%ac48%e8%99%9f%e6%b0%91%e4%ba%8b%e5%88%a4%e6%b1%ba,"颱風, 豪雨",
臺灣高等法院 106 年度建上更(一)字第 13 號民事判決,https://judgment.judicial.gov.tw/EXPORTFILE/ExportToPdf.aspx?type=JD&id=TPHV%2c106%2c%e5%bb%ba%e4%b8%8a%e6%9b%b4(%e4%b8%80)%2c13%2c20171114%2c1&fname=%e8%87%ba%e7%81%a3%e9%ab%98%e7%ad%89%e6%b3%95%e9%99%a2+106+%e5%b9%b4%e5%ba%a6%e5%bb%ba%e4%b8%8a%e6%9b%b4(%e4%b8%80)%e5%ad%97%e7%ac%ac+13+%e8%99%9f%e6%b0%91%e4%ba%8b%e5%88%a4%e6%b1%ba&lawpara=&ot=in,颱風,
臺灣高等法院 106 年度建上更(一)字第 23 號民事判決,https://judgment.judicial.gov.tw/PdfWithLine/GetPDF.ashx?jrecno=106%2c%e5%bb%ba%e4%b8%8a%e6%9b%b4(%e4%b8%80)%2c23%2c20191114%2c1&tablename=TPHV&fname=%e8%87%ba%e7%81%a3%e9%ab%98%e7%ad%89%e6%b3%95%e9%99%a2106%e5%b9%b4%e5%ba%a6%e5%bb%ba%e4%b8%8a%e6%9b%b4(%e4%b8%80)%e5%ad%97%e7%ac%ac23%e8%99%9f%e6%b0%91%e4%ba%8b%e5%88%a4%e6%b1%ba,"颱風, 地質, 地下水位, 淹水",
臺灣高等法院 106 年度建上更(一)字第 27 號民事判決,https://judgment.judicial.gov.tw/EXPORTFILE/ExportToPdf.aspx?type=JD&id=TPHV%2c106%2c%e5%bb%ba%e4%b8%8a%e6%9b%b4(%e4%b8%80)%2c27%2c20180213%2c1&fname=%e8%87%ba%e7%81%a3%e9%ab%98%e7%ad%89%e6%b3%95%e9%99%a2+106+%e5%b9%b4%e5%ba%a6%e5%bb%ba%e4%b8%8a%e6%9b%b4(%e4%b8%80)%e5%ad%97%e7%ac%ac+27+%e8%99%9f%e6%b0%91%e4%ba%8b%e5%88%a4%e6%b1%ba&lawpara=&ot=in,地質,
臺灣高等法院 106 年度建上更(二)字第 11 號民事判決,https://judgment.judicial.gov.tw/EXPORTFILE/ExportToPdf.aspx?type=JD&id=TPHV%2c106%2c%e5%bb%ba%e4%b8%8a%e6%9b%b4(%e4%ba%8c)%2c11%2c20170808%2c1&fname=%e8%87%ba%e7%81%a3%e9%ab%98%e7%ad%89%e6%b3%95%e9%99%a2+106+%e5%b9%b4%e5%ba%a6%e5%bb%ba%e4%b8%8a%e6%9b%b4(%e4%ba%8c)%e5%ad%97%e7%ac%ac+11+%e8%99%9f%e6%b0%91%e4%ba%8b%e5%88%a4%e6%b1%ba&lawpara=&ot=in,地質,
臺灣高等法院 106 年度重上字第 482 號民事判決,https://judgment.judicial.gov.tw/EXPORTFILE/ExportToPdf.aspx?type=JD&id=TPHV%2c106%2c%e9%87%8d%e4%b8%8a%2c482%2c20180227%2c1&fname=%e8%87%ba%e7%81%a3%e9%ab%98%e7%ad%89%e6%b3%95%e9%99%a2+106+%e5%b9%b4%e5%ba%a6%e9%87%8d%e4%b8%8a%e5%ad%97%e7%ac%ac+482+%e8%99%9f%e6%b0%91%e4%ba%8b%e5%88%a4%e6%b1%ba&lawpara=&ot=in,颱風,
臺灣高等法院 106 年度重上字第 847 號民事判決,https://judgment.judicial.gov.tw/EXPORTFILE/ExportToPdf.aspx?type=JD&id=TPHV%2c106%2c%e9%87%8d%e4%b8%8a%2c847%2c20180814%2c1&fname=%e8%87%ba%e7%81%a3%e9%ab%98%e7%ad%89%e6%b3%95%e9%99%a2+106+%e5%b9%b4%e5%ba%a6%e9%87%8d%e4%b8%8a%e5%ad%97%e7%ac%ac+847+%e8%99%9f%e6%b0%91%e4%ba%8b%e5%88%a4%e6%b1%ba&lawpara=&ot=in,颱風,
臺灣高等法院 106 年度重上字第 95 號民事判決,https://judgment.judicial.gov.tw/EXPORTFILE/ExportToPdf.aspx?type=JD&id=TPHV%2c106%2c%e9%87%8d%e4%b8%8a%2c95%2c20180815%2c1&fname=%e8%87%ba%e7%81%a3%e9%ab%98%e7%ad%89%e6%b3%95%e9%99%a2+106+%e5%b9%b4%e5%ba%a6%e9%87%8d%e4%b8%8a%e5%ad%97%e7%ac%ac+95+%e8%99%9f%e6%b0%91%e4%ba%8b%e5%88%a4%e6%b1%ba&lawpara=&ot=in,"颱風, 洪水, 豪雨, 地震",
臺灣高等法院 107 年度上字第 811 號民事判決,https://judgment.judicial.gov.tw/EXPORTFILE/ExportToPdf.aspx?type=JD&id=TPHV%2c107%2c%e4%b8%8a%2c811%2c20180919%2c1&fname=%e8%87%ba%e7%81%a3%e9%ab%98%e7%ad%89%e6%b3%95%e9%99%a2+107+%e5%b9%b4%e5%ba%a6%e4%b8%8a%e5%ad%97%e7%ac%ac+811+%e8%99%9f%e6%b0%91%e4%ba%8b%e5%88%a4%e6%b1%ba&lawpara=&ot=in,地形,
臺灣高等法院 107 年度建上字第 2 號民事判決,https://judgment.judicial.gov.tw/FILES/TPHV/107%2c%e5%bb%ba%e4%b8%8a%2c2%2c20200414%2c1.pdf,颱風,
臺灣高等法院 107 年度建上字第 28 號民事判決,https://judgment.judicial.gov.tw/PdfWithLine/GetPDF.ashx?jrecno=107%2c%e5%bb%ba%e4%b8%8a%2c28%2c20190626%2c3&tablename=TPHV&fname=%e8%87%ba%e7%81%a3%e9%ab%98%e7%ad%89%e6%b3%95%e9%99%a2107%e5%b9%b4%e5%ba%a6%e5%bb%ba%e4%b8%8a%e5%ad%97%e7%ac%ac28%e8%99%9f%e6%b0%91%e4%ba%8b%e5%88%a4%e6%b1%ba,颱風,
臺灣高等法院 107 年度建上字第 38 號民事判決,https://judgment.judicial.gov.tw/FILES/TPHV/107%2c%e5%bb%ba%e4%b8%8a%2c38%2c20230221%2c1.pdf,"颱風, 颱風, 天氣, 陰雨",
臺灣高等法院 107 年度建上字第 41 號民事判決,https://judgment.judicial.gov.tw/PdfWithLine/GetPDF.ashx?jrecno=107%2c%e5%bb%ba%e4%b8%8a%2c41%2c20190430%2c1&tablename=TPHV&fname=%e8%87%ba%e7%81%a3%e9%ab%98%e7%ad%89%e6%b3%95%e9%99%a2107%e5%b9%b4%e5%ba%a6%e5%bb%ba%e4%b8%8a%e5%ad%97%e7%ac%ac41%e8%99%9f%e6%b0%91%e4%ba%8b%e5%88%a4%e6%b1%ba,颱風,
臺灣高等法院 107 年度建上字第 44 號民事判決,https://judgment.judicial.gov.tw/FILES/TPHV/107%2c%e5%bb%ba%e4%b8%8a%2c44%2c20200603%2c1.pdf,"颱風, 地形",
臺灣高等法院 107 年度建上字第 48 號民事判決,https://judgment.judicial.gov.tw/FILES/TPHV/107%2c%e5%bb%ba%e4%b8%8a%2c48%2c20221102%2c1.pdf,淹水,
臺灣高等法院 107 年度建上字第 54 號民事判決,https://judgment.judicial.gov.tw/FILES/TPHV/107%2c%e5%bb%ba%e4%b8%8a%2c54%2c20200304%2c1.pdf,"颱風, 地形",
臺灣高等法院 107 年度建上字第 8 號民事判決,https://judgment.judicial.gov.tw/PdfWithLine/GetPDF.ashx?jrecno=107%2c%e5%bb%ba%e4%b8%8a%2c8%2c20190430%2c1&tablename=TPHV&fname=%e8%87%ba%e7%81%a3%e9%ab%98%e7%ad%89%e6%b3%95%e9%99%a2107%e5%b9%b4%e5%ba%a6%e5%bb%ba%e4%b8%8a%e5%ad%97%e7%ac%ac8%e8%99%9f%e6%b0%91%e4%ba%8b%e5%88%a4%e6%b1%ba,地下水位,
臺灣高等法院 107 年度建上更二字第 23 號民事判決,https://judgment.judicial.gov.tw/FILES/TPHV/107%2c%e5%bb%ba%e4%b8%8a%e6%9b%b4%e4%ba%8c%2c23%2c20200714%2c1.pdf,地震,
臺灣高等法院 107 年度抗字第 597 號民事裁定,https://judgment.judicial.gov.tw/EXPORTFILE/ExportToPdf.aspx?type=JD&id=TPHV%2c107%2c%e6%8a%97%2c597%2c20180809%2c1&fname=%e8%87%ba%e7%81%a3%e9%ab%98%e7%ad%89%e6%b3%95%e9%99%a2+107+%e5%b9%b4%e5%ba%a6%e6%8a%97%e5%ad%97%e7%ac%ac+597+%e8%99%9f%e6%b0%91%e4%ba%8b%e8%a3%81%e5%ae%9a&lawpara=&ot=in,"風災, 地質",
臺灣高等法院 108 年度上字第 840 號民事判決,https://judgment.judicial.gov.tw/FILES/TPHV/108%2c%e4%b8%8a%2c840%2c20211130%2c1.pdf,地質,
臺灣高等法院 108 年度上更一字第 3 號民事判決,https://judgment.judicial.gov.tw/FILES/TPHV/108%2c%e4%b8%8a%e6%9b%b4%e4%b8%80%2c3%2c20200324%2c2.pdf,颱風,
臺灣高等法院 108 年度建上字第 16 號民事判決,https://judgment.judicial.gov.tw/FILES/TPHV/108%2c%e5%bb%ba%e4%b8%8a%2c16%2c20200609%2c1.pdf,"地質, 地形",
臺灣高等法院 108 年度建上字第 29 號民事判決,https://judgment.judicial.gov.tw/FILES/TPHV/108%2c%e5%bb%ba%e4%b8%8a%2c29%2c20230712%2c1.pdf,地質,
臺灣高等法院 108 年度建上字第 35 號民事判決,https://judgment.judicial.gov.tw/FILES/TPHV/108%2c%e5%bb%ba%e4%b8%8a%2c35%2c20200811%2c1.pdf,"地質, 地下水位",
臺灣高等法院 108 年度建上字第 54 號民事判決,https://judgment.judicial.gov.tw/FILES/TPHV/108%2c%e5%bb%ba%e4%b8%8a%2c54%2c20230314%2c1.pdf,"地貌, 地形",
臺灣高等法院 108 年度建上字第 56 號民事判決,https://judgment.judicial.gov.tw/FILES/TPHV/108%2c%e5%bb%ba%e4%b8%8a%2c56%2c20210526%2c1.pdf,"颱風, 颱風, 天氣, 豪雨, 地震",
臺灣高等法院 108 年度建上字第 80 號民事判決,https://judgment.judicial.gov.tw/FILES/TPHV/108%2c%e5%bb%ba%e4%b8%8a%2c80%2c20210519%2c3.pdf,"洪水, 地震, 戰爭, 水災, 豪雨, 颱風",
臺灣高等法院 108 年度建上更一字第 19 號民事判決,https://judgment.judicial.gov.tw/FILES/TPHV/108%2c%e5%bb%ba%e4%b8%8a%e6%9b%b4%e4%b8%80%2c19%2c20210811%2c2.pdf,地質,
臺灣高等法院 109 年度上字第 1002 號民事判決,https://judgment.judicial.gov.tw/FILES/TPHV/109%2c%e4%b8%8a%2c1002%2c20201111%2c1.pdf,"颱風, 風災, 風災, 颱風",
臺灣高等法院 109 年度建上字第 48 號民事判決,https://judgment.judicial.gov.tw/FILES/TPHV/109%2c%e5%bb%ba%e4%b8%8a%2c48%2c20221214%2c2.pdf,"颱風, 地質, 豪雨, 地震",
臺灣高等法院 109 年度建上字第 64 號民事判決,https://judgment.judicial.gov.tw/FILES/TPHV/109%2c%e5%bb%ba%e4%b8%8a%2c64%2c20220630%2c1.pdf,"颱風, 豪雨",
臺灣高等法院 109 年度建上字第 65 號民事判決,https://judgment.judicial.gov.tw/FILES/TPHV/109%2c%e5%bb%ba%e4%b8%8a%2c65%2c20211109%2c1.pdf,"颱風, 豪雨",
臺灣高等法院 109 年度建上字第 77 號民事判決,https://judgment.judicial.gov.tw/FILES/TPHV/109%2c%e5%bb%ba%e4%b8%8a%2c77%2c20210331%2c1.pdf,"颱風, 地質, 水災, 豪雨",
臺灣高等法院 109 年度建上字第 94 號民事判決,https://judgment.judicial.gov.tw/FILES/TPHV/109%2c%e5%bb%ba%e4%b8%8a%2c94%2c20211110%2c1.pdf,"地質, 地形",
臺灣高等法院 109 年度建上字第 97 號民事判決,https://judgment.judicial.gov.tw/FILES/TPHV/109%2c%e5%bb%ba%e4%b8%8a%2c97%2c20230711%2c1.pdf,"地下水位, 地貌, 地形",
臺灣高等法院 109 年度建上更一字第 11 號民事判決,https://judgment.judicial.gov.tw/FILES/TPHV/109%2c%e5%bb%ba%e4%b8%8a%e6%9b%b4%e4%b8%80%2c11%2c20220111%2c2.pdf,"颱風, 地質",
臺灣高等法院 109 年度建上更一字第 13 號民事判決,https://judgment.judicial.gov.tw/FILES/TPHV/109%2c%e5%bb%ba%e4%b8%8a%e6%9b%b4%e4%b8%80%2c13%2c20220211%2c1.pdf,天氣,
臺灣高等法院 109 年度重上更一字第 105 號民事判決,https://judgment.judicial.gov.tw/FILES/TPHV/109%2c%e9%87%8d%e4%b8%8a%e6%9b%b4%e4%b8%80%2c105%2c20220125%2c1.pdf,"颱風, 地質, 陰雨",
臺灣高等法院 110 年度建上字第 14 號民事判決,https://judgment.judicial.gov.tw/FILES/TPHV/110%2c%e5%bb%ba%e4%b8%8a%2c14%2c20210928%2c1.pdf,颱風,
臺灣高等法院 110 年度建上字第 41 號民事判決,https://judgment.judicial.gov.tw/FILES/TPHV/110%2c%e5%bb%ba%e4%b8%8a%2c41%2c20220517%2c1.pdf,"颱風, 豪雨",
臺灣高等法院 110 年度建上字第 8 號民事判決,https://judgment.judicial.gov.tw/FILES/TPHV/110%2c%e5%bb%ba%e4%b8%8a%2c8%2c20210907%2c1.pdf,"戰爭, 颱風, 天氣, 颱風, 地震",
臺灣高等法院 110 年度建上字第 9 號民事判決,https://judgment.judicial.gov.tw/FILES/TPHV/110%2c%e5%bb%ba%e4%b8%8a%2c9%2c20221230%2c1.pdf,"地震, 洪水, 陰雨, 水災, 豪雨, 颱風, 颱風, 天氣, 地質",
臺灣高等法院 110 年度建上更一字第 21 號民事判決,https://judgment.judicial.gov.tw/FILES/TPHV/110%2c%e5%bb%ba%e4%b8%8a%e6%9b%b4%e4%b8%80%2c21%2c20221129%2c1.pdf,"颱風, 地質, 地震",
臺灣高等法院 110 年度建上更二字第 22 號民事判決,https://judgment.judicial.gov.tw/FILES/TPHV/110%2c%e5%bb%ba%e4%b8%8a%e6%9b%b4%e4%ba%8c%2c22%2c20220427%2c1.pdf,"颱風, 地質",
臺灣高等法院 111 年度上字第 1300 號民事判決,https://judgment.judicial.gov.tw/FILES/TPHV/111%2c%e4%b8%8a%2c1300%2c20230802%2c1.pdf,"地震, 豪雨, 颱風, 淹水, 地形",
臺灣高等法院 111 年度建上字第 33 號民事判決,https://judgment.judicial.gov.tw/FILES/TPHV/111%2c%e5%bb%ba%e4%b8%8a%2c33%2c20231212%2c1.pdf,颱風,
臺灣高等法院 111 年度建上字第 4 號民事判決,https://judgment.judicial.gov.tw/FILES/TPHV/111%2c%e5%bb%ba%e4%b8%8a%2c4%2c20230412%2c2.pdf,"颱風, 豪雨, 地形",
臺灣高等法院 111 年度建上更一字第 11 號民事判決,https://judgment.judicial.gov.tw/FILES/TPHV/111%2c%e5%bb%ba%e4%b8%8a%e6%9b%b4%e4%b8%80%2c11%2c20240205%2c1.pdf,地質,
臺灣高等法院 111 年度建上更二字第 4 號民事判決,https://judgment.judicial.gov.tw/FILES/TPHV/111%2c%e5%bb%ba%e4%b8%8a%e6%9b%b4%e4%ba%8c%2c4%2c20240119%2c1.pdf,地質,
臺灣高等法院 111 年度重上字第 825 號民事判決,https://judgment.judicial.gov.tw/FILES/TPHV/111%2c%e9%87%8d%e4%b8%8a%2c825%2c20240123%2c1.pdf,颱風,
臺灣高等法院 112 年度上更一字第 17 號民事判決,https://judgment.judicial.gov.tw/FILES/TPHV/112%2c%e4%b8%8a%e6%9b%b4%e4%b8%80%2c17%2c20240130%2c1.pdf,淹水,
臺灣高等法院 89 年度重上字第 478 號民事判決,https://judgment.judicial.gov.tw/EXPORTFILE/ExportToPdf.aspx?type=JD&id=TPHV%2c89%2c%e9%87%8d%e4%b8%8a%2c478%2c20010828%2c1&fname=%e8%87%ba%e7%81%a3%e9%ab%98%e7%ad%89%e6%b3%95%e9%99%a2+89+%e5%b9%b4%e5%ba%a6%e9%87%8d%e4%b8%8a%e5%ad%97%e7%ac%ac+478+%e8%99%9f%e6%b0%91%e4%ba%8b%e5%88%a4%e6%b1%ba&lawpara=&ot=in,地形,
臺灣高等法院 90 年度上更(一)字第 171 號民事判決,https://judgment.judicial.gov.tw/EXPORTFILE/ExportToPdf.aspx?type=JD&id=TPHV%2c90%2c%e4%b8%8a%e6%9b%b4(%e4%b8%80)%2c171%2c20040929%2c3&fname=%e8%87%ba%e7%81%a3%e9%ab%98%e7%ad%89%e6%b3%95%e9%99%a2+90+%e5%b9%b4%e5%ba%a6%e4%b8%8a%e6%9b%b4(%e4%b8%80)%e5%ad%97%e7%ac%ac+171+%e8%99%9f%e6%b0%91%e4%ba%8b%e5%88%a4%e6%b1%ba&lawpara=&ot=in,豪雨,
臺灣高等法院 90 年度重上字第 580 號民事判決,https://judgment.judicial.gov.tw/EXPORTFILE/ExportToPdf.aspx?type=JD&id=TPHV%2c90%2c%e9%87%8d%e4%b8%8a%2c580%2c20021008%2c1&fname=%e8%87%ba%e7%81%a3%e9%ab%98%e7%ad%89%e6%b3%95%e9%99%a2+90+%e5%b9%b4%e5%ba%a6%e9%87%8d%e4%b8%8a%e5%ad%97%e7%ac%ac+580+%e8%99%9f%e6%b0%91%e4%ba%8b%e5%88%a4%e6%b1%ba&lawpara=&ot=in,地震,
臺灣高等法院 91 年度重上更(一)字第 129 號民事判決,https://judgment.judicial.gov.tw/EXPORTFILE/ExportToPdf.aspx?type=JD&id=TPHV%2c91%2c%e9%87%8d%e4%b8%8a%e6%9b%b4(%e4%b8%80)%2c129%2c20030513%2c1&fname=%e8%87%ba%e7%81%a3%e9%ab%98%e7%ad%89%e6%b3%95%e9%99%a2+91+%e5%b9%b4%e5%ba%a6%e9%87%8d%e4%b8%8a%e6%9b%b4(%e4%b8%80)%e5%ad%97%e7%ac%ac+129+%e8%99%9f%e6%b0%91%e4%ba%8b%e5%88%a4%e6%b1%ba&lawpara=&ot=in,地質,
臺灣高等法院 92 年度保險上字第 53 號民事判決,https://judgment.judicial.gov.tw/EXPORTFILE/ExportToPdf.aspx?type=JD&id=TPHV%2c92%2c%e4%bf%9d%e9%9a%aa%e4%b8%8a%2c53%2c20050823%2c2&fname=%e8%87%ba%e7%81%a3%e9%ab%98%e7%ad%89%e6%b3%95%e9%99%a2+92+%e5%b9%b4%e5%ba%a6%e4%bf%9d%e9%9a%aa%e4%b8%8a%e5%ad%97%e7%ac%ac+53+%e8%99%9f%e6%b0%91%e4%ba%8b%e5%88%a4%e6%b1%ba&lawpara=&ot=in,地震,
臺灣高等法院 92 年度重上字第 266 號民事判決,https://judgment.judicial.gov.tw/EXPORTFILE/ExportToPdf.aspx?type=JD&id=TPHV%2c92%2c%e9%87%8d%e4%b8%8a%2c266%2c20060905%2c1&fname=%e8%87%ba%e7%81%a3%e9%ab%98%e7%ad%89%e6%b3%95%e9%99%a2+92+%e5%b9%b4%e5%ba%a6%e9%87%8d%e4%b8%8a%e5%ad%97%e7%ac%ac+266+%e8%99%9f%e6%b0%91%e4%ba%8b%e5%88%a4%e6%b1%ba&lawpara=&ot=in,地質,
臺灣高等法院 92 年度重上字第 35 號民事判決,https://judgment.judicial.gov.tw/EXPORTFILE/ExportToPdf.aspx?type=JD&id=TPHV%2c92%2c%e9%87%8d%e4%b8%8a%2c35%2c20031223%2c1&fname=%e8%87%ba%e7%81%a3%e9%ab%98%e7%ad%89%e6%b3%95%e9%99%a2+92+%e5%b9%b4%e5%ba%a6%e9%87%8d%e4%b8%8a%e5%ad%97%e7%ac%ac+35+%e8%99%9f%e6%b0%91%e4%ba%8b%e5%88%a4%e6%b1%ba&lawpara=&ot=in,地質,
臺灣高等法院 92 年度重上字第 525 號民事判決,https://judgment.judicial.gov.tw/EXPORTFILE/ExportToPdf.aspx?type=JD&id=TPHV%2c92%2c%e9%87%8d%e4%b8%8a%2c525%2c20071016%2c2&fname=%e8%87%ba%e7%81%a3%e9%ab%98%e7%ad%89%e6%b3%95%e9%99%a2+92+%e5%b9%b4%e5%ba%a6%e9%87%8d%e4%b8%8a%e5%ad%97%e7%ac%ac+525+%e8%99%9f%e6%b0%91%e4%ba%8b%e5%88%a4%e6%b1%ba&lawpara=&ot=in,地形,
臺灣高等法院 92 年度重上字第 612 號民事判決,https://judgment.judicial.gov.tw/EXPORTFILE/ExportToPdf.aspx?type=JD&id=TPHV%2c92%2c%e9%87%8d%e4%b8%8a%2c612%2c20040504%2c1&fname=%e8%87%ba%e7%81%a3%e9%ab%98%e7%ad%89%e6%b3%95%e9%99%a2+92+%e5%b9%b4%e5%ba%a6%e9%87%8d%e4%b8%8a%e5%ad%97%e7%ac%ac+612+%e8%99%9f%e6%b0%91%e4%ba%8b%e5%88%a4%e6%b1%ba&lawpara=&ot=in,"地形, 地貌, 水災, 地震",
臺灣高等法院 92 年度重上字第 619 號民事判決,https://judgment.judicial.gov.tw/EXPORTFILE/ExportToPdf.aspx?type=JD&id=TPHV%2c92%2c%e9%87%8d%e4%b8%8a%2c619%2c20060711%2c1&fname=%e8%87%ba%e7%81%a3%e9%ab%98%e7%ad%89%e6%b3%95%e9%99%a2+92+%e5%b9%b4%e5%ba%a6%e9%87%8d%e4%b8%8a%e5%ad%97%e7%ac%ac+619+%e8%99%9f%e6%b0%91%e4%ba%8b%e5%88%a4%e6%b1%ba&lawpara=&ot=in,地質,
臺灣高等法院 93 年度上字第 823 號民事判決,https://judgment.judicial.gov.tw/EXPORTFILE/ExportToPdf.aspx?type=JD&id=TPHV%2c93%2c%e4%b8%8a%2c823%2c20080813%2c2&fname=%e8%87%ba%e7%81%a3%e9%ab%98%e7%ad%89%e6%b3%95%e9%99%a2+93+%e5%b9%b4%e5%ba%a6%e4%b8%8a%e5%ad%97%e7%ac%ac+823+%e8%99%9f%e6%b0%91%e4%ba%8b%e5%88%a4%e6%b1%ba&lawpara=&ot=in,"地質, 地震",
臺灣高等法院 93 年度建上字第 27 號民事判決,https://judgment.judicial.gov.tw/EXPORTFILE/ExportToPdf.aspx?type=JD&id=TPHV%2c93%2c%e5%bb%ba%e4%b8%8a%2c27%2c20050531%2c1&fname=%e8%87%ba%e7%81%a3%e9%ab%98%e7%ad%89%e6%b3%95%e9%99%a2+93+%e5%b9%b4%e5%ba%a6%e5%bb%ba%e4%b8%8a%e5%ad%97%e7%ac%ac+27+%e8%99%9f%e6%b0%91%e4%ba%8b%e5%88%a4%e6%b1%ba&lawpara=&ot=in,地震,
臺灣高等法院 93 年度重上字第 411 號民事判決,https://judgment.judicial.gov.tw/EXPORTFILE/ExportToPdf.aspx?type=JD&id=TPHV%2c93%2c%e9%87%8d%e4%b8%8a%2c411%2c20060523%2c2&fname=%e8%87%ba%e7%81%a3%e9%ab%98%e7%ad%89%e6%b3%95%e9%99%a2+93+%e5%b9%b4%e5%ba%a6%e9%87%8d%e4%b8%8a%e5%ad%97%e7%ac%ac+411+%e8%99%9f%e6%b0%91%e4%ba%8b%e5%88%a4%e6%b1%ba&lawpara=&ot=in,"豪雨, 地震",
臺灣高等法院 93 年度重上字第 498 號民事判決,https://judgment.judicial.gov.tw/EXPORTFILE/ExportToPdf.aspx?type=JD&id=TPHV%2c93%2c%e9%87%8d%e4%b8%8a%2c498%2c20070424%2c1&fname=%e8%87%ba%e7%81%a3%e9%ab%98%e7%ad%89%e6%b3%95%e9%99%a2+93+%e5%b9%b4%e5%ba%a6%e9%87%8d%e4%b8%8a%e5%ad%97%e7%ac%ac+498+%e8%99%9f%e6%b0%91%e4%ba%8b%e5%88%a4%e6%b1%ba&lawpara=&ot=in,地震,
臺灣高等法院 93 年度重上字第 588 號民事判決,https://judgment.judicial.gov.tw/EXPORTFILE/ExportToPdf.aspx?type=JD&id=TPHV%2c93%2c%e9%87%8d%e4%b8%8a%2c588%2c20060905%2c3&fname=%e8%87%ba%e7%81%a3%e9%ab%98%e7%ad%89%e6%b3%95%e9%99%a2+93+%e5%b9%b4%e5%ba%a6%e9%87%8d%e4%b8%8a%e5%ad%97%e7%ac%ac+588+%e8%99%9f%e6%b0%91%e4%ba%8b%e5%88%a4%e6%b1%ba&lawpara=&ot=in,"風災, 戰爭",
臺灣高等法院 93 年度重上更(一)字第 28 號民事判決,https://judgment.judicial.gov.tw/EXPORTFILE/ExportToPdf.aspx?type=JD&id=TPHV%2c93%2c%e9%87%8d%e4%b8%8a%e6%9b%b4(%e4%b8%80)%2c28%2c20040817%2c1&fname=%e8%87%ba%e7%81%a3%e9%ab%98%e7%ad%89%e6%b3%95%e9%99%a2+93+%e5%b9%b4%e5%ba%a6%e9%87%8d%e4%b8%8a%e6%9b%b4(%e4%b8%80)%e5%ad%97%e7%ac%ac+28+%e8%99%9f%e6%b0%91%e4%ba%8b%e5%88%a4%e6%b1%ba&lawpara=&ot=in,地震,
臺灣高等法院 94 年度上易字第 652 號民事判決,https://judgment.judicial.gov.tw/EXPORTFILE/ExportToPdf.aspx?type=JD&id=TPHV%2c94%2c%e4%b8%8a%e6%98%93%2c652%2c20060207%2c1&fname=%e8%87%ba%e7%81%a3%e9%ab%98%e7%ad%89%e6%b3%95%e9%99%a2+94+%e5%b9%b4%e5%ba%a6%e4%b8%8a%e6%98%93%e5%ad%97%e7%ac%ac+652+%e8%99%9f%e6%b0%91%e4%ba%8b%e5%88%a4%e6%b1%ba&lawpara=&ot=in,地震,
臺灣高等法院 94 年度建上字第 11 號民事判決,https://judgment.judicial.gov.tw/EXPORTFILE/ExportToPdf.aspx?type=JD&id=TPHV%2c94%2c%e5%bb%ba%e4%b8%8a%2c11%2c20060815%2c1&fname=%e8%87%ba%e7%81%a3%e9%ab%98%e7%ad%89%e6%b3%95%e9%99%a2+94+%e5%b9%b4%e5%ba%a6%e5%bb%ba%e4%b8%8a%e5%ad%97%e7%ac%ac+11+%e8%99%9f%e6%b0%91%e4%ba%8b%e5%88%a4%e6%b1%ba&lawpara=&ot=in,"地質, 豪雨, 地形",
臺灣高等法院 94 年度重上字第 144 號民事判決,https://judgment.judicial.gov.tw/EXPORTFILE/ExportToPdf.aspx?type=JD&id=TPHV%2c94%2c%e9%87%8d%e4%b8%8a%2c144%2c20060905%2c1&fname=%e8%87%ba%e7%81%a3%e9%ab%98%e7%ad%89%e6%b3%95%e9%99%a2+94+%e5%b9%b4%e5%ba%a6%e9%87%8d%e4%b8%8a%e5%ad%97%e7%ac%ac+144+%e8%99%9f%e6%b0%91%e4%ba%8b%e5%88%a4%e6%b1%ba&lawpara=&ot=in,地震,
臺灣高等法院 94 年度重上字第 33 號民事判決,https://judgment.judicial.gov.tw/EXPORTFILE/ExportToPdf.aspx?type=JD&id=TPHV%2c94%2c%e9%87%8d%e4%b8%8a%2c33%2c20050830%2c1&fname=%e8%87%ba%e7%81%a3%e9%ab%98%e7%ad%89%e6%b3%95%e9%99%a2+94+%e5%b9%b4%e5%ba%a6%e9%87%8d%e4%b8%8a%e5%ad%97%e7%ac%ac+33+%e8%99%9f%e6%b0%91%e4%ba%8b%e5%88%a4%e6%b1%ba&lawpara=&ot=in,淹水,
臺灣高等法院 94 年度重上字第 367 號民事判決,https://judgment.judicial.gov.tw/EXPORTFILE/ExportToPdf.aspx?type=JD&id=TPHV%2c94%2c%e9%87%8d%e4%b8%8a%2c367%2c20070508%2c3&fname=%e8%87%ba%e7%81%a3%e9%ab%98%e7%ad%89%e6%b3%95%e9%99%a2+94+%e5%b9%b4%e5%ba%a6%e9%87%8d%e4%b8%8a%e5%ad%97%e7%ac%ac+367+%e8%99%9f%e6%b0%91%e4%ba%8b%e5%88%a4%e6%b1%ba&lawpara=&ot=in,地形,
臺灣高等法院 94 年度重上更(二)字第 5 號民事判決,https://judgment.judicial.gov.tw/EXPORTFILE/ExportToPdf.aspx?type=JD&id=TPHV%2c94%2c%e9%87%8d%e4%b8%8a%e6%9b%b4(%e4%ba%8c)%2c5%2c20060808%2c1&fname=%e8%87%ba%e7%81%a3%e9%ab%98%e7%ad%89%e6%b3%95%e9%99%a2+94+%e5%b9%b4%e5%ba%a6%e9%87%8d%e4%b8%8a%e6%9b%b4(%e4%ba%8c)%e5%ad%97%e7%ac%ac+5+%e8%99%9f%e6%b0%91%e4%ba%8b%e5%88%a4%e6%b1%ba&lawpara=&ot=in,地震,
臺灣高等法院 95 年度建上字第 18 號民事判決,https://judgment.judicial.gov.tw/EXPORTFILE/ExportToPdf.aspx?type=JD&id=TPHV%2c95%2c%e5%bb%ba%e4%b8%8a%2c18%2c20060811%2c1&fname=%e8%87%ba%e7%81%a3%e9%ab%98%e7%ad%89%e6%b3%95%e9%99%a2+95+%e5%b9%b4%e5%ba%a6%e5%bb%ba%e4%b8%8a%e5%ad%97%e7%ac%ac+18+%e8%99%9f%e6%b0%91%e4%ba%8b%e5%88%a4%e6%b1%ba&lawpara=&ot=in,地質,
臺灣高等法院 95 年度建上字第 31 號民事判決,https://judgment.judicial.gov.tw/EXPORTFILE/ExportToPdf.aspx?type=JD&id=TPHV%2c95%2c%e5%bb%ba%e4%b8%8a%2c31%2c20070821%2c1&fname=%e8%87%ba%e7%81%a3%e9%ab%98%e7%ad%89%e6%b3%95%e9%99%a2+95+%e5%b9%b4%e5%ba%a6%e5%bb%ba%e4%b8%8a%e5%ad%97%e7%ac%ac+31+%e8%99%9f%e6%b0%91%e4%ba%8b%e5%88%a4%e6%b1%ba&lawpara=&ot=in,地震,
臺灣高等法院 95 年度建上字第 40 號民事判決,https://judgment.judicial.gov.tw/EXPORTFILE/ExportToPdf.aspx?type=JD&id=TPHV%2c95%2c%e5%bb%ba%e4%b8%8a%2c40%2c20100720%2c1&fname=%e8%87%ba%e7%81%a3%e9%ab%98%e7%ad%89%e6%b3%95%e9%99%a2+95+%e5%b9%b4%e5%ba%a6%e5%bb%ba%e4%b8%8a%e5%ad%97%e7%ac%ac+40+%e8%99%9f%e6%b0%91%e4%ba%8b%e5%88%a4%e6%b1%ba&lawpara=&ot=in,地質,
臺灣高等法院 95 年度建上字第 64 號民事判決,https://judgment.judicial.gov.tw/EXPORTFILE/ExportToPdf.aspx?type=JD&id=TPHV%2c95%2c%e5%bb%ba%e4%b8%8a%2c64%2c20061205%2c1&fname=%e8%87%ba%e7%81%a3%e9%ab%98%e7%ad%89%e6%b3%95%e9%99%a2+95+%e5%b9%b4%e5%ba%a6%e5%bb%ba%e4%b8%8a%e5%ad%97%e7%ac%ac+64+%e8%99%9f%e6%b0%91%e4%ba%8b%e5%88%a4%e6%b1%ba&lawpara=&ot=in,戰爭,
臺灣高等法院 95 年度建上字第 66 號民事判決,https://judgment.judicial.gov.tw/EXPORTFILE/ExportToPdf.aspx?type=JD&id=TPHV%2c95%2c%e5%bb%ba%e4%b8%8a%2c66%2c20061107%2c2&fname=%e8%87%ba%e7%81%a3%e9%ab%98%e7%ad%89%e6%b3%95%e9%99%a2+95+%e5%b9%b4%e5%ba%a6%e5%bb%ba%e4%b8%8a%e5%ad%97%e7%ac%ac+66+%e8%99%9f%e6%b0%91%e4%ba%8b%e5%88%a4%e6%b1%ba&lawpara=&ot=in,戰爭,
臺灣高等法院 95 年度建上字第 90 號民事判決,https://judgment.judicial.gov.tw/EXPORTFILE/ExportToPdf.aspx?type=JD&id=TPHV%2c95%2c%e5%bb%ba%e4%b8%8a%2c90%2c20130115%2c2&fname=%e8%87%ba%e7%81%a3%e9%ab%98%e7%ad%89%e6%b3%95%e9%99%a2+95+%e5%b9%b4%e5%ba%a6%e5%bb%ba%e4%b8%8a%e5%ad%97%e7%ac%ac+90+%e8%99%9f%e6%b0%91%e4%ba%8b%e5%88%a4%e6%b1%ba&lawpara=&ot=in,地質,
臺灣高等法院 95 年度建上更(一)字第 14 號民事判決,https://judgment.judicial.gov.tw/EXPORTFILE/ExportToPdf.aspx?type=JD&id=TPHV%2c95%2c%e5%bb%ba%e4%b8%8a%e6%9b%b4(%e4%b8%80)%2c14%2c20080312%2c1&fname=%e8%87%ba%e7%81%a3%e9%ab%98%e7%ad%89%e6%b3%95%e9%99%a2+95+%e5%b9%b4%e5%ba%a6%e5%bb%ba%e4%b8%8a%e6%9b%b4(%e4%b8%80)%e5%ad%97%e7%ac%ac+14+%e8%99%9f%e6%b0%91%e4%ba%8b%e5%88%a4%e6%b1%ba&lawpara=&ot=in,"地質, 豪雨",
臺灣高等法院 96 年度建上字第 103 號民事判決,https://judgment.judicial.gov.tw/EXPORTFILE/ExportToPdf.aspx?type=JD&id=TPHV%2c96%2c%e5%bb%ba%e4%b8%8a%2c103%2c20080304%2c1&fname=%e8%87%ba%e7%81%a3%e9%ab%98%e7%ad%89%e6%b3%95%e9%99%a2+96+%e5%b9%b4%e5%ba%a6%e5%bb%ba%e4%b8%8a%e5%ad%97%e7%ac%ac+103+%e8%99%9f%e6%b0%91%e4%ba%8b%e5%88%a4%e6%b1%ba&lawpara=&ot=in,"淹水, 洪水, 豪雨, 地震",
臺灣高等法院 96 年度建上字第 11 號民事判決,https://judgment.judicial.gov.tw/EXPORTFILE/ExportToPdf.aspx?type=JD&id=TPHV%2c96%2c%e5%bb%ba%e4%b8%8a%2c11%2c20100511%2c1&fname=%e8%87%ba%e7%81%a3%e9%ab%98%e7%ad%89%e6%b3%95%e9%99%a2+96+%e5%b9%b4%e5%ba%a6%e5%bb%ba%e4%b8%8a%e5%ad%97%e7%ac%ac+11+%e8%99%9f%e6%b0%91%e4%ba%8b%e5%88%a4%e6%b1%ba&lawpara=&ot=in,淹水,
臺灣高等法院 96 年度建上字第 129 號民事判決,https://judgment.judicial.gov.tw/EXPORTFILE/ExportToPdf.aspx?type=JD&id=TPHV%2c96%2c%e5%bb%ba%e4%b8%8a%2c129%2c20080408%2c1&fname=%e8%87%ba%e7%81%a3%e9%ab%98%e7%ad%89%e6%b3%95%e9%99%a2+96+%e5%b9%b4%e5%ba%a6%e5%bb%ba%e4%b8%8a%e5%ad%97%e7%ac%ac+129+%e8%99%9f%e6%b0%91%e4%ba%8b%e5%88%a4%e6%b1%ba&lawpara=&ot=in,"地質, 地震",
臺灣高等法院 96 年度建上字第 35 號民事判決,https://judgment.judicial.gov.tw/EXPORTFILE/ExportToPdf.aspx?type=JD&id=TPHV%2c96%2c%e5%bb%ba%e4%b8%8a%2c35%2c20080520%2c1&fname=%e8%87%ba%e7%81%a3%e9%ab%98%e7%ad%89%e6%b3%95%e9%99%a2+96+%e5%b9%b4%e5%ba%a6%e5%bb%ba%e4%b8%8a%e5%ad%97%e7%ac%ac+35+%e8%99%9f%e6%b0%91%e4%ba%8b%e5%88%a4%e6%b1%ba&lawpara=&ot=in,戰爭,
臺灣高等法院 96 年度建上字第 36 號民事判決,https://judgment.judicial.gov.tw/EXPORTFILE/ExportToPdf.aspx?type=JD&id=TPHV%2c96%2c%e5%bb%ba%e4%b8%8a%2c36%2c20090526%2c1&fname=%e8%87%ba%e7%81%a3%e9%ab%98%e7%ad%89%e6%b3%95%e9%99%a2+96+%e5%b9%b4%e5%ba%a6%e5%bb%ba%e4%b8%8a%e5%ad%97%e7%ac%ac+36+%e8%99%9f%e6%b0%91%e4%ba%8b%e5%88%a4%e6%b1%ba&lawpara=&ot=in,"地質, 地下水位, 地貌, 地形",
臺灣高等法院 96 年度建上字第 83 號民事判決,https://judgment.judicial.gov.tw/EXPORTFILE/ExportToPdf.aspx?type=JD&id=TPHV%2c96%2c%e5%bb%ba%e4%b8%8a%2c83%2c20071107%2c1&fname=%e8%87%ba%e7%81%a3%e9%ab%98%e7%ad%89%e6%b3%95%e9%99%a2+96+%e5%b9%b4%e5%ba%a6%e5%bb%ba%e4%b8%8a%e5%ad%97%e7%ac%ac+83+%e8%99%9f%e6%b0%91%e4%ba%8b%e5%88%a4%e6%b1%ba&lawpara=&ot=in,天氣,
臺灣高等法院 96 年度建上字第 91 號民事判決,https://judgment.judicial.gov.tw/EXPORTFILE/ExportToPdf.aspx?type=JD&id=TPHV%2c96%2c%e5%bb%ba%e4%b8%8a%2c91%2c20110322%2c2&fname=%e8%87%ba%e7%81%a3%e9%ab%98%e7%ad%89%e6%b3%95%e9%99%a2+96+%e5%b9%b4%e5%ba%a6%e5%bb%ba%e4%b8%8a%e5%ad%97%e7%ac%ac+91+%e8%99%9f%e6%b0%91%e4%ba%8b%e5%88%a4%e6%b1%ba&lawpara=&ot=in,地質,
臺灣高等法院 96 年度建上字第 95 號民事判決,https://judgment.judicial.gov.tw/EXPORTFILE/ExportToPdf.aspx?type=JD&id=TPHV%2c96%2c%e5%bb%ba%e4%b8%8a%2c95%2c20080130%2c1&fname=%e8%87%ba%e7%81%a3%e9%ab%98%e7%ad%89%e6%b3%95%e9%99%a2+96+%e5%b9%b4%e5%ba%a6%e5%bb%ba%e4%b8%8a%e5%ad%97%e7%ac%ac+95+%e8%99%9f%e6%b0%91%e4%ba%8b%e5%88%a4%e6%b1%ba&lawpara=&ot=in,戰爭,
臺灣高等法院 96 年度重上字第 212 號民事判決,https://judgment.judicial.gov.tw/EXPORTFILE/ExportToPdf.aspx?type=JD&id=TPHV%2c96%2c%e9%87%8d%e4%b8%8a%2c212%2c20070718%2c1&fname=%e8%87%ba%e7%81%a3%e9%ab%98%e7%ad%89%e6%b3%95%e9%99%a2+96+%e5%b9%b4%e5%ba%a6%e9%87%8d%e4%b8%8a%e5%ad%97%e7%ac%ac+212+%e8%99%9f%e6%b0%91%e4%ba%8b%e5%88%a4%e6%b1%ba&lawpara=&ot=in,水災,
臺灣高等法院 96 年度重上更(一)字第 182 號民事判決,https://judgment.judicial.gov.tw/EXPORTFILE/ExportToPdf.aspx?type=JD&id=TPHV%2c96%2c%e9%87%8d%e4%b8%8a%e6%9b%b4(%e4%b8%80)%2c182%2c20100120%2c2&fname=%e8%87%ba%e7%81%a3%e9%ab%98%e7%ad%89%e6%b3%95%e9%99%a2+96+%e5%b9%b4%e5%ba%a6%e9%87%8d%e4%b8%8a%e6%9b%b4(%e4%b8%80)%e5%ad%97%e7%ac%ac+182+%e8%99%9f%e6%b0%91%e4%ba%8b%e5%88%a4%e6%b1%ba&lawpara=&ot=in,地震,
臺灣高等法院 97 年度建上字第 16 號民事判決,https://judgment.judicial.gov.tw/EXPORTFILE/ExportToPdf.aspx?type=JD&id=TPHV%2c97%2c%e5%bb%ba%e4%b8%8a%2c16%2c20110908%2c1&fname=%e8%87%ba%e7%81%a3%e9%ab%98%e7%ad%89%e6%b3%95%e9%99%a2+97+%e5%b9%b4%e5%ba%a6%e5%bb%ba%e4%b8%8a%e5%ad%97%e7%ac%ac+16+%e8%99%9f%e6%b0%91%e4%ba%8b%e5%88%a4%e6%b1%ba&lawpara=&ot=in,颱風,
臺灣高等法院 97 年度建上字第 22 號民事判決,https://judgment.judicial.gov.tw/EXPORTFILE/ExportToPdf.aspx?type=JD&id=TPHV%2c97%2c%e5%bb%ba%e4%b8%8a%2c22%2c20081029%2c1&fname=%e8%87%ba%e7%81%a3%e9%ab%98%e7%ad%89%e6%b3%95%e9%99%a2+97+%e5%b9%b4%e5%ba%a6%e5%bb%ba%e4%b8%8a%e5%ad%97%e7%ac%ac+22+%e8%99%9f%e6%b0%91%e4%ba%8b%e5%88%a4%e6%b1%ba&lawpara=&ot=in,"地質, 地貌, 豪雨, 地形",
臺灣高等法院 97 年度建上字第 36 號民事判決,https://judgment.judicial.gov.tw/EXPORTFILE/ExportToPdf.aspx?type=JD&id=TPHV%2c97%2c%e5%bb%ba%e4%b8%8a%2c36%2c20090421%2c2&fname=%e8%87%ba%e7%81%a3%e9%ab%98%e7%ad%89%e6%b3%95%e9%99%a2+97+%e5%b9%b4%e5%ba%a6%e5%bb%ba%e4%b8%8a%e5%ad%97%e7%ac%ac+36+%e8%99%9f%e6%b0%91%e4%ba%8b%e5%88%a4%e6%b1%ba&lawpara=&ot=in,淹水,
臺灣高等法院 97 年度建上字第 53 號民事判決,https://judgment.judicial.gov.tw/EXPORTFILE/ExportToPdf.aspx?type=JD&id=TPHV%2c97%2c%e5%bb%ba%e4%b8%8a%2c53%2c20091208%2c1&fname=%e8%87%ba%e7%81%a3%e9%ab%98%e7%ad%89%e6%b3%95%e9%99%a2+97+%e5%b9%b4%e5%ba%a6%e5%bb%ba%e4%b8%8a%e5%ad%97%e7%ac%ac+53+%e8%99%9f%e6%b0%91%e4%ba%8b%e5%88%a4%e6%b1%ba&lawpara=&ot=in,戰爭,
臺灣高等法院 97 年度建上字第 80 號民事判決,https://judgment.judicial.gov.tw/EXPORTFILE/ExportToPdf.aspx?type=JD&id=TPHV%2c97%2c%e5%bb%ba%e4%b8%8a%2c80%2c20090414%2c1&fname=%e8%87%ba%e7%81%a3%e9%ab%98%e7%ad%89%e6%b3%95%e9%99%a2+97+%e5%b9%b4%e5%ba%a6%e5%bb%ba%e4%b8%8a%e5%ad%97%e7%ac%ac+80+%e8%99%9f%e6%b0%91%e4%ba%8b%e5%88%a4%e6%b1%ba&lawpara=&ot=in,地震,
臺灣高等法院 97 年度建上字第 82 號民事判決,https://judgment.judicial.gov.tw/EXPORTFILE/ExportToPdf.aspx?type=JD&id=TPHV%2c97%2c%e5%bb%ba%e4%b8%8a%2c82%2c20090401%2c1&fname=%e8%87%ba%e7%81%a3%e9%ab%98%e7%ad%89%e6%b3%95%e9%99%a2+97+%e5%b9%b4%e5%ba%a6%e5%bb%ba%e4%b8%8a%e5%ad%97%e7%ac%ac+82+%e8%99%9f%e6%b0%91%e4%ba%8b%e5%88%a4%e6%b1%ba&lawpara=&ot=in,地質,
臺灣高等法院 97 年度建上字第 83 號民事判決,https://judgment.judicial.gov.tw/EXPORTFILE/ExportToPdf.aspx?type=JD&id=TPHV%2c97%2c%e5%bb%ba%e4%b8%8a%2c83%2c20090811%2c1&fname=%e8%87%ba%e7%81%a3%e9%ab%98%e7%ad%89%e6%b3%95%e9%99%a2+97+%e5%b9%b4%e5%ba%a6%e5%bb%ba%e4%b8%8a%e5%ad%97%e7%ac%ac+83+%e8%99%9f%e6%b0%91%e4%ba%8b%e5%88%a4%e6%b1%ba&lawpara=&ot=in,地震,
臺灣高等法院 97 年度建上字第 91 號民事判決,https://judgment.judicial.gov.tw/EXPORTFILE/ExportToPdf.aspx?type=JD&id=TPHV%2c97%2c%e5%bb%ba%e4%b8%8a%2c91%2c20081125%2c1&fname=%e8%87%ba%e7%81%a3%e9%ab%98%e7%ad%89%e6%b3%95%e9%99%a2+97+%e5%b9%b4%e5%ba%a6%e5%bb%ba%e4%b8%8a%e5%ad%97%e7%ac%ac+91+%e8%99%9f%e6%b0%91%e4%ba%8b%e5%88%a4%e6%b1%ba&lawpara=&ot=in,地震,
臺灣高等法院 97 年度建上字第 97 號民事判決,https://judgment.judicial.gov.tw/EXPORTFILE/ExportToPdf.aspx?type=JD&id=TPHV%2c97%2c%e5%bb%ba%e4%b8%8a%2c97%2c20100928%2c1&fname=%e8%87%ba%e7%81%a3%e9%ab%98%e7%ad%89%e6%b3%95%e9%99%a2+97+%e5%b9%b4%e5%ba%a6%e5%bb%ba%e4%b8%8a%e5%ad%97%e7%ac%ac+97+%e8%99%9f%e6%b0%91%e4%ba%8b%e5%88%a4%e6%b1%ba&lawpara=&ot=in,"地質, 豪雨, 淹水",
臺灣高等法院 97 年度建上更(二)字第 11 號民事判決,https://judgment.judicial.gov.tw/EXPORTFILE/ExportToPdf.aspx?type=JD&id=TPHV%2c97%2c%e5%bb%ba%e4%b8%8a%e6%9b%b4(%e4%ba%8c)%2c11%2c20090203%2c1&fname=%e8%87%ba%e7%81%a3%e9%ab%98%e7%ad%89%e6%b3%95%e9%99%a2+97+%e5%b9%b4%e5%ba%a6%e5%bb%ba%e4%b8%8a%e6%9b%b4(%e4%ba%8c)%e5%ad%97%e7%ac%ac+11+%e8%99%9f%e6%b0%91%e4%ba%8b%e5%88%a4%e6%b1%ba&lawpara=&ot=in,地質,
臺灣高等法院 97 年度重上更(一)字第 29 號民事判決,https://judgment.judicial.gov.tw/EXPORTFILE/ExportToPdf.aspx?type=JD&id=TPHV%2c97%2c%e9%87%8d%e4%b8%8a%e6%9b%b4(%e4%b8%80)%2c29%2c20080624%2c1&fname=%e8%87%ba%e7%81%a3%e9%ab%98%e7%ad%89%e6%b3%95%e9%99%a2+97+%e5%b9%b4%e5%ba%a6%e9%87%8d%e4%b8%8a%e6%9b%b4(%e4%b8%80)%e5%ad%97%e7%ac%ac+29+%e8%99%9f%e6%b0%91%e4%ba%8b%e5%88%a4%e6%b1%ba&lawpara=&ot=in,水災,
臺灣高等法院 97 年度重上更(一)字第 50 號民事判決,https://judgment.judicial.gov.tw/EXPORTFILE/ExportToPdf.aspx?type=JD&id=TPHV%2c97%2c%e9%87%8d%e4%b8%8a%e6%9b%b4(%e4%b8%80)%2c50%2c20170516%2c1&fname=%e8%87%ba%e7%81%a3%e9%ab%98%e7%ad%89%e6%b3%95%e9%99%a2+97+%e5%b9%b4%e5%ba%a6%e9%87%8d%e4%b8%8a%e6%9b%b4(%e4%b8%80)%e5%ad%97%e7%ac%ac+50+%e8%99%9f%e6%b0%91%e4%ba%8b%e5%88%a4%e6%b1%ba&lawpara=&ot=in,地震,
臺灣高等法院 98 年度建上字第 108 號民事判決,https://judgment.judicial.gov.tw/EXPORTFILE/ExportToPdf.aspx?type=JD&id=TPHV%2c98%2c%e5%bb%ba%e4%b8%8a%2c108%2c20101221%2c3&fname=%e8%87%ba%e7%81%a3%e9%ab%98%e7%ad%89%e6%b3%95%e9%99%a2+98+%e5%b9%b4%e5%ba%a6%e5%bb%ba%e4%b8%8a%e5%ad%97%e7%ac%ac+108+%e8%99%9f%e6%b0%91%e4%ba%8b%e5%88%a4%e6%b1%ba&lawpara=&ot=in,豪雨,
臺灣高等法院 98 年度建上字第 41 號民事判決,https://judgment.judicial.gov.tw/EXPORTFILE/ExportToPdf.aspx?type=JD&id=TPHV%2c98%2c%e5%bb%ba%e4%b8%8a%2c41%2c20120208%2c2&fname=%e8%87%ba%e7%81%a3%e9%ab%98%e7%ad%89%e6%b3%95%e9%99%a2+98+%e5%b9%b4%e5%ba%a6%e5%bb%ba%e4%b8%8a%e5%ad%97%e7%ac%ac+41+%e8%99%9f%e6%b0%91%e4%ba%8b%e5%88%a4%e6%b1%ba&lawpara=&ot=in,颱風,
臺灣高等法院 98 年度建上字第 47 號民事判決,https://judgment.judicial.gov.tw/EXPORTFILE/ExportToPdf.aspx?type=JD&id=TPHV%2c98%2c%e5%bb%ba%e4%b8%8a%2c47%2c20150930%2c2&fname=%e8%87%ba%e7%81%a3%e9%ab%98%e7%ad%89%e6%b3%95%e9%99%a2+98+%e5%b9%b4%e5%ba%a6%e5%bb%ba%e4%b8%8a%e5%ad%97%e7%ac%ac+47+%e8%99%9f%e6%b0%91%e4%ba%8b%e5%88%a4%e6%b1%ba&lawpara=&ot=in,"風災, 風災, 颱風, 地下水位, 淹水, 地質, 地形",
臺灣高等法院 98 年度建上字第 66 號民事判決,https://judgment.judicial.gov.tw/EXPORTFILE/ExportToPdf.aspx?type=JD&id=TPHV%2c98%2c%e5%bb%ba%e4%b8%8a%2c66%2c20111031%2c2&fname=%e8%87%ba%e7%81%a3%e9%ab%98%e7%ad%89%e6%b3%95%e9%99%a2+98+%e5%b9%b4%e5%ba%a6%e5%bb%ba%e4%b8%8a%e5%ad%97%e7%ac%ac+66+%e8%99%9f%e6%b0%91%e4%ba%8b%e5%88%a4%e6%b1%ba&lawpara=&ot=in,"颱風, 豪雨",
臺灣高等法院 98 年度建上字第 67 號民事判決,https://judgment.judicial.gov.tw/EXPORTFILE/ExportToPdf.aspx?type=JD&id=TPHV%2c98%2c%e5%bb%ba%e4%b8%8a%2c67%2c20110419%2c1&fname=%e8%87%ba%e7%81%a3%e9%ab%98%e7%ad%89%e6%b3%95%e9%99%a2+98+%e5%b9%b4%e5%ba%a6%e5%bb%ba%e4%b8%8a%e5%ad%97%e7%ac%ac+67+%e8%99%9f%e6%b0%91%e4%ba%8b%e5%88%a4%e6%b1%ba&lawpara=&ot=in,"颱風, 地質",
臺灣高等法院 98 年度建上字第 69 號民事判決,https://judgment.judicial.gov.tw/EXPORTFILE/ExportToPdf.aspx?type=JD&id=TPHV%2c98%2c%e5%bb%ba%e4%b8%8a%2c69%2c20100831%2c1&fname=%e8%87%ba%e7%81%a3%e9%ab%98%e7%ad%89%e6%b3%95%e9%99%a2+98+%e5%b9%b4%e5%ba%a6%e5%bb%ba%e4%b8%8a%e5%ad%97%e7%ac%ac+69+%e8%99%9f%e6%b0%91%e4%ba%8b%e5%88%a4%e6%b1%ba&lawpara=&ot=in,"戰爭, 淹水",
臺灣高等法院 98 年度建上字第 71 號民事判決,https://judgment.judicial.gov.tw/EXPORTFILE/ExportToPdf.aspx?type=JD&id=TPHV%2c98%2c%e5%bb%ba%e4%b8%8a%2c71%2c20100413%2c1&fname=%e8%87%ba%e7%81%a3%e9%ab%98%e7%ad%89%e6%b3%95%e9%99%a2+98+%e5%b9%b4%e5%ba%a6%e5%bb%ba%e4%b8%8a%e5%ad%97%e7%ac%ac+71+%e8%99%9f%e6%b0%91%e4%ba%8b%e5%88%a4%e6%b1%ba&lawpara=&ot=in,"水災, 豪雨",
臺灣高等法院 98 年度建上字第 88 號民事判決,https://judgment.judicial.gov.tw/EXPORTFILE/ExportToPdf.aspx?type=JD&id=TPHV%2c98%2c%e5%bb%ba%e4%b8%8a%2c88%2c20100413%2c1&fname=%e8%87%ba%e7%81%a3%e9%ab%98%e7%ad%89%e6%b3%95%e9%99%a2+98+%e5%b9%b4%e5%ba%a6%e5%bb%ba%e4%b8%8a%e5%ad%97%e7%ac%ac+88+%e8%99%9f%e6%b0%91%e4%ba%8b%e5%88%a4%e6%b1%ba&lawpara=&ot=in,風災,
臺灣高等法院 98 年度建上字第 90 號民事判決,https://judgment.judicial.gov.tw/EXPORTFILE/ExportToPdf.aspx?type=JD&id=TPHV%2c98%2c%e5%bb%ba%e4%b8%8a%2c90%2c20100406%2c1&fname=%e8%87%ba%e7%81%a3%e9%ab%98%e7%ad%89%e6%b3%95%e9%99%a2+98+%e5%b9%b4%e5%ba%a6%e5%bb%ba%e4%b8%8a%e5%ad%97%e7%ac%ac+90+%e8%99%9f%e6%b0%91%e4%ba%8b%e5%88%a4%e6%b1%ba&lawpara=&ot=in,"地質, 地形",
臺灣高等法院 98 年度建上更(一)字第 26 號民事判決,https://judgment.judicial.gov.tw/EXPORTFILE/ExportToPdf.aspx?type=JD&id=TPHV%2c98%2c%e5%bb%ba%e4%b8%8a%e6%9b%b4(%e4%b8%80)%2c26%2c20130806%2c2&fname=%e8%87%ba%e7%81%a3%e9%ab%98%e7%ad%89%e6%b3%95%e9%99%a2+98+%e5%b9%b4%e5%ba%a6%e5%bb%ba%e4%b8%8a%e6%9b%b4(%e4%b8%80)%e5%ad%97%e7%ac%ac+26+%e8%99%9f%e6%b0%91%e4%ba%8b%e5%88%a4%e6%b1%ba&lawpara=&ot=in,"地貌, 地下水位, 颱風, 地質, 地形",
臺灣高等法院 98 年度建上更(一)字第 27 號民事判決,https://judgment.judicial.gov.tw/EXPORTFILE/ExportToPdf.aspx?type=JD&id=TPHV%2c98%2c%e5%bb%ba%e4%b8%8a%e6%9b%b4(%e4%b8%80)%2c27%2c20101208%2c1&fname=%e8%87%ba%e7%81%a3%e9%ab%98%e7%ad%89%e6%b3%95%e9%99%a2+98+%e5%b9%b4%e5%ba%a6%e5%bb%ba%e4%b8%8a%e6%9b%b4(%e4%b8%80)%e5%ad%97%e7%ac%ac+27+%e8%99%9f%e6%b0%91%e4%ba%8b%e5%88%a4%e6%b1%ba&lawpara=&ot=in,"地質, 地下水位",
臺灣高等法院 98 年度重上字第 706 號民事判決,https://judgment.judicial.gov.tw/EXPORTFILE/ExportToPdf.aspx?type=JD&id=TPHV%2c98%2c%e9%87%8d%e4%b8%8a%2c706%2c20101222%2c1&fname=%e8%87%ba%e7%81%a3%e9%ab%98%e7%ad%89%e6%b3%95%e9%99%a2+98+%e5%b9%b4%e5%ba%a6%e9%87%8d%e4%b8%8a%e5%ad%97%e7%ac%ac+706+%e8%99%9f%e6%b0%91%e4%ba%8b%e5%88%a4%e6%b1%ba&lawpara=&ot=in,"地質, 地下水位",
臺灣高等法院 99 年度建上字第 11 號民事判決,https://judgment.judicial.gov.tw/EXPORTFILE/ExportToPdf.aspx?type=JD&id=TPHV%2c99%2c%e5%bb%ba%e4%b8%8a%2c11%2c20101019%2c1&fname=%e8%87%ba%e7%81%a3%e9%ab%98%e7%ad%89%e6%b3%95%e9%99%a2+99+%e5%b9%b4%e5%ba%a6%e5%bb%ba%e4%b8%8a%e5%ad%97%e7%ac%ac+11+%e8%99%9f%e6%b0%91%e4%ba%8b%e5%88%a4%e6%b1%ba&lawpara=&ot=in,地質,
臺灣高等法院 99 年度建上字第 123 號民事判決,https://judgment.judicial.gov.tw/EXPORTFILE/ExportToPdf.aspx?type=JD&id=TPHV%2c99%2c%e5%bb%ba%e4%b8%8a%2c123%2c20121113%2c1&fname=%e8%87%ba%e7%81%a3%e9%ab%98%e7%ad%89%e6%b3%95%e9%99%a2+99+%e5%b9%b4%e5%ba%a6%e5%bb%ba%e4%b8%8a%e5%ad%97%e7%ac%ac+123+%e8%99%9f%e6%b0%91%e4%ba%8b%e5%88%a4%e6%b1%ba&lawpara=&ot=in,"地質, 陰雨, 風災, 風災, 颱風",
臺灣高等法院 99 年度建上字第 144 號民事判決,https://judgment.judicial.gov.tw/EXPORTFILE/ExportToPdf.aspx?type=JD&id=TPHV%2c99%2c%e5%bb%ba%e4%b8%8a%2c144%2c20130924%2c2&fname=%e8%87%ba%e7%81%a3%e9%ab%98%e7%ad%89%e6%b3%95%e9%99%a2+99+%e5%b9%b4%e5%ba%a6%e5%bb%ba%e4%b8%8a%e5%ad%97%e7%ac%ac+144+%e8%99%9f%e6%b0%91%e4%ba%8b%e5%88%a4%e6%b1%ba&lawpara=&ot=in,地質,
臺灣高等法院 99 年度建上字第 157 號民事判決,https://judgment.judicial.gov.tw/EXPORTFILE/ExportToPdf.aspx?type=JD&id=TPHV%2c99%2c%e5%bb%ba%e4%b8%8a%2c157%2c20120613%2c2&fname=%e8%87%ba%e7%81%a3%e9%ab%98%e7%ad%89%e6%b3%95%e9%99%a2+99+%e5%b9%b4%e5%ba%a6%e5%bb%ba%e4%b8%8a%e5%ad%97%e7%ac%ac+157+%e8%99%9f%e6%b0%91%e4%ba%8b%e5%88%a4%e6%b1%ba&lawpara=&ot=in,地質,
臺灣高等法院 99 年度建上字第 16 號民事判決,https://judgment.judicial.gov.tw/EXPORTFILE/ExportToPdf.aspx?type=JD&id=TPHV%2c99%2c%e5%bb%ba%e4%b8%8a%2c16%2c20110823%2c1&fname=%e8%87%ba%e7%81%a3%e9%ab%98%e7%ad%89%e6%b3%95%e9%99%a2+99+%e5%b9%b4%e5%ba%a6%e5%bb%ba%e4%b8%8a%e5%ad%97%e7%ac%ac+16+%e8%99%9f%e6%b0%91%e4%ba%8b%e5%88%a4%e6%b1%ba&lawpara=&ot=in,地形,
臺灣高等法院 99 年度建上字第 49 號民事判決,https://judgment.judicial.gov.tw/EXPORTFILE/ExportToPdf.aspx?type=JD&id=TPHV%2c99%2c%e5%bb%ba%e4%b8%8a%2c49%2c20130806%2c2&fname=%e8%87%ba%e7%81%a3%e9%ab%98%e7%ad%89%e6%b3%95%e9%99%a2+99+%e5%b9%b4%e5%ba%a6%e5%bb%ba%e4%b8%8a%e5%ad%97%e7%ac%ac+49+%e8%99%9f%e6%b0%91%e4%ba%8b%e5%88%a4%e6%b1%ba&lawpara=&ot=in,"颱風, 地下水位",
臺灣高等法院 99 年度建上更(一)字第 20 號民事判決,https://judgment.judicial.gov.tw/EXPORTFILE/ExportToPdf.aspx?type=JD&id=TPHV%2c99%2c%e5%bb%ba%e4%b8%8a%e6%9b%b4(%e4%b8%80)%2c20%2c20120522%2c1&fname=%e8%87%ba%e7%81%a3%e9%ab%98%e7%ad%89%e6%b3%95%e9%99%a2+99+%e5%b9%b4%e5%ba%a6%e5%bb%ba%e4%b8%8a%e6%9b%b4(%e4%b8%80)%e5%ad%97%e7%ac%ac+20+%e8%99%9f%e6%b0%91%e4%ba%8b%e5%88%a4%e6%b1%ba&lawpara=&ot=in,"風災, 地質, 地貌, 地形",
臺灣高等法院 99 年度建上更(一)字第 24 號民事判決,https://judgment.judicial.gov.tw/EXPORTFILE/ExportToPdf.aspx?type=JD&id=TPHV%2c99%2c%e5%bb%ba%e4%b8%8a%e6%9b%b4(%e4%b8%80)%2c24%2c20110308%2c2&fname=%e8%87%ba%e7%81%a3%e9%ab%98%e7%ad%89%e6%b3%95%e9%99%a2+99+%e5%b9%b4%e5%ba%a6%e5%bb%ba%e4%b8%8a%e6%9b%b4(%e4%b8%80)%e5%ad%97%e7%ac%ac+24+%e8%99%9f%e6%b0%91%e4%ba%8b%e5%88%a4%e6%b1%ba&lawpara=&ot=in,風災,
臺灣高等法院 99 年度重上字第 165 號民事判決,https://judgment.judicial.gov.tw/EXPORTFILE/ExportToPdf.aspx?type=JD&id=TPHV%2c99%2c%e9%87%8d%e4%b8%8a%2c165%2c20120605%2c1&fname=%e8%87%ba%e7%81%a3%e9%ab%98%e7%ad%89%e6%b3%95%e9%99%a2+99+%e5%b9%b4%e5%ba%a6%e9%87%8d%e4%b8%8a%e5%ad%97%e7%ac%ac+165+%e8%99%9f%e6%b0%91%e4%ba%8b%e5%88%a4%e6%b1%ba&lawpara=&ot=in,"風災, 風災, 颱風, 洪水",
臺灣高等法院 99 年度重上字第 316 號民事判決,https://judgment.judicial.gov.tw/EXPORTFILE/ExportToPdf.aspx?type=JD&id=TPHV%2c99%2c%e9%87%8d%e4%b8%8a%2c316%2c20120229%2c1&fname=%e8%87%ba%e7%81%a3%e9%ab%98%e7%ad%89%e6%b3%95%e9%99%a2+99+%e5%b9%b4%e5%ba%a6%e9%87%8d%e4%b8%8a%e5%ad%97%e7%ac%ac+316+%e8%99%9f%e6%b0%91%e4%ba%8b%e5%88%a4%e6%b1%ba&lawpara=&ot=in,"風災, 地形",
臺灣高等法院 99 年度重上字第 501 號民事判決,https://judgment.judicial.gov.tw/EXPORTFILE/ExportToPdf.aspx?type=JD&id=TPHV%2c99%2c%e9%87%8d%e4%b8%8a%2c501%2c20110531%2c1&fname=%e8%87%ba%e7%81%a3%e9%ab%98%e7%ad%89%e6%b3%95%e9%99%a2+99+%e5%b9%b4%e5%ba%a6%e9%87%8d%e4%b8%8a%e5%ad%97%e7%ac%ac+501+%e8%99%9f%e6%b0%91%e4%ba%8b%e5%88%a4%e6%b1%ba&lawpara=&ot=in,颱風,
臺灣高等法院 臺中分院 100 年度建上字第 44 號民事判決,https://judgment.judicial.gov.tw/EXPORTFILE/ExportToPdf.aspx?type=JD&id=TCHV%2c100%2c%e5%bb%ba%e4%b8%8a%2c44%2c20120131%2c2&fname=%e8%87%ba%e7%81%a3%e9%ab%98%e7%ad%89%e6%b3%95%e9%99%a2+%e8%87%ba%e4%b8%ad%e5%88%86%e9%99%a2+100+%e5%b9%b4%e5%ba%a6%e5%bb%ba%e4%b8%8a%e5%ad%97%e7%ac%ac+44+%e8%99%9f%e6%b0%91%e4%ba%8b%e5%88%a4%e6%b1%ba&lawpara=&ot=in,颱風,
臺灣高等法院 臺中分院 100 年度建上字第 52 號民事判決,https://judgment.judicial.gov.tw/EXPORTFILE/ExportToPdf.aspx?type=JD&id=TCHV%2c100%2c%e5%bb%ba%e4%b8%8a%2c52%2c20140129%2c1&fname=%e8%87%ba%e7%81%a3%e9%ab%98%e7%ad%89%e6%b3%95%e9%99%a2+%e8%87%ba%e4%b8%ad%e5%88%86%e9%99%a2+100+%e5%b9%b4%e5%ba%a6%e5%bb%ba%e4%b8%8a%e5%ad%97%e7%ac%ac+52+%e8%99%9f%e6%b0%91%e4%ba%8b%e5%88%a4%e6%b1%ba&lawpara=&ot=in,地質,
臺灣高等法院 臺中分院 100 年度建上字第 59 號民事判決,https://judgment.judicial.gov.tw/EXPORTFILE/ExportToPdf.aspx?type=JD&id=TCHV%2c100%2c%e5%bb%ba%e4%b8%8a%2c59%2c20120621%2c2&fname=%e8%87%ba%e7%81%a3%e9%ab%98%e7%ad%89%e6%b3%95%e9%99%a2+%e8%87%ba%e4%b8%ad%e5%88%86%e9%99%a2+100+%e5%b9%b4%e5%ba%a6%e5%bb%ba%e4%b8%8a%e5%ad%97%e7%ac%ac+59+%e8%99%9f%e6%b0%91%e4%ba%8b%e5%88%a4%e6%b1%ba&lawpara=&ot=in,"地貌, 風災, 風災, 颱風, 洪水, 豪雨, 地形",
臺灣高等法院 臺中分院 100 年度建上字第 77 號民事判決,https://judgment.judicial.gov.tw/EXPORTFILE/ExportToPdf.aspx?type=JD&id=TCHV%2c100%2c%e5%bb%ba%e4%b8%8a%2c77%2c20150407%2c2&fname=%e8%87%ba%e7%81%a3%e9%ab%98%e7%ad%89%e6%b3%95%e9%99%a2+%e8%87%ba%e4%b8%ad%e5%88%86%e9%99%a2+100+%e5%b9%b4%e5%ba%a6%e5%bb%ba%e4%b8%8a%e5%ad%97%e7%ac%ac+77+%e8%99%9f%e6%b0%91%e4%ba%8b%e5%88%a4%e6%b1%ba&lawpara=&ot=in,"地貌, 風災, 風災, 颱風, 洪水, 水災, 豪雨, 地形",
臺灣高等法院 臺中分院 100 年度建上字第 85 號民事判決,https://judgment.judicial.gov.tw/EXPORTFILE/ExportToPdf.aspx?type=JD&id=TCHV%2c100%2c%e5%bb%ba%e4%b8%8a%2c85%2c20130828%2c1&fname=%e8%87%ba%e7%81%a3%e9%ab%98%e7%ad%89%e6%b3%95%e9%99%a2+%e8%87%ba%e4%b8%ad%e5%88%86%e9%99%a2+100+%e5%b9%b4%e5%ba%a6%e5%bb%ba%e4%b8%8a%e5%ad%97%e7%ac%ac+85+%e8%99%9f%e6%b0%91%e4%ba%8b%e5%88%a4%e6%b1%ba&lawpara=&ot=in,"風災, 風災, 颱風",
臺灣高等法院 臺中分院 100 年度建上更(二)字第 7 號民事判決,https://judgment.judicial.gov.tw/EXPORTFILE/ExportToPdf.aspx?type=JD&id=TCHV%2c100%2c%e5%bb%ba%e4%b8%8a%e6%9b%b4(%e4%ba%8c)%2c7%2c20130903%2c3&fname=%e8%87%ba%e7%81%a3%e9%ab%98%e7%ad%89%e6%b3%95%e9%99%a2+%e8%87%ba%e4%b8%ad%e5%88%86%e9%99%a2+100+%e5%b9%b4%e5%ba%a6%e5%bb%ba%e4%b8%8a%e6%9b%b4(%e4%ba%8c)%e5%ad%97%e7%ac%ac+7+%e8%99%9f%e6%b0%91%e4%ba%8b%e5%88%a4%e6%b1%ba&lawpara=&ot=in,"颱風, 地質, 水災, 豪雨",
臺灣高等法院 臺中分院 101 年度建上字第 33 號民事判決,https://judgment.judicial.gov.tw/EXPORTFILE/ExportToPdf.aspx?type=JD&id=TCHV%2c101%2c%e5%bb%ba%e4%b8%8a%2c33%2c20130508%2c1&fname=%e8%87%ba%e7%81%a3%e9%ab%98%e7%ad%89%e6%b3%95%e9%99%a2+%e8%87%ba%e4%b8%ad%e5%88%86%e9%99%a2+101+%e5%b9%b4%e5%ba%a6%e5%bb%ba%e4%b8%8a%e5%ad%97%e7%ac%ac+33+%e8%99%9f%e6%b0%91%e4%ba%8b%e5%88%a4%e6%b1%ba&lawpara=&ot=in,颱風,
臺灣高等法院 臺中分院 101 年度建上更(一)字第 51 號民事判決,https://judgment.judicial.gov.tw/EXPORTFILE/ExportToPdf.aspx?type=JD&id=TCHV%2c101%2c%e5%bb%ba%e4%b8%8a%e6%9b%b4(%e4%b8%80)%2c51%2c20130604%2c1&fname=%e8%87%ba%e7%81%a3%e9%ab%98%e7%ad%89%e6%b3%95%e9%99%a2+%e8%87%ba%e4%b8%ad%e5%88%86%e9%99%a2+101+%e5%b9%b4%e5%ba%a6%e5%bb%ba%e4%b8%8a%e6%9b%b4(%e4%b8%80)%e5%ad%97%e7%ac%ac+51+%e8%99%9f%e6%b0%91%e4%ba%8b%e5%88%a4%e6%b1%ba&lawpara=&ot=in,地質,
臺灣高等法院 臺中分院 102 年度建上字第 55 號民事判決,https://judgment.judicial.gov.tw/EXPORTFILE/ExportToPdf.aspx?type=JD&id=TCHV%2c102%2c%e5%bb%ba%e4%b8%8a%2c55%2c20150623%2c1&fname=%e8%87%ba%e7%81%a3%e9%ab%98%e7%ad%89%e6%b3%95%e9%99%a2+%e8%87%ba%e4%b8%ad%e5%88%86%e9%99%a2+102+%e5%b9%b4%e5%ba%a6%e5%bb%ba%e4%b8%8a%e5%ad%97%e7%ac%ac+55+%e8%99%9f%e6%b0%91%e4%ba%8b%e5%88%a4%e6%b1%ba&lawpara=&ot=in,"颱風, 天氣, 地質, 地下水位",
臺灣高等法院 臺中分院 103 年度上字第 275 號民事判決,https://judgment.judicial.gov.tw/EXPORTFILE/ExportToPdf.aspx?type=JD&id=TCHV%2c103%2c%e4%b8%8a%2c275%2c20150317%2c1&fname=%e8%87%ba%e7%81%a3%e9%ab%98%e7%ad%89%e6%b3%95%e9%99%a2+%e8%87%ba%e4%b8%ad%e5%88%86%e9%99%a2+103+%e5%b9%b4%e5%ba%a6%e4%b8%8a%e5%ad%97%e7%ac%ac+275+%e8%99%9f%e6%b0%91%e4%ba%8b%e5%88%a4%e6%b1%ba&lawpara=&ot=in,"地質, 地下水位",
臺灣高等法院 臺中分院 103 年度建上字第 30 號民事判決,https://judgment.judicial.gov.tw/EXPORTFILE/ExportToPdf.aspx?type=JD&id=TCHV%2c103%2c%e5%bb%ba%e4%b8%8a%2c30%2c20150408%2c2&fname=%e8%87%ba%e7%81%a3%e9%ab%98%e7%ad%89%e6%b3%95%e9%99%a2+%e8%87%ba%e4%b8%ad%e5%88%86%e9%99%a2+103+%e5%b9%b4%e5%ba%a6%e5%bb%ba%e4%b8%8a%e5%ad%97%e7%ac%ac+30+%e8%99%9f%e6%b0%91%e4%ba%8b%e5%88%a4%e6%b1%ba&lawpara=&ot=in,"地貌, 風災, 風災, 颱風, 水災, 豪雨, 地質, 地形",
臺灣高等法院 臺中分院 103 年度建上字第 52 號民事判決,https://judgment.judicial.gov.tw/EXPORTFILE/ExportToPdf.aspx?type=JD&id=TCHV%2c103%2c%e5%bb%ba%e4%b8%8a%2c52%2c20150114%2c1&fname=%e8%87%ba%e7%81%a3%e9%ab%98%e7%ad%89%e6%b3%95%e9%99%a2+%e8%87%ba%e4%b8%ad%e5%88%86%e9%99%a2+103+%e5%b9%b4%e5%ba%a6%e5%bb%ba%e4%b8%8a%e5%ad%97%e7%ac%ac+52+%e8%99%9f%e6%b0%91%e4%ba%8b%e5%88%a4%e6%b1%ba&lawpara=&ot=in,"颱風, 水災, 淹水",
臺灣高等法院 臺中分院 103 年度建上更(一)字第 24 號民事判決,https://judgment.judicial.gov.tw/EXPORTFILE/ExportToPdf.aspx?type=JD&id=TCHV%2c103%2c%e5%bb%ba%e4%b8%8a%e6%9b%b4(%e4%b8%80)%2c24%2c20150120%2c1&fname=%e8%87%ba%e7%81%a3%e9%ab%98%e7%ad%89%e6%b3%95%e9%99%a2+%e8%87%ba%e4%b8%ad%e5%88%86%e9%99%a2+103+%e5%b9%b4%e5%ba%a6%e5%bb%ba%e4%b8%8a%e6%9b%b4(%e4%b8%80)%e5%ad%97%e7%ac%ac+24+%e8%99%9f%e6%b0%91%e4%ba%8b%e5%88%a4%e6%b1%ba&lawpara=&ot=in,"颱風, 地貌, 地形, 洪水",
臺灣高等法院 臺中分院 104 年度建上字第 30 號民事判決,https://judgment.judicial.gov.tw/EXPORTFILE/ExportToPdf.aspx?type=JD&id=TCHV%2c104%2c%e5%bb%ba%e4%b8%8a%2c30%2c20161019%2c1&fname=%e8%87%ba%e7%81%a3%e9%ab%98%e7%ad%89%e6%b3%95%e9%99%a2+%e8%87%ba%e4%b8%ad%e5%88%86%e9%99%a2+104+%e5%b9%b4%e5%ba%a6%e5%bb%ba%e4%b8%8a%e5%ad%97%e7%ac%ac+30+%e8%99%9f%e6%b0%91%e4%ba%8b%e5%88%a4%e6%b1%ba&lawpara=&ot=in,"地質, 地下水位",
臺灣高等法院 臺中分院 104 年度建上更(一)字第 58 號民事判決,https://judgment.judicial.gov.tw/EXPORTFILE/ExportToPdf.aspx?type=JD&id=TCHV%2c104%2c%e5%bb%ba%e4%b8%8a%e6%9b%b4(%e4%b8%80)%2c58%2c20160426%2c1&fname=%e8%87%ba%e7%81%a3%e9%ab%98%e7%ad%89%e6%b3%95%e9%99%a2+%e8%87%ba%e4%b8%ad%e5%88%86%e9%99%a2+104+%e5%b9%b4%e5%ba%a6%e5%bb%ba%e4%b8%8a%e6%9b%b4(%e4%b8%80)%e5%ad%97%e7%ac%ac+58+%e8%99%9f%e6%b0%91%e4%ba%8b%e5%88%a4%e6%b1%ba&lawpara=&ot=in,"颱風, 地質",
臺灣高等法院 臺中分院 104 年度建上更(一)字第 60 號民事判決,https://judgment.judicial.gov.tw/PdfWithLine/GetPDF.ashx?jrecno=104%2c%e5%bb%ba%e4%b8%8a%e6%9b%b4(%e4%b8%80)%2c60%2c20191217%2c2&tablename=TCHV&fname=%e8%87%ba%e7%81%a3%e9%ab%98%e7%ad%89%e6%b3%95%e9%99%a2%e8%87%ba%e4%b8%ad%e5%88%86%e9%99%a2104%e5%b9%b4%e5%ba%a6%e5%bb%ba%e4%b8%8a%e6%9b%b4(%e4%b8%80)%e5%ad%97%e7%ac%ac60%e8%99%9f%e6%b0%91%e4%ba%8b%e5%88%a4%e6%b1%ba,"地貌, 風災, 風災, 颱風, 地震, 豪雨, 颱風, 地質, 地形",
臺灣高等法院 臺中分院 105 年度建上字第 19 號民事判決,https://judgment.judicial.gov.tw/PdfWithLine/GetPDF.ashx?jrecno=105%2c%e5%bb%ba%e4%b8%8a%2c19%2c20200513%2c4&tablename=TCHV&fname=%e8%87%ba%e7%81%a3%e9%ab%98%e7%ad%89%e6%b3%95%e9%99%a2%e8%87%ba%e4%b8%ad%e5%88%86%e9%99%a2105%e5%b9%b4%e5%ba%a6%e5%bb%ba%e4%b8%8a%e5%ad%97%e7%ac%ac19%e8%99%9f%e6%b0%91%e4%ba%8b%e5%88%a4%e6%b1%ba,颱風,
臺灣高等法院 臺中分院 105 年度建上字第 61 號民事判決,https://judgment.judicial.gov.tw/EXPORTFILE/ExportToPdf.aspx?type=JD&id=TCHV%2c105%2c%e5%bb%ba%e4%b8%8a%2c61%2c20181107%2c1&fname=%e8%87%ba%e7%81%a3%e9%ab%98%e7%ad%89%e6%b3%95%e9%99%a2+%e8%87%ba%e4%b8%ad%e5%88%86%e9%99%a2+105+%e5%b9%b4%e5%ba%a6%e5%bb%ba%e4%b8%8a%e5%ad%97%e7%ac%ac+61+%e8%99%9f%e6%b0%91%e4%ba%8b%e5%88%a4%e6%b1%ba&lawpara=&ot=in,"颱風, 地下水位, 風災, 風災, 颱風",
臺灣高等法院 臺中分院 105 年度建上字第 7 號民事判決,https://judgment.judicial.gov.tw/EXPORTFILE/ExportToPdf.aspx?type=JD&id=TCHV%2c105%2c%e5%bb%ba%e4%b8%8a%2c7%2c20160629%2c1&fname=%e8%87%ba%e7%81%a3%e9%ab%98%e7%ad%89%e6%b3%95%e9%99%a2+%e8%87%ba%e4%b8%ad%e5%88%86%e9%99%a2+105+%e5%b9%b4%e5%ba%a6%e5%bb%ba%e4%b8%8a%e5%ad%97%e7%ac%ac+7+%e8%99%9f%e6%b0%91%e4%ba%8b%e5%88%a4%e6%b1%ba&lawpara=&ot=in,"颱風, 豪雨, 地震",
臺灣高等法院 臺中分院 106 年度建上字第 26 號民事判決,https://judgment.judicial.gov.tw/PdfWithLine/GetPDF.ashx?jrecno=106%2c%e5%bb%ba%e4%b8%8a%2c26%2c20200408%2c1&tablename=TCHV&fname=%e8%87%ba%e7%81%a3%e9%ab%98%e7%ad%89%e6%b3%95%e9%99%a2%e8%87%ba%e4%b8%ad%e5%88%86%e9%99%a2106%e5%b9%b4%e5%ba%a6%e5%bb%ba%e4%b8%8a%e5%ad%97%e7%ac%ac26%e8%99%9f%e6%b0%91%e4%ba%8b%e5%88%a4%e6%b1%ba,颱風,
臺灣高等法院 臺中分院 106 年度建上字第 44 號民事判決,https://judgment.judicial.gov.tw/PdfWithLine/GetPDF.ashx?jrecno=106%2c%e5%bb%ba%e4%b8%8a%2c44%2c20190227%2c3&tablename=TCHV&fname=%e8%87%ba%e7%81%a3%e9%ab%98%e7%ad%89%e6%b3%95%e9%99%a2%e8%87%ba%e4%b8%ad%e5%88%86%e9%99%a2106%e5%b9%b4%e5%ba%a6%e5%bb%ba%e4%b8%8a%e5%ad%97%e7%ac%ac44%e8%99%9f%e6%b0%91%e4%ba%8b%e5%88%a4%e6%b1%ba,"颱風, 水災, 豪雨, 洪水",
臺灣高等法院 臺中分院 106 年度建上字第 6 號民事判決,https://judgment.judicial.gov.tw/EXPORTFILE/ExportToPdf.aspx?type=JD&id=TCHV%2c106%2c%e5%bb%ba%e4%b8%8a%2c6%2c20171121%2c2&fname=%e8%87%ba%e7%81%a3%e9%ab%98%e7%ad%89%e6%b3%95%e9%99%a2+%e8%87%ba%e4%b8%ad%e5%88%86%e9%99%a2+106+%e5%b9%b4%e5%ba%a6%e5%bb%ba%e4%b8%8a%e5%ad%97%e7%ac%ac+6+%e8%99%9f%e6%b0%91%e4%ba%8b%e5%88%a4%e6%b1%ba&lawpara=&ot=in,地質,
臺灣高等法院 臺中分院 106 年度建上字第 60 號民事判決,https://judgment.judicial.gov.tw/EXPORTFILE/ExportToPdf.aspx?type=JD&id=TCHV%2c106%2c%e5%bb%ba%e4%b8%8a%2c60%2c20180801%2c1&fname=%e8%87%ba%e7%81%a3%e9%ab%98%e7%ad%89%e6%b3%95%e9%99%a2+%e8%87%ba%e4%b8%ad%e5%88%86%e9%99%a2+106+%e5%b9%b4%e5%ba%a6%e5%bb%ba%e4%b8%8a%e5%ad%97%e7%ac%ac+60+%e8%99%9f%e6%b0%91%e4%ba%8b%e5%88%a4%e6%b1%ba&lawpara=&ot=in,"颱風, 豪雨",
臺灣高等法院 臺中分院 106 年度建上字第 78 號民事判決,https://judgment.judicial.gov.tw/PdfWithLine/GetPDF.ashx?jrecno=106%2c%e5%bb%ba%e4%b8%8a%2c78%2c20191112%2c1&tablename=TCHV&fname=%e8%87%ba%e7%81%a3%e9%ab%98%e7%ad%89%e6%b3%95%e9%99%a2%e8%87%ba%e4%b8%ad%e5%88%86%e9%99%a2106%e5%b9%b4%e5%ba%a6%e5%bb%ba%e4%b8%8a%e5%ad%97%e7%ac%ac78%e8%99%9f%e6%b0%91%e4%ba%8b%e5%88%a4%e6%b1%ba,"地質, 地下水位",
臺灣高等法院 臺中分院 106 年度建上字第 79 號民事判決,https://judgment.judicial.gov.tw/FILES/TCHV/106%2c%e5%bb%ba%e4%b8%8a%2c79%2c20210706%2c2.pdf,"洪水, 地下水位, 陰雨, 豪雨, 颱風, 地質",
臺灣高等法院 臺中分院 106 年度建上更(一)字第 37 號民事判決,https://judgment.judicial.gov.tw/EXPORTFILE/ExportToPdf.aspx?type=JD&id=TCHV%2c106%2c%e5%bb%ba%e4%b8%8a%e6%9b%b4(%e4%b8%80)%2c37%2c20180523%2c1&fname=%e8%87%ba%e7%81%a3%e9%ab%98%e7%ad%89%e6%b3%95%e9%99%a2+%e8%87%ba%e4%b8%ad%e5%88%86%e9%99%a2+106+%e5%b9%b4%e5%ba%a6%e5%bb%ba%e4%b8%8a%e6%9b%b4(%e4%b8%80)%e5%ad%97%e7%ac%ac+37+%e8%99%9f%e6%b0%91%e4%ba%8b%e5%88%a4%e6%b1%ba&lawpara=&ot=in,"風災, 風災, 颱風, 水災, 豪雨, 颱風, 地質",
臺灣高等法院 臺中分院 106 年度建上更(一)字第 63 號民事判決,https://judgment.judicial.gov.tw/FILES/TCHV/106%2c%e5%bb%ba%e4%b8%8a%e6%9b%b4(%e4%b8%80)%2c63%2c20180207%2c1.pdf,"颱風, 豪雨, 地震",
臺灣高等法院 臺中分院 106 年度建上更(二)字第 9 號民事判決,https://judgment.judicial.gov.tw/FILES/TCHV/106%2c%e5%bb%ba%e4%b8%8a%e6%9b%b4(%e4%ba%8c)%2c9%2c20210916%2c3.pdf,疫情,
臺灣高等法院 臺中分院 107 年度建上字第 14 號民事判決,https://judgment.judicial.gov.tw/PdfWithLine/GetPDF.ashx?jrecno=107%2c%e5%bb%ba%e4%b8%8a%2c14%2c20190612%2c2&tablename=TCHV&fname=%e8%87%ba%e7%81%a3%e9%ab%98%e7%ad%89%e6%b3%95%e9%99%a2%e8%87%ba%e4%b8%ad%e5%88%86%e9%99%a2107%e5%b9%b4%e5%ba%a6%e5%bb%ba%e4%b8%8a%e5%ad%97%e7%ac%ac14%e8%99%9f%e6%b0%91%e4%ba%8b%e5%88%a4%e6%b1%ba,颱風,
臺灣高等法院 臺中分院 107 年度建上字第 28 號民事判決,https://judgment.judicial.gov.tw/PdfWithLine/GetPDF.ashx?jrecno=107%2c%e5%bb%ba%e4%b8%8a%2c28%2c20200428%2c1&tablename=TCHV&fname=%e8%87%ba%e7%81%a3%e9%ab%98%e7%ad%89%e6%b3%95%e9%99%a2%e8%87%ba%e4%b8%ad%e5%88%86%e9%99%a2107%e5%b9%b4%e5%ba%a6%e5%bb%ba%e4%b8%8a%e5%ad%97%e7%ac%ac28%e8%99%9f%e6%b0%91%e4%ba%8b%e5%88%a4%e6%b1%ba,"戰爭, 地質, 地震",
臺灣高等法院 臺中分院 107 年度建上字第 41 號民事判決,https://judgment.judicial.gov.tw/PdfWithLine/GetPDF.ashx?jrecno=107%2c%e5%bb%ba%e4%b8%8a%2c41%2c20210223%2c1&tablename=TCHV&fname=%e8%87%ba%e7%81%a3%e9%ab%98%e7%ad%89%e6%b3%95%e9%99%a2%e8%87%ba%e4%b8%ad%e5%88%86%e9%99%a2107%e5%b9%b4%e5%ba%a6%e5%bb%ba%e4%b8%8a%e5%ad%97%e7%ac%ac41%e8%99%9f%e6%b0%91%e4%ba%8b%e5%88%a4%e6%b1%ba,地震,
臺灣高等法院 臺中分院 107 年度建上字第 46 號民事判決,https://judgment.judicial.gov.tw/EXPORTFILE/ExportToPdf.aspx?type=JD&id=TCHV%2c107%2c%e5%bb%ba%e4%b8%8a%2c46%2c20181226%2c1&fname=%e8%87%ba%e7%81%a3%e9%ab%98%e7%ad%89%e6%b3%95%e9%99%a2+%e8%87%ba%e4%b8%ad%e5%88%86%e9%99%a2+107+%e5%b9%b4%e5%ba%a6%e5%bb%ba%e4%b8%8a%e5%ad%97%e7%ac%ac+46+%e8%99%9f%e6%b0%91%e4%ba%8b%e5%88%a4%e6%b1%ba&lawpara=&ot=in,"颱風, 地質, 豪雨, 地形",
臺灣高等法院 臺中分院 107 年度建上更二字第 56 號民事判決,https://judgment.judicial.gov.tw/PdfWithLine/GetPDF.ashx?jrecno=107%2c%e5%bb%ba%e4%b8%8a%e6%9b%b4%e4%ba%8c%2c56%2c20190116%2c1&tablename=TCHV&fname=%e8%87%ba%e7%81%a3%e9%ab%98%e7%ad%89%e6%b3%95%e9%99%a2%e8%87%ba%e4%b8%ad%e5%88%86%e9%99%a2107%e5%b9%b4%e5%ba%a6%e5%bb%ba%e4%b8%8a%e6%9b%b4%e4%ba%8c%e5%ad%97%e7%ac%ac56%e8%99%9f%e6%b0%91%e4%ba%8b%e5%88%a4%e6%b1%ba,戰爭,
臺灣高等法院 臺中分院 108 年度建上字第 12 號民事判決,https://judgment.judicial.gov.tw/FILES/TCHV/108%2c%e5%bb%ba%e4%b8%8a%2c12%2c20211124%2c1.pdf,疫情,
臺灣高等法院 臺中分院 108 年度建上字第 29 號民事判決,https://judgment.judicial.gov.tw/FILES/TCHV/108%2c%e5%bb%ba%e4%b8%8a%2c29%2c20230630%2c1.pdf,"地質, 地形, 洪水",
臺灣高等法院 臺中分院 108 年度建上字第 50 號民事判決,https://judgment.judicial.gov.tw/FILES/TCHV/108%2c%e5%bb%ba%e4%b8%8a%2c50%2c20210817%2c3.pdf,"颱風, 地形",
臺灣高等法院 臺中分院 108 年度建上字第 60 號民事判決,https://judgment.judicial.gov.tw/FILES/TCHV/108%2c%e5%bb%ba%e4%b8%8a%2c60%2c20220216%2c1.pdf,疫情,
臺灣高等法院 臺中分院 108 年度建上字第 83 號民事判決,https://judgment.judicial.gov.tw/FILES/TCHV/108%2c%e5%bb%ba%e4%b8%8a%2c83%2c20211130%2c1.pdf,"颱風, 疫情",
臺灣高等法院 臺中分院 108 年度建上字第 84 號民事判決,https://judgment.judicial.gov.tw/PdfWithLine/GetPDF.ashx?jrecno=108%2c%e5%bb%ba%e4%b8%8a%2c84%2c20200812%2c1&tablename=TCHV&fname=%e8%87%ba%e7%81%a3%e9%ab%98%e7%ad%89%e6%b3%95%e9%99%a2%e8%87%ba%e4%b8%ad%e5%88%86%e9%99%a2108%e5%b9%b4%e5%ba%a6%e5%bb%ba%e4%b8%8a%e5%ad%97%e7%ac%ac84%e8%99%9f%e6%b0%91%e4%ba%8b%e5%88%a4%e6%b1%ba,"戰爭, 地質, 地貌, 地形",
臺灣高等法院 臺中分院 108 年度建上更一字第 25 號民事判決,https://judgment.judicial.gov.tw/FILES/TCHV/108%2c%e5%bb%ba%e4%b8%8a%e6%9b%b4%e4%b8%80%2c25%2c20220614%2c1.pdf,"颱風, 疫情, 水災, 豪雨",
臺灣高等法院 臺中分院 108 年度建上更二字第 19 號民事判決,https://judgment.judicial.gov.tw/PdfWithLine/GetPDF.ashx?jrecno=108%2c%e5%bb%ba%e4%b8%8a%e6%9b%b4%e4%ba%8c%2c19%2c20191029%2c1&tablename=TCHV&fname=%e8%87%ba%e7%81%a3%e9%ab%98%e7%ad%89%e6%b3%95%e9%99%a2%e8%87%ba%e4%b8%ad%e5%88%86%e9%99%a2108%e5%b9%b4%e5%ba%a6%e5%bb%ba%e4%b8%8a%e6%9b%b4%e4%ba%8c%e5%ad%97%e7%ac%ac19%e8%99%9f%e6%b0%91%e4%ba%8b%e5%88%a4%e6%b1%ba,"風災, 風災, 颱風, 水災, 豪雨, 颱風, 地質, 地形",
臺灣高等法院 臺中分院 108 年度建上更二字第 20 號民事判決,https://judgment.judicial.gov.tw/PdfWithLine/GetPDF.ashx?jrecno=108%2c%e5%bb%ba%e4%b8%8a%e6%9b%b4%e4%ba%8c%2c20%2c20200331%2c1&tablename=TCHV&fname=%e8%87%ba%e7%81%a3%e9%ab%98%e7%ad%89%e6%b3%95%e9%99%a2%e8%87%ba%e4%b8%ad%e5%88%86%e9%99%a2108%e5%b9%b4%e5%ba%a6%e5%bb%ba%e4%b8%8a%e6%9b%b4%e4%ba%8c%e5%ad%97%e7%ac%ac20%e8%99%9f%e6%b0%91%e4%ba%8b%e5%88%a4%e6%b1%ba,"颱風, 地質",
臺灣高等法院 臺中分院 109 年度建上字第 26 號民事判決,https://judgment.judicial.gov.tw/FILES/TCHV/109%2c%e5%bb%ba%e4%b8%8a%2c26%2c20210608%2c2.pdf,颱風,
臺灣高等法院 臺中分院 109 年度建上字第 34 號民事判決,https://judgment.judicial.gov.tw/FILES/TCHV/109%2c%e5%bb%ba%e4%b8%8a%2c34%2c20210330%2c1.pdf,"地震, 戰爭, 水災, 豪雨, 颱風, 颱風, 天氣, 地質",
臺灣高等法院 臺中分院 109 年度建上字第 65 號民事判決,https://judgment.judicial.gov.tw/FILES/TCHV/109%2c%e5%bb%ba%e4%b8%8a%2c65%2c20220406%2c2.pdf,疫情,
臺灣高等法院 臺中分院 109 年度建上字第 83 號民事判決,https://judgment.judicial.gov.tw/FILES/TCHV/109%2c%e5%bb%ba%e4%b8%8a%2c83%2c20210727%2c1.pdf,地震,
臺灣高等法院 臺中分院 109 年度建上更一字第 17 號民事判決,https://judgment.judicial.gov.tw/FILES/TCHV/109%2c%e5%bb%ba%e4%b8%8a%e6%9b%b4%e4%b8%80%2c17%2c20211013%2c1.pdf,"疫情, 豪雨, 颱風, 地質, 地形",
臺灣高等法院 臺中分院 109 年度建上更一字第 64 號民事判決,https://judgment.judicial.gov.tw/FILES/TCHV/109%2c%e5%bb%ba%e4%b8%8a%e6%9b%b4%e4%b8%80%2c64%2c20211228%2c1.pdf,"颱風, 疫情, 豪雨",
臺灣高等法院 臺中分院 109 年度建上更二字第 12 號民事判決,https://judgment.judicial.gov.tw/FILES/TCHV/109%2c%e5%bb%ba%e4%b8%8a%e6%9b%b4%e4%ba%8c%2c12%2c20220209%2c1.pdf,"颱風, 疫情, 豪雨",
臺灣高等法院 臺中分院 109 年度重上字第 22 號民事判決,https://judgment.judicial.gov.tw/FILES/TCHV/109%2c%e9%87%8d%e4%b8%8a%2c22%2c20220713%2c2.pdf,疫情,
臺灣高等法院 臺中分院 109 年度重上字第 55 號民事判決,https://judgment.judicial.gov.tw/FILES/TCHV/109%2c%e9%87%8d%e4%b8%8a%2c55%2c20211026%2c1.pdf,疫情,
臺灣高等法院 臺中分院 110 年度建上更一字第 13 號民事判決,https://judgment.judicial.gov.tw/FILES/TCHV/110%2c%e5%bb%ba%e4%b8%8a%e6%9b%b4%e4%b8%80%2c13%2c20220510%2c1.pdf,"地質, 疫情, 地形",
臺灣高等法院 臺中分院 111 年度建上字第 17 號民事判決,https://judgment.judicial.gov.tw/FILES/TCHV/111%2c%e5%bb%ba%e4%b8%8a%2c17%2c20220823%2c1.pdf,疫情,
臺灣高等法院 臺中分院 111 年度建上字第 18 號民事判決,https://judgment.judicial.gov.tw/FILES/TCHV/111%2c%e5%bb%ba%e4%b8%8a%2c18%2c20230711%2c1.pdf,"颱風, 風災, 風災, 颱風, 豪雨",
臺灣高等法院 臺中分院 111 年度建上字第 64 號民事判決,https://judgment.judicial.gov.tw/FILES/TCHV/111%2c%e5%bb%ba%e4%b8%8a%2c64%2c20230215%2c1.pdf,"地質, 地下水位, 疫情",
臺灣高等法院 臺中分院 111 年度建上更一字第 2 號民事判決,https://judgment.judicial.gov.tw/FILES/TCHV/111%2c%e5%bb%ba%e4%b8%8a%e6%9b%b4%e4%b8%80%2c2%2c20220607%2c1.pdf,"颱風, 疫情",
臺灣高等法院 臺中分院 111 年度建上更二字第 31 號民事判決,https://judgment.judicial.gov.tw/FILES/TCHV/111%2c%e5%bb%ba%e4%b8%8a%e6%9b%b4%e4%ba%8c%2c31%2c20230517%2c1.pdf,"地貌, 風災, 風災, 颱風, 地震, 豪雨, 颱風, 地質, 地形",
臺灣高等法院 臺中分院 111 年度建上更二字第 70 號民事判決,https://judgment.judicial.gov.tw/FILES/TCHV/111%2c%e5%bb%ba%e4%b8%8a%e6%9b%b4%e4%ba%8c%2c70%2c20230606%2c1.pdf,"颱風, 地質",
臺灣高等法院 臺中分院 112 年度建上更二字第 17 號民事判決,https://judgment.judicial.gov.tw/FILES/TCHV/112%2c%e5%bb%ba%e4%b8%8a%e6%9b%b4%e4%ba%8c%2c17%2c20230705%2c1.pdf,颱風,
臺灣高等法院 臺中分院 89 年度上字第 10 號民事判決,https://judgment.judicial.gov.tw/EXPORTFILE/ExportToPdf.aspx?type=JD&id=TCHV%2c89%2c%e4%b8%8a%2c10%2c20011211%2c1&fname=%e8%87%ba%e7%81%a3%e9%ab%98%e7%ad%89%e6%b3%95%e9%99%a2+%e8%87%ba%e4%b8%ad%e5%88%86%e9%99%a2+89+%e5%b9%b4%e5%ba%a6%e4%b8%8a%e5%ad%97%e7%ac%ac+10+%e8%99%9f%e6%b0%91%e4%ba%8b%e5%88%a4%e6%b1%ba&lawpara=&ot=in,"地質, 地下水位",
臺灣高等法院 臺中分院 92 年度上字第 292 號民事判決,https://judgment.judicial.gov.tw/EXPORTFILE/ExportToPdf.aspx?type=JD&id=TCHV%2c92%2c%e4%b8%8a%2c292%2c20041207%2c1&fname=%e8%87%ba%e7%81%a3%e9%ab%98%e7%ad%89%e6%b3%95%e9%99%a2+%e8%87%ba%e4%b8%ad%e5%88%86%e9%99%a2+92+%e5%b9%b4%e5%ba%a6%e4%b8%8a%e5%ad%97%e7%ac%ac+292+%e8%99%9f%e6%b0%91%e4%ba%8b%e5%88%a4%e6%b1%ba&lawpara=&ot=in,"戰爭, 地質, 豪雨",
臺灣高等法院 臺中分院 92 年度上字第 303 號民事判決,https://judgment.judicial.gov.tw/EXPORTFILE/ExportToPdf.aspx?type=JD&id=TCHV%2c92%2c%e4%b8%8a%2c303%2c20040511%2c1&fname=%e8%87%ba%e7%81%a3%e9%ab%98%e7%ad%89%e6%b3%95%e9%99%a2+%e8%87%ba%e4%b8%ad%e5%88%86%e9%99%a2+92+%e5%b9%b4%e5%ba%a6%e4%b8%8a%e5%ad%97%e7%ac%ac+303+%e8%99%9f%e6%b0%91%e4%ba%8b%e5%88%a4%e6%b1%ba&lawpara=&ot=in,地震,
臺灣高等法院 臺中分院 92 年度上易字第 272 號民事判決,https://judgment.judicial.gov.tw/EXPORTFILE/ExportToPdf.aspx?type=JD&id=TCHV%2c92%2c%e4%b8%8a%e6%98%93%2c272%2c20031210%2c1&fname=%e8%87%ba%e7%81%a3%e9%ab%98%e7%ad%89%e6%b3%95%e9%99%a2+%e8%87%ba%e4%b8%ad%e5%88%86%e9%99%a2+92+%e5%b9%b4%e5%ba%a6%e4%b8%8a%e6%98%93%e5%ad%97%e7%ac%ac+272+%e8%99%9f%e6%b0%91%e4%ba%8b%e5%88%a4%e6%b1%ba&lawpara=&ot=in,"豪雨, 地震",
臺灣高等法院 臺中分院 92 年度營上字第 4 號民事判決,https://judgment.judicial.gov.tw/EXPORTFILE/ExportToPdf.aspx?type=JD&id=TCHV%2c92%2c%e7%87%9f%e4%b8%8a%2c4%2c20040929%2c1&fname=%e8%87%ba%e7%81%a3%e9%ab%98%e7%ad%89%e6%b3%95%e9%99%a2+%e8%87%ba%e4%b8%ad%e5%88%86%e9%99%a2+92+%e5%b9%b4%e5%ba%a6%e7%87%9f%e4%b8%8a%e5%ad%97%e7%ac%ac+4+%e8%99%9f%e6%b0%91%e4%ba%8b%e5%88%a4%e6%b1%ba&lawpara=&ot=in,"豪雨, 地震",
臺灣高等法院 臺中分院 95 年度建上字第 27 號民事判決,https://judgment.judicial.gov.tw/EXPORTFILE/ExportToPdf.aspx?type=JD&id=TCHV%2c95%2c%e5%bb%ba%e4%b8%8a%2c27%2c20071211%2c1&fname=%e8%87%ba%e7%81%a3%e9%ab%98%e7%ad%89%e6%b3%95%e9%99%a2+%e8%87%ba%e4%b8%ad%e5%88%86%e9%99%a2+95+%e5%b9%b4%e5%ba%a6%e5%bb%ba%e4%b8%8a%e5%ad%97%e7%ac%ac+27+%e8%99%9f%e6%b0%91%e4%ba%8b%e5%88%a4%e6%b1%ba&lawpara=&ot=in,"地質, 地貌, 地形",
臺灣高等法院 臺中分院 96 年度建上字第 27 號民事判決,https://judgment.judicial.gov.tw/EXPORTFILE/ExportToPdf.aspx?type=JD&id=TCHV%2c96%2c%e5%bb%ba%e4%b8%8a%2c27%2c20110413%2c1&fname=%e8%87%ba%e7%81%a3%e9%ab%98%e7%ad%89%e6%b3%95%e9%99%a2+%e8%87%ba%e4%b8%ad%e5%88%86%e9%99%a2+96+%e5%b9%b4%e5%ba%a6%e5%bb%ba%e4%b8%8a%e5%ad%97%e7%ac%ac+27+%e8%99%9f%e6%b0%91%e4%ba%8b%e5%88%a4%e6%b1%ba&lawpara=&ot=in,颱風,
臺灣高等法院 臺中分院 96 年度建上字第 29 號民事判決,https://judgment.judicial.gov.tw/EXPORTFILE/ExportToPdf.aspx?type=JD&id=TCHV%2c96%2c%e5%bb%ba%e4%b8%8a%2c29%2c20091013%2c1&fname=%e8%87%ba%e7%81%a3%e9%ab%98%e7%ad%89%e6%b3%95%e9%99%a2+%e8%87%ba%e4%b8%ad%e5%88%86%e9%99%a2+96+%e5%b9%b4%e5%ba%a6%e5%bb%ba%e4%b8%8a%e5%ad%97%e7%ac%ac+29+%e8%99%9f%e6%b0%91%e4%ba%8b%e5%88%a4%e6%b1%ba&lawpara=&ot=in,地形,
臺灣高等法院 臺中分院 96 年度建上字第 46 號民事判決,https://judgment.judicial.gov.tw/EXPORTFILE/ExportToPdf.aspx?type=JD&id=TCHV%2c96%2c%e5%bb%ba%e4%b8%8a%2c46%2c20090714%2c1&fname=%e8%87%ba%e7%81%a3%e9%ab%98%e7%ad%89%e6%b3%95%e9%99%a2+%e8%87%ba%e4%b8%ad%e5%88%86%e9%99%a2+96+%e5%b9%b4%e5%ba%a6%e5%bb%ba%e4%b8%8a%e5%ad%97%e7%ac%ac+46+%e8%99%9f%e6%b0%91%e4%ba%8b%e5%88%a4%e6%b1%ba&lawpara=&ot=in,"地質, 地下水位",
臺灣高等法院 臺中分院 96 年度建上字第 71 號民事判決,https://judgment.judicial.gov.tw/EXPORTFILE/ExportToPdf.aspx?type=JD&id=TCHV%2c96%2c%e5%bb%ba%e4%b8%8a%2c71%2c20120229%2c2&fname=%e8%87%ba%e7%81%a3%e9%ab%98%e7%ad%89%e6%b3%95%e9%99%a2+%e8%87%ba%e4%b8%ad%e5%88%86%e9%99%a2+96+%e5%b9%b4%e5%ba%a6%e5%bb%ba%e4%b8%8a%e5%ad%97%e7%ac%ac+71+%e8%99%9f%e6%b0%91%e4%ba%8b%e5%88%a4%e6%b1%ba&lawpara=&ot=in,"颱風, 地質",
臺灣高等法院 臺中分院 96 年度建上更(一)字第 74 號民事判決,https://judgment.judicial.gov.tw/EXPORTFILE/ExportToPdf.aspx?type=JD&id=TCHV%2c96%2c%e5%bb%ba%e4%b8%8a%e6%9b%b4(%e4%b8%80)%2c74%2c20080618%2c1&fname=%e8%87%ba%e7%81%a3%e9%ab%98%e7%ad%89%e6%b3%95%e9%99%a2+%e8%87%ba%e4%b8%ad%e5%88%86%e9%99%a2+96+%e5%b9%b4%e5%ba%a6%e5%bb%ba%e4%b8%8a%e6%9b%b4(%e4%b8%80)%e5%ad%97%e7%ac%ac+74+%e8%99%9f%e6%b0%91%e4%ba%8b%e5%88%a4%e6%b1%ba&lawpara=&ot=in,地震,
臺灣高等法院 臺中分院 98 年度建上字第 70 號民事判決,https://judgment.judicial.gov.tw/EXPORTFILE/ExportToPdf.aspx?type=JD&id=TCHV%2c98%2c%e5%bb%ba%e4%b8%8a%2c70%2c20101214%2c1&fname=%e8%87%ba%e7%81%a3%e9%ab%98%e7%ad%89%e6%b3%95%e9%99%a2+%e8%87%ba%e4%b8%ad%e5%88%86%e9%99%a2+98+%e5%b9%b4%e5%ba%a6%e5%bb%ba%e4%b8%8a%e5%ad%97%e7%ac%ac+70+%e8%99%9f%e6%b0%91%e4%ba%8b%e5%88%a4%e6%b1%ba&lawpara=&ot=in,地震,
臺灣高等法院 臺中分院 98 年度建上字第 74 號民事判決,https://judgment.judicial.gov.tw/EXPORTFILE/ExportToPdf.aspx?type=JD&id=TCHV%2c98%2c%e5%bb%ba%e4%b8%8a%2c74%2c20110601%2c1&fname=%e8%87%ba%e7%81%a3%e9%ab%98%e7%ad%89%e6%b3%95%e9%99%a2+%e8%87%ba%e4%b8%ad%e5%88%86%e9%99%a2+98+%e5%b9%b4%e5%ba%a6%e5%bb%ba%e4%b8%8a%e5%ad%97%e7%ac%ac+74+%e8%99%9f%e6%b0%91%e4%ba%8b%e5%88%a4%e6%b1%ba&lawpara=&ot=in,地震,
臺灣高等法院 臺中分院 98 年度建上字第 98 號民事判決,https://judgment.judicial.gov.tw/EXPORTFILE/ExportToPdf.aspx?type=JD&id=TCHV%2c98%2c%e5%bb%ba%e4%b8%8a%2c98%2c20100908%2c1&fname=%e8%87%ba%e7%81%a3%e9%ab%98%e7%ad%89%e6%b3%95%e9%99%a2+%e8%87%ba%e4%b8%ad%e5%88%86%e9%99%a2+98+%e5%b9%b4%e5%ba%a6%e5%bb%ba%e4%b8%8a%e5%ad%97%e7%ac%ac+98+%e8%99%9f%e6%b0%91%e4%ba%8b%e5%88%a4%e6%b1%ba&lawpara=&ot=in,地震,
臺灣高等法院 臺中分院 98 年度建上更(一)字第 53 號民事判決,https://judgment.judicial.gov.tw/EXPORTFILE/ExportToPdf.aspx?type=JD&id=TCHV%2c98%2c%e5%bb%ba%e4%b8%8a%e6%9b%b4(%e4%b8%80)%2c53%2c20100316%2c1&fname=%e8%87%ba%e7%81%a3%e9%ab%98%e7%ad%89%e6%b3%95%e9%99%a2+%e8%87%ba%e4%b8%ad%e5%88%86%e9%99%a2+98+%e5%b9%b4%e5%ba%a6%e5%bb%ba%e4%b8%8a%e6%9b%b4(%e4%b8%80)%e5%ad%97%e7%ac%ac+53+%e8%99%9f%e6%b0%91%e4%ba%8b%e5%88%a4%e6%b1%ba&lawpara=&ot=in,地形,
臺灣高等法院 臺中分院 99 年度建上字第 64 號民事判決,https://judgment.judicial.gov.tw/EXPORTFILE/ExportToPdf.aspx?type=JD&id=TCHV%2c99%2c%e5%bb%ba%e4%b8%8a%2c64%2c20110622%2c1&fname=%e8%87%ba%e7%81%a3%e9%ab%98%e7%ad%89%e6%b3%95%e9%99%a2+%e8%87%ba%e4%b8%ad%e5%88%86%e9%99%a2+99+%e5%b9%b4%e5%ba%a6%e5%bb%ba%e4%b8%8a%e5%ad%97%e7%ac%ac+64+%e8%99%9f%e6%b0%91%e4%ba%8b%e5%88%a4%e6%b1%ba&lawpara=&ot=in,地質,
臺灣高等法院 臺中分院 99 年度建上字第 7 號民事判決,https://judgment.judicial.gov.tw/EXPORTFILE/ExportToPdf.aspx?type=JD&id=TCHV%2c99%2c%e5%bb%ba%e4%b8%8a%2c7%2c20100420%2c1&fname=%e8%87%ba%e7%81%a3%e9%ab%98%e7%ad%89%e6%b3%95%e9%99%a2+%e8%87%ba%e4%b8%ad%e5%88%86%e9%99%a2+99+%e5%b9%b4%e5%ba%a6%e5%bb%ba%e4%b8%8a%e5%ad%97%e7%ac%ac+7+%e8%99%9f%e6%b0%91%e4%ba%8b%e5%88%a4%e6%b1%ba&lawpara=&ot=in,"戰爭, 水災, 地震",
臺灣高等法院 臺中分院 99 年度建上易字第 32 號民事判決,https://judgment.judicial.gov.tw/EXPORTFILE/ExportToPdf.aspx?type=JD&id=TCHV%2c99%2c%e5%bb%ba%e4%b8%8a%e6%98%93%2c32%2c20110406%2c1&fname=%e8%87%ba%e7%81%a3%e9%ab%98%e7%ad%89%e6%b3%95%e9%99%a2+%e8%87%ba%e4%b8%ad%e5%88%86%e9%99%a2+99+%e5%b9%b4%e5%ba%a6%e5%bb%ba%e4%b8%8a%e6%98%93%e5%ad%97%e7%ac%ac+32+%e8%99%9f%e6%b0%91%e4%ba%8b%e5%88%a4%e6%b1%ba&lawpara=&ot=in,颱風,
臺灣高等法院 臺南分院 100 年度建上字第 2 號民事判決,https://judgment.judicial.gov.tw/EXPORTFILE/ExportToPdf.aspx?type=JD&id=TNHV%2c100%2c%e5%bb%ba%e4%b8%8a%2c2%2c20130604%2c1&fname=%e8%87%ba%e7%81%a3%e9%ab%98%e7%ad%89%e6%b3%95%e9%99%a2+%e8%87%ba%e5%8d%97%e5%88%86%e9%99%a2+100+%e5%b9%b4%e5%ba%a6%e5%bb%ba%e4%b8%8a%e5%ad%97%e7%ac%ac+2+%e8%99%9f%e6%b0%91%e4%ba%8b%e5%88%a4%e6%b1%ba&lawpara=&ot=in,"颱風, 豪雨, 淹水",
臺灣高等法院 臺南分院 100 年度建上字第 4 號民事判決,https://judgment.judicial.gov.tw/EXPORTFILE/ExportToPdf.aspx?type=JD&id=TNHV%2c100%2c%e5%bb%ba%e4%b8%8a%2c4%2c20120821%2c1&fname=%e8%87%ba%e7%81%a3%e9%ab%98%e7%ad%89%e6%b3%95%e9%99%a2+%e8%87%ba%e5%8d%97%e5%88%86%e9%99%a2+100+%e5%b9%b4%e5%ba%a6%e5%bb%ba%e4%b8%8a%e5%ad%97%e7%ac%ac+4+%e8%99%9f%e6%b0%91%e4%ba%8b%e5%88%a4%e6%b1%ba&lawpara=&ot=in,"颱風, 水災, 豪雨, 地震",
臺灣高等法院 臺南分院 100 年度建上字第 9 號民事判決,https://judgment.judicial.gov.tw/EXPORTFILE/ExportToPdf.aspx?type=JD&id=TNHV%2c100%2c%e5%bb%ba%e4%b8%8a%2c9%2c20120529%2c1&fname=%e8%87%ba%e7%81%a3%e9%ab%98%e7%ad%89%e6%b3%95%e9%99%a2+%e8%87%ba%e5%8d%97%e5%88%86%e9%99%a2+100+%e5%b9%b4%e5%ba%a6%e5%bb%ba%e4%b8%8a%e5%ad%97%e7%ac%ac+9+%e8%99%9f%e6%b0%91%e4%ba%8b%e5%88%a4%e6%b1%ba&lawpara=&ot=in,"颱風, 地質, 豪雨, 地形",
臺灣高等法院 臺南分院 101 年度建上字第 12 號民事判決,https://judgment.judicial.gov.tw/EXPORTFILE/ExportToPdf.aspx?type=JD&id=TNHV%2c101%2c%e5%bb%ba%e4%b8%8a%2c12%2c20131217%2c1&fname=%e8%87%ba%e7%81%a3%e9%ab%98%e7%ad%89%e6%b3%95%e9%99%a2+%e8%87%ba%e5%8d%97%e5%88%86%e9%99%a2+101+%e5%b9%b4%e5%ba%a6%e5%bb%ba%e4%b8%8a%e5%ad%97%e7%ac%ac+12+%e8%99%9f%e6%b0%91%e4%ba%8b%e5%88%a4%e6%b1%ba&lawpara=&ot=in,"風災, 地質, 水災, 地形",
臺灣高等法院 臺南分院 101 年度建上字第 13 號民事判決,https://judgment.judicial.gov.tw/EXPORTFILE/ExportToPdf.aspx?type=JD&id=TNHV%2c101%2c%e5%bb%ba%e4%b8%8a%2c13%2c20130319%2c1&fname=%e8%87%ba%e7%81%a3%e9%ab%98%e7%ad%89%e6%b3%95%e9%99%a2+%e8%87%ba%e5%8d%97%e5%88%86%e9%99%a2+101+%e5%b9%b4%e5%ba%a6%e5%bb%ba%e4%b8%8a%e5%ad%97%e7%ac%ac+13+%e8%99%9f%e6%b0%91%e4%ba%8b%e5%88%a4%e6%b1%ba&lawpara=&ot=in,"水災, 風災, 風災, 颱風",
臺灣高等法院 臺南分院 101 年度建上字第 16 號民事判決,https://judgment.judicial.gov.tw/EXPORTFILE/ExportToPdf.aspx?type=JD&id=TNHV%2c101%2c%e5%bb%ba%e4%b8%8a%2c16%2c20131226%2c1&fname=%e8%87%ba%e7%81%a3%e9%ab%98%e7%ad%89%e6%b3%95%e9%99%a2+%e8%87%ba%e5%8d%97%e5%88%86%e9%99%a2+101+%e5%b9%b4%e5%ba%a6%e5%bb%ba%e4%b8%8a%e5%ad%97%e7%ac%ac+16+%e8%99%9f%e6%b0%91%e4%ba%8b%e5%88%a4%e6%b1%ba&lawpara=&ot=in,"風災, 風災, 颱風, 豪雨",
臺灣高等法院 臺南分院 101 年度建上字第 6 號民事判決,https://judgment.judicial.gov.tw/EXPORTFILE/ExportToPdf.aspx?type=JD&id=TNHV%2c101%2c%e5%bb%ba%e4%b8%8a%2c6%2c20130903%2c1&fname=%e8%87%ba%e7%81%a3%e9%ab%98%e7%ad%89%e6%b3%95%e9%99%a2+%e8%87%ba%e5%8d%97%e5%88%86%e9%99%a2+101+%e5%b9%b4%e5%ba%a6%e5%bb%ba%e4%b8%8a%e5%ad%97%e7%ac%ac+6+%e8%99%9f%e6%b0%91%e4%ba%8b%e5%88%a4%e6%b1%ba&lawpara=&ot=in,颱風,
臺灣高等法院 臺南分院 101 年度建上更(二)字第 4 號民事判決,https://judgment.judicial.gov.tw/EXPORTFILE/ExportToPdf.aspx?type=JD&id=TNHV%2c101%2c%e5%bb%ba%e4%b8%8a%e6%9b%b4(%e4%ba%8c)%2c4%2c20121011%2c1&fname=%e8%87%ba%e7%81%a3%e9%ab%98%e7%ad%89%e6%b3%95%e9%99%a2+%e8%87%ba%e5%8d%97%e5%88%86%e9%99%a2+101+%e5%b9%b4%e5%ba%a6%e5%bb%ba%e4%b8%8a%e6%9b%b4(%e4%ba%8c)%e5%ad%97%e7%ac%ac+4+%e8%99%9f%e6%b0%91%e4%ba%8b%e5%88%a4%e6%b1%ba&lawpara=&ot=in,颱風,
臺灣高等法院 臺南分院 102 年度建上字第 25 號民事判決,https://judgment.judicial.gov.tw/EXPORTFILE/ExportToPdf.aspx?type=JD&id=TNHV%2c102%2c%e5%bb%ba%e4%b8%8a%2c25%2c20150522%2c1&fname=%e8%87%ba%e7%81%a3%e9%ab%98%e7%ad%89%e6%b3%95%e9%99%a2+%e8%87%ba%e5%8d%97%e5%88%86%e9%99%a2+102+%e5%b9%b4%e5%ba%a6%e5%bb%ba%e4%b8%8a%e5%ad%97%e7%ac%ac+25+%e8%99%9f%e6%b0%91%e4%ba%8b%e5%88%a4%e6%b1%ba&lawpara=&ot=in,"地質, 風災, 風災, 颱風, 地形",
臺灣高等法院 臺南分院 102 年度建上字第 26 號民事判決,https://judgment.judicial.gov.tw/EXPORTFILE/ExportToPdf.aspx?type=JD&id=TNHV%2c102%2c%e5%bb%ba%e4%b8%8a%2c26%2c20150108%2c1&fname=%e8%87%ba%e7%81%a3%e9%ab%98%e7%ad%89%e6%b3%95%e9%99%a2+%e8%87%ba%e5%8d%97%e5%88%86%e9%99%a2+102+%e5%b9%b4%e5%ba%a6%e5%bb%ba%e4%b8%8a%e5%ad%97%e7%ac%ac+26+%e8%99%9f%e6%b0%91%e4%ba%8b%e5%88%a4%e6%b1%ba&lawpara=&ot=in,"地震, 水災, 豪雨, 淹水, 颱風, 天氣, 地質",
臺灣高等法院 臺南分院 102 年度建上更(三)字第 3 號民事判決,https://judgment.judicial.gov.tw/EXPORTFILE/ExportToPdf.aspx?type=JD&id=TNHV%2c102%2c%e5%bb%ba%e4%b8%8a%e6%9b%b4(%e4%b8%89)%2c3%2c20140401%2c1&fname=%e8%87%ba%e7%81%a3%e9%ab%98%e7%ad%89%e6%b3%95%e9%99%a2+%e8%87%ba%e5%8d%97%e5%88%86%e9%99%a2+102+%e5%b9%b4%e5%ba%a6%e5%bb%ba%e4%b8%8a%e6%9b%b4(%e4%b8%89)%e5%ad%97%e7%ac%ac+3+%e8%99%9f%e6%b0%91%e4%ba%8b%e5%88%a4%e6%b1%ba&lawpara=&ot=in,颱風,
臺灣高等法院 臺南分院 102 年度重上字第 14 號民事判決,https://judgment.judicial.gov.tw/EXPORTFILE/ExportToPdf.aspx?type=JD&id=TNHV%2c102%2c%e9%87%8d%e4%b8%8a%2c14%2c20130723%2c1&fname=%e8%87%ba%e7%81%a3%e9%ab%98%e7%ad%89%e6%b3%95%e9%99%a2+%e8%87%ba%e5%8d%97%e5%88%86%e9%99%a2+102+%e5%b9%b4%e5%ba%a6%e9%87%8d%e4%b8%8a%e5%ad%97%e7%ac%ac+14+%e8%99%9f%e6%b0%91%e4%ba%8b%e5%88%a4%e6%b1%ba&lawpara=&ot=in,颱風,
臺灣高等法院 臺南分院 103 年度建上字第 1 號民事判決,https://judgment.judicial.gov.tw/EXPORTFILE/ExportToPdf.aspx?type=JD&id=TNHV%2c103%2c%e5%bb%ba%e4%b8%8a%2c1%2c20151130%2c2&fname=%e8%87%ba%e7%81%a3%e9%ab%98%e7%ad%89%e6%b3%95%e9%99%a2+%e8%87%ba%e5%8d%97%e5%88%86%e9%99%a2+103+%e5%b9%b4%e5%ba%a6%e5%bb%ba%e4%b8%8a%e5%ad%97%e7%ac%ac+1+%e8%99%9f%e6%b0%91%e4%ba%8b%e5%88%a4%e6%b1%ba&lawpara=&ot=in,地形,
臺灣高等法院 臺南分院 103 年度建上易字第 7 號民事判決,https://judgment.judicial.gov.tw/EXPORTFILE/ExportToPdf.aspx?type=JD&id=TNHV%2c103%2c%e5%bb%ba%e4%b8%8a%e6%98%93%2c7%2c20141230%2c1&fname=%e8%87%ba%e7%81%a3%e9%ab%98%e7%ad%89%e6%b3%95%e9%99%a2+%e8%87%ba%e5%8d%97%e5%88%86%e9%99%a2+103+%e5%b9%b4%e5%ba%a6%e5%bb%ba%e4%b8%8a%e6%98%93%e5%ad%97%e7%ac%ac+7+%e8%99%9f%e6%b0%91%e4%ba%8b%e5%88%a4%e6%b1%ba&lawpara=&ot=in,"颱風, 水災, 豪雨, 地震",
臺灣高等法院 臺南分院 103 年度建上更(一)字第 1 號民事判決,https://judgment.judicial.gov.tw/EXPORTFILE/ExportToPdf.aspx?type=JD&id=TNHV%2c103%2c%e5%bb%ba%e4%b8%8a%e6%9b%b4(%e4%b8%80)%2c1%2c20150604%2c1&fname=%e8%87%ba%e7%81%a3%e9%ab%98%e7%ad%89%e6%b3%95%e9%99%a2+%e8%87%ba%e5%8d%97%e5%88%86%e9%99%a2+103+%e5%b9%b4%e5%ba%a6%e5%bb%ba%e4%b8%8a%e6%9b%b4(%e4%b8%80)%e5%ad%97%e7%ac%ac+1+%e8%99%9f%e6%b0%91%e4%ba%8b%e5%88%a4%e6%b1%ba&lawpara=&ot=in,"颱風, 豪雨",
臺灣高等法院 臺南分院 103 年度建上更(一)字第 6 號民事判決,https://judgment.judicial.gov.tw/EXPORTFILE/ExportToPdf.aspx?type=JD&id=TNHV%2c103%2c%e5%bb%ba%e4%b8%8a%e6%9b%b4(%e4%b8%80)%2c6%2c20161011%2c1&fname=%e8%87%ba%e7%81%a3%e9%ab%98%e7%ad%89%e6%b3%95%e9%99%a2+%e8%87%ba%e5%8d%97%e5%88%86%e9%99%a2+103+%e5%b9%b4%e5%ba%a6%e5%bb%ba%e4%b8%8a%e6%9b%b4(%e4%b8%80)%e5%ad%97%e7%ac%ac+6+%e8%99%9f%e6%b0%91%e4%ba%8b%e5%88%a4%e6%b1%ba&lawpara=&ot=in,"風災, 地質, 水災, 地形",
臺灣高等法院 臺南分院 103 年度建上更(一)字第 7 號民事判決,https://judgment.judicial.gov.tw/EXPORTFILE/ExportToPdf.aspx?type=JD&id=TNHV%2c103%2c%e5%bb%ba%e4%b8%8a%e6%9b%b4(%e4%b8%80)%2c7%2c20150908%2c1&fname=%e8%87%ba%e7%81%a3%e9%ab%98%e7%ad%89%e6%b3%95%e9%99%a2+%e8%87%ba%e5%8d%97%e5%88%86%e9%99%a2+103+%e5%b9%b4%e5%ba%a6%e5%bb%ba%e4%b8%8a%e6%9b%b4(%e4%b8%80)%e5%ad%97%e7%ac%ac+7+%e8%99%9f%e6%b0%91%e4%ba%8b%e5%88%a4%e6%b1%ba&lawpara=&ot=in,"颱風, 豪雨, 淹水",
臺灣高等法院 臺南分院 103 年度重上字第 60 號民事判決,https://judgment.judicial.gov.tw/EXPORTFILE/ExportToPdf.aspx?type=JD&id=TNHV%2c103%2c%e9%87%8d%e4%b8%8a%2c60%2c20150806%2c1&fname=%e8%87%ba%e7%81%a3%e9%ab%98%e7%ad%89%e6%b3%95%e9%99%a2+%e8%87%ba%e5%8d%97%e5%88%86%e9%99%a2+103+%e5%b9%b4%e5%ba%a6%e9%87%8d%e4%b8%8a%e5%ad%97%e7%ac%ac+60+%e8%99%9f%e6%b0%91%e4%ba%8b%e5%88%a4%e6%b1%ba&lawpara=&ot=in,"颱風, 地質, 淹水, 地形",
臺灣高等法院 臺南分院 104 年度建上字第 11 號民事判決,https://judgment.judicial.gov.tw/EXPORTFILE/ExportToPdf.aspx?type=JD&id=TNHV%2c104%2c%e5%bb%ba%e4%b8%8a%2c11%2c20170328%2c1&fname=%e8%87%ba%e7%81%a3%e9%ab%98%e7%ad%89%e6%b3%95%e9%99%a2+%e8%87%ba%e5%8d%97%e5%88%86%e9%99%a2+104+%e5%b9%b4%e5%ba%a6%e5%bb%ba%e4%b8%8a%e5%ad%97%e7%ac%ac+11+%e8%99%9f%e6%b0%91%e4%ba%8b%e5%88%a4%e6%b1%ba&lawpara=&ot=in,"地貌, 風災, 風災, 颱風, 地形",
臺灣高等法院 臺南分院 104 年度建上字第 19 號民事判決,https://judgment.judicial.gov.tw/EXPORTFILE/ExportToPdf.aspx?type=JD&id=TNHV%2c104%2c%e5%bb%ba%e4%b8%8a%2c19%2c20161213%2c1&fname=%e8%87%ba%e7%81%a3%e9%ab%98%e7%ad%89%e6%b3%95%e9%99%a2+%e8%87%ba%e5%8d%97%e5%88%86%e9%99%a2+104+%e5%b9%b4%e5%ba%a6%e5%bb%ba%e4%b8%8a%e5%ad%97%e7%ac%ac+19+%e8%99%9f%e6%b0%91%e4%ba%8b%e5%88%a4%e6%b1%ba&lawpara=&ot=in,風災,
臺灣高等法院 臺南分院 104 年度建上字第 3 號民事判決,https://judgment.judicial.gov.tw/EXPORTFILE/ExportToPdf.aspx?type=JD&id=TNHV%2c104%2c%e5%bb%ba%e4%b8%8a%2c3%2c20160712%2c2&fname=%e8%87%ba%e7%81%a3%e9%ab%98%e7%ad%89%e6%b3%95%e9%99%a2+%e8%87%ba%e5%8d%97%e5%88%86%e9%99%a2+104+%e5%b9%b4%e5%ba%a6%e5%bb%ba%e4%b8%8a%e5%ad%97%e7%ac%ac+3+%e8%99%9f%e6%b0%91%e4%ba%8b%e5%88%a4%e6%b1%ba&lawpara=&ot=in,"颱風, 地質",
臺灣高等法院 臺南分院 104 年度建上字第 31 號民事判決,https://judgment.judicial.gov.tw/EXPORTFILE/ExportToPdf.aspx?type=JD&id=TNHV%2c104%2c%e5%bb%ba%e4%b8%8a%2c31%2c20170309%2c2&fname=%e8%87%ba%e7%81%a3%e9%ab%98%e7%ad%89%e6%b3%95%e9%99%a2+%e8%87%ba%e5%8d%97%e5%88%86%e9%99%a2+104+%e5%b9%b4%e5%ba%a6%e5%bb%ba%e4%b8%8a%e5%ad%97%e7%ac%ac+31+%e8%99%9f%e6%b0%91%e4%ba%8b%e5%88%a4%e6%b1%ba&lawpara=&ot=in,颱風,
臺灣高等法院 臺南分院 104 年度建上易字第 5 號民事判決,https://judgment.judicial.gov.tw/EXPORTFILE/ExportToPdf.aspx?type=JD&id=TNHV%2c104%2c%e5%bb%ba%e4%b8%8a%e6%98%93%2c5%2c20160512%2c1&fname=%e8%87%ba%e7%81%a3%e9%ab%98%e7%ad%89%e6%b3%95%e9%99%a2+%e8%87%ba%e5%8d%97%e5%88%86%e9%99%a2+104+%e5%b9%b4%e5%ba%a6%e5%bb%ba%e4%b8%8a%e6%98%93%e5%ad%97%e7%ac%ac+5+%e8%99%9f%e6%b0%91%e4%ba%8b%e5%88%a4%e6%b1%ba&lawpara=&ot=in,"颱風, 豪雨",
臺灣高等法院 臺南分院 104 年度建上更(一)字第 1 號民事判決,https://judgment.judicial.gov.tw/EXPORTFILE/ExportToPdf.aspx?type=JD&id=TNHV%2c104%2c%e5%bb%ba%e4%b8%8a%e6%9b%b4(%e4%b8%80)%2c1%2c20160816%2c2&fname=%e8%87%ba%e7%81%a3%e9%ab%98%e7%ad%89%e6%b3%95%e9%99%a2+%e8%87%ba%e5%8d%97%e5%88%86%e9%99%a2+104+%e5%b9%b4%e5%ba%a6%e5%bb%ba%e4%b8%8a%e6%9b%b4(%e4%b8%80)%e5%ad%97%e7%ac%ac+1+%e8%99%9f%e6%b0%91%e4%ba%8b%e5%88%a4%e6%b1%ba&lawpara=&ot=in,"颱風, 地形",
臺灣高等法院 臺南分院 104 年度建再字第 2 號民事判決,https://judgment.judicial.gov.tw/EXPORTFILE/ExportToPdf.aspx?type=JD&id=TNHV%2c104%2c%e5%bb%ba%e5%86%8d%2c2%2c20160816%2c1&fname=%e8%87%ba%e7%81%a3%e9%ab%98%e7%ad%89%e6%b3%95%e9%99%a2+%e8%87%ba%e5%8d%97%e5%88%86%e9%99%a2+104+%e5%b9%b4%e5%ba%a6%e5%bb%ba%e5%86%8d%e5%ad%97%e7%ac%ac+2+%e8%99%9f%e6%b0%91%e4%ba%8b%e5%88%a4%e6%b1%ba&lawpara=&ot=in,"颱風, 地形",
臺灣高等法院 臺南分院 104 年度重上字第 78 號民事判決,https://judgment.judicial.gov.tw/EXPORTFILE/ExportToPdf.aspx?type=JD&id=TNHV%2c104%2c%e9%87%8d%e4%b8%8a%2c78%2c20170307%2c3&fname=%e8%87%ba%e7%81%a3%e9%ab%98%e7%ad%89%e6%b3%95%e9%99%a2+%e8%87%ba%e5%8d%97%e5%88%86%e9%99%a2+104+%e5%b9%b4%e5%ba%a6%e9%87%8d%e4%b8%8a%e5%ad%97%e7%ac%ac+78+%e8%99%9f%e6%b0%91%e4%ba%8b%e5%88%a4%e6%b1%ba&lawpara=&ot=in,"地質, 風災, 風災, 颱風",
臺灣高等法院 臺南分院 105 年度建上字第 11 號民事判決,https://judgment.judicial.gov.tw/EXPORTFILE/ExportToPdf.aspx?type=JD&id=TNHV%2c105%2c%e5%bb%ba%e4%b8%8a%2c11%2c20170627%2c1&fname=%e8%87%ba%e7%81%a3%e9%ab%98%e7%ad%89%e6%b3%95%e9%99%a2+%e8%87%ba%e5%8d%97%e5%88%86%e9%99%a2+105+%e5%b9%b4%e5%ba%a6%e5%bb%ba%e4%b8%8a%e5%ad%97%e7%ac%ac+11+%e8%99%9f%e6%b0%91%e4%ba%8b%e5%88%a4%e6%b1%ba&lawpara=&ot=in,"地貌, 豪雨, 風災, 颱風, 天氣, 風災, 地質, 地形",
臺灣高等法院 臺南分院 105 年度建上更(二)字第 1 號民事判決,https://judgment.judicial.gov.tw/EXPORTFILE/ExportToPdf.aspx?type=JD&id=TNHV%2c105%2c%e5%bb%ba%e4%b8%8a%e6%9b%b4(%e4%ba%8c)%2c1%2c20171031%2c1&fname=%e8%87%ba%e7%81%a3%e9%ab%98%e7%ad%89%e6%b3%95%e9%99%a2+%e8%87%ba%e5%8d%97%e5%88%86%e9%99%a2+105+%e5%b9%b4%e5%ba%a6%e5%bb%ba%e4%b8%8a%e6%9b%b4(%e4%ba%8c)%e5%ad%97%e7%ac%ac+1+%e8%99%9f%e6%b0%91%e4%ba%8b%e5%88%a4%e6%b1%ba&lawpara=&ot=in,"颱風, 豪雨, 淹水",
臺灣高等法院 臺南分院 105 年度重上更(一)字第 3 號民事判決,https://judgment.judicial.gov.tw/EXPORTFILE/ExportToPdf.aspx?type=JD&id=TNHV%2c105%2c%e9%87%8d%e4%b8%8a%e6%9b%b4(%e4%b8%80)%2c3%2c20180104%2c1&fname=%e8%87%ba%e7%81%a3%e9%ab%98%e7%ad%89%e6%b3%95%e9%99%a2+%e8%87%ba%e5%8d%97%e5%88%86%e9%99%a2+105+%e5%b9%b4%e5%ba%a6%e9%87%8d%e4%b8%8a%e6%9b%b4(%e4%b8%80)%e5%ad%97%e7%ac%ac+3+%e8%99%9f%e6%b0%91%e4%ba%8b%e5%88%a4%e6%b1%ba&lawpara=&ot=in,"颱風, 地質",
臺灣高等法院 臺南分院 106 年度建上字第 15 號民事判決,https://judgment.judicial.gov.tw/PdfWithLine/GetPDF.ashx?jrecno=106%2c%e5%bb%ba%e4%b8%8a%2c15%2c20200929%2c1&tablename=TNHV&fname=%e8%87%ba%e7%81%a3%e9%ab%98%e7%ad%89%e6%b3%95%e9%99%a2%e8%87%ba%e5%8d%97%e5%88%86%e9%99%a2106%e5%b9%b4%e5%ba%a6%e5%bb%ba%e4%b8%8a%e5%ad%97%e7%ac%ac15%e8%99%9f%e6%b0%91%e4%ba%8b%e5%88%a4%e6%b1%ba,"洪水, 地震",
臺灣高等法院 臺南分院 106 年度建上字第 8 號民事判決,https://judgment.judicial.gov.tw/FILES/TNHV/106%2c%e5%bb%ba%e4%b8%8a%2c8%2c20210408%2c1.pdf,"地貌, 風災, 風災, 颱風, 豪雨, 颱風, 地形",
臺灣高等法院 臺南分院 106 年度建上字第 9 號民事判決,https://judgment.judicial.gov.tw/PdfWithLine/GetPDF.ashx?jrecno=106%2c%e5%bb%ba%e4%b8%8a%2c9%2c20190227%2c1&tablename=TNHV&fname=%e8%87%ba%e7%81%a3%e9%ab%98%e7%ad%89%e6%b3%95%e9%99%a2%e8%87%ba%e5%8d%97%e5%88%86%e9%99%a2106%e5%b9%b4%e5%ba%a6%e5%bb%ba%e4%b8%8a%e5%ad%97%e7%ac%ac9%e8%99%9f%e6%b0%91%e4%ba%8b%e5%88%a4%e6%b1%ba,颱風,
臺灣高等法院 臺南分院 106 年度重上更(三)字第 11 號民事判決,https://judgment.judicial.gov.tw/PdfWithLine/GetPDF.ashx?jrecno=106%2c%e9%87%8d%e4%b8%8a%e6%9b%b4(%e4%b8%89)%2c11%2c20190829%2c2&tablename=TNHV&fname=%e8%87%ba%e7%81%a3%e9%ab%98%e7%ad%89%e6%b3%95%e9%99%a2%e8%87%ba%e5%8d%97%e5%88%86%e9%99%a2106%e5%b9%b4%e5%ba%a6%e9%87%8d%e4%b8%8a%e6%9b%b4(%e4%b8%89)%e5%ad%97%e7%ac%ac11%e8%99%9f%e6%b0%91%e4%ba%8b%e5%88%a4%e6%b1%ba,地質,
臺灣高等法院 臺南分院 107 年度建上更一字第 2 號民事判決,https://judgment.judicial.gov.tw/PdfWithLine/GetPDF.ashx?jrecno=107%2c%e5%bb%ba%e4%b8%8a%e6%9b%b4%e4%b8%80%2c2%2c20190730%2c2&tablename=TNHV&fname=%e8%87%ba%e7%81%a3%e9%ab%98%e7%ad%89%e6%b3%95%e9%99%a2%e8%87%ba%e5%8d%97%e5%88%86%e9%99%a2107%e5%b9%b4%e5%ba%a6%e5%bb%ba%e4%b8%8a%e6%9b%b4%e4%b8%80%e5%ad%97%e7%ac%ac2%e8%99%9f%e6%b0%91%e4%ba%8b%e5%88%a4%e6%b1%ba,地形,
臺灣高等法院 臺南分院 108 年度建上字第 10 號民事判決,https://judgment.judicial.gov.tw/PdfWithLine/GetPDF.ashx?jrecno=108%2c%e5%bb%ba%e4%b8%8a%2c10%2c20200617%2c1&tablename=TNHV&fname=%e8%87%ba%e7%81%a3%e9%ab%98%e7%ad%89%e6%b3%95%e9%99%a2%e8%87%ba%e5%8d%97%e5%88%86%e9%99%a2108%e5%b9%b4%e5%ba%a6%e5%bb%ba%e4%b8%8a%e5%ad%97%e7%ac%ac10%e8%99%9f%e6%b0%91%e4%ba%8b%e5%88%a4%e6%b1%ba,天氣,
臺灣高等法院 臺南分院 108 年度建上字第 20 號民事判決,https://judgment.judicial.gov.tw/FILES/TNHV/108%2c%e5%bb%ba%e4%b8%8a%2c20%2c20210907%2c1.pdf,"颱風, 颱風, 天氣, 豪雨, 地震",
臺灣高等法院 臺南分院 109 年度建上易字第 9 號民事判決,https://judgment.judicial.gov.tw/FILES/TNHV/109%2c%e5%bb%ba%e4%b8%8a%e6%98%93%2c9%2c20201230%2c1.pdf,戰爭,
臺灣高等法院 臺南分院 109 年度重上更一字第 29 號民事判決,https://judgment.judicial.gov.tw/FILES/TNHV/109%2c%e9%87%8d%e4%b8%8a%e6%9b%b4%e4%b8%80%2c29%2c20221019%2c1.pdf,"颱風, 水災, 豪雨, 地震",
臺灣高等法院 臺南分院 109 年度重上更一字第 6 號民事判決,https://judgment.judicial.gov.tw/FILES/TNHV/109%2c%e9%87%8d%e4%b8%8a%e6%9b%b4%e4%b8%80%2c6%2c20220518%2c1.pdf,"颱風, 風災, 風災, 颱風",
臺灣高等法院 臺南分院 110 年度建上更一字第 2 號民事判決,https://judgment.judicial.gov.tw/FILES/TNHV/110%2c%e5%bb%ba%e4%b8%8a%e6%9b%b4%e4%b8%80%2c2%2c20220105%2c1.pdf,地震,
臺灣高等法院 臺南分院 111 年度建上更一字第 4 號民事判決,https://judgment.judicial.gov.tw/FILES/TNHV/111%2c%e5%bb%ba%e4%b8%8a%e6%9b%b4%e4%b8%80%2c4%2c20231018%2c1.pdf,"洪水, 地震, 颱風, 地質, 地形",
臺灣高等法院 臺南分院 111 年度建上更一字第 6 號民事判決,https://judgment.judicial.gov.tw/FILES/TNHV/111%2c%e5%bb%ba%e4%b8%8a%e6%9b%b4%e4%b8%80%2c6%2c20230628%2c1.pdf,地質,
臺灣高等法院 臺南分院 87 年度上更㈠字第 96 號民事判決,https://judgment.judicial.gov.tw/EXPORTFILE/ExportToPdf.aspx?type=JD&id=TNHV%2c87%2c%e4%b8%8a%e6%9b%b4%ef%99%be%2c96%2c20010807%2c1&fname=%e8%87%ba%e7%81%a3%e9%ab%98%e7%ad%89%e6%b3%95%e9%99%a2+%e8%87%ba%e5%8d%97%e5%88%86%e9%99%a2+87+%e5%b9%b4%e5%ba%a6%e4%b8%8a%e6%9b%b4%e3%88%a0%e5%ad%97%e7%ac%ac+96+%e8%99%9f%e6%b0%91%e4%ba%8b%e5%88%a4%e6%b1%ba&lawpara=&ot=in,戰爭,
臺灣高等法院 臺南分院 87 年度重上更㈠字第 25 號民事判決,https://judgment.judicial.gov.tw/EXPORTFILE/ExportToPdf.aspx?type=JD&id=TNHV%2c87%2c%e9%87%8d%e4%b8%8a%e6%9b%b4%ef%99%be%2c25%2c20001011&fname=%e8%87%ba%e7%81%a3%e9%ab%98%e7%ad%89%e6%b3%95%e9%99%a2+%e8%87%ba%e5%8d%97%e5%88%86%e9%99%a2+87+%e5%b9%b4%e5%ba%a6%e9%87%8d%e4%b8%8a%e6%9b%b4%e3%88%a0%e5%ad%97%e7%ac%ac+25+%e8%99%9f%e6%b0%91%e4%ba%8b%e5%88%a4%e6%b1%ba&lawpara=&ot=in,天氣,
臺灣高等法院 臺南分院 91 年度重上字第 76 號民事判決,https://judgment.judicial.gov.tw/EXPORTFILE/ExportToPdf.aspx?type=JD&id=TNHV%2c91%2c%e9%87%8d%e4%b8%8a%2c76%2c20060411%2c1&fname=%e8%87%ba%e7%81%a3%e9%ab%98%e7%ad%89%e6%b3%95%e9%99%a2+%e8%87%ba%e5%8d%97%e5%88%86%e9%99%a2+91+%e5%b9%b4%e5%ba%a6%e9%87%8d%e4%b8%8a%e5%ad%97%e7%ac%ac+76+%e8%99%9f%e6%b0%91%e4%ba%8b%e5%88%a4%e6%b1%ba&lawpara=&ot=in,地震,
臺灣高等法院 臺南分院 93 年度上字第 16 號民事判決,https://judgment.judicial.gov.tw/EXPORTFILE/ExportToPdf.aspx?type=JD&id=TNHV%2c93%2c%e4%b8%8a%2c16%2c20040420%2c1&fname=%e8%87%ba%e7%81%a3%e9%ab%98%e7%ad%89%e6%b3%95%e9%99%a2+%e8%87%ba%e5%8d%97%e5%88%86%e9%99%a2+93+%e5%b9%b4%e5%ba%a6%e4%b8%8a%e5%ad%97%e7%ac%ac+16+%e8%99%9f%e6%b0%91%e4%ba%8b%e5%88%a4%e6%b1%ba&lawpara=&ot=in,"地貌, 地下水位, 豪雨, 地質, 地形",
臺灣高等法院 臺南分院 95 年度重上字第 35 號民事判決,https://judgment.judicial.gov.tw/EXPORTFILE/ExportToPdf.aspx?type=JD&id=TNHV%2c95%2c%e9%87%8d%e4%b8%8a%2c35%2c20070320%2c1&fname=%e8%87%ba%e7%81%a3%e9%ab%98%e7%ad%89%e6%b3%95%e9%99%a2+%e8%87%ba%e5%8d%97%e5%88%86%e9%99%a2+95+%e5%b9%b4%e5%ba%a6%e9%87%8d%e4%b8%8a%e5%ad%97%e7%ac%ac+35+%e8%99%9f%e6%b0%91%e4%ba%8b%e5%88%a4%e6%b1%ba&lawpara=&ot=in,"地貌, 洪水, 水災, 淹水, 風災, 風災, 天氣, 地質",
臺灣高等法院 臺南分院 96 年度建上字第 12 號民事判決,https://judgment.judicial.gov.tw/EXPORTFILE/ExportToPdf.aspx?type=JD&id=TNHV%2c96%2c%e5%bb%ba%e4%b8%8a%2c12%2c20090804%2c1&fname=%e8%87%ba%e7%81%a3%e9%ab%98%e7%ad%89%e6%b3%95%e9%99%a2+%e8%87%ba%e5%8d%97%e5%88%86%e9%99%a2+96+%e5%b9%b4%e5%ba%a6%e5%bb%ba%e4%b8%8a%e5%ad%97%e7%ac%ac+12+%e8%99%9f%e6%b0%91%e4%ba%8b%e5%88%a4%e6%b1%ba&lawpara=&ot=in,"洪水, 豪雨, 地震",
臺灣高等法院 臺南分院 96 年度重上字第 44 號民事判決,https://judgment.judicial.gov.tw/EXPORTFILE/ExportToPdf.aspx?type=JD&id=TNHV%2c96%2c%e9%87%8d%e4%b8%8a%2c44%2c20080923%2c1&fname=%e8%87%ba%e7%81%a3%e9%ab%98%e7%ad%89%e6%b3%95%e9%99%a2+%e8%87%ba%e5%8d%97%e5%88%86%e9%99%a2+96+%e5%b9%b4%e5%ba%a6%e9%87%8d%e4%b8%8a%e5%ad%97%e7%ac%ac+44+%e8%99%9f%e6%b0%91%e4%ba%8b%e5%88%a4%e6%b1%ba&lawpara=&ot=in,地震,
臺灣高等法院 臺南分院 96 年度重上更(一)字第 20 號民事判決,https://judgment.judicial.gov.tw/EXPORTFILE/ExportToPdf.aspx?type=JD&id=TNHV%2c96%2c%e9%87%8d%e4%b8%8a%e6%9b%b4(%e4%b8%80)%2c20%2c20090811%2c1&fname=%e8%87%ba%e7%81%a3%e9%ab%98%e7%ad%89%e6%b3%95%e9%99%a2+%e8%87%ba%e5%8d%97%e5%88%86%e9%99%a2+96+%e5%b9%b4%e5%ba%a6%e9%87%8d%e4%b8%8a%e6%9b%b4(%e4%b8%80)%e5%ad%97%e7%ac%ac+20+%e8%99%9f%e6%b0%91%e4%ba%8b%e5%88%a4%e6%b1%ba&lawpara=&ot=in,"洪水, 水災, 豪雨, 淹水, 風災, 風災, 天氣, 地質",
臺灣高等法院 臺南分院 97 年度建上字第 21 號民事判決,https://judgment.judicial.gov.tw/EXPORTFILE/ExportToPdf.aspx?type=JD&id=TNHV%2c97%2c%e5%bb%ba%e4%b8%8a%2c21%2c20090602%2c1&fname=%e8%87%ba%e7%81%a3%e9%ab%98%e7%ad%89%e6%b3%95%e9%99%a2+%e8%87%ba%e5%8d%97%e5%88%86%e9%99%a2+97+%e5%b9%b4%e5%ba%a6%e5%bb%ba%e4%b8%8a%e5%ad%97%e7%ac%ac+21+%e8%99%9f%e6%b0%91%e4%ba%8b%e5%88%a4%e6%b1%ba&lawpara=&ot=in,地質,
臺灣高等法院 臺南分院 97 年度建上字第 6 號民事判決,https://judgment.judicial.gov.tw/EXPORTFILE/ExportToPdf.aspx?type=JD&id=TNHV%2c97%2c%e5%bb%ba%e4%b8%8a%2c6%2c20081021%2c2&fname=%e8%87%ba%e7%81%a3%e9%ab%98%e7%ad%89%e6%b3%95%e9%99%a2+%e8%87%ba%e5%8d%97%e5%88%86%e9%99%a2+97+%e5%b9%b4%e5%ba%a6%e5%bb%ba%e4%b8%8a%e5%ad%97%e7%ac%ac+6+%e8%99%9f%e6%b0%91%e4%ba%8b%e5%88%a4%e6%b1%ba&lawpara=&ot=in,戰爭,
臺灣高等法院 臺南分院 97 年度建上更(一)字第 2 號民事判決,https://judgment.judicial.gov.tw/EXPORTFILE/ExportToPdf.aspx?type=JD&id=TNHV%2c97%2c%e5%bb%ba%e4%b8%8a%e6%9b%b4(%e4%b8%80)%2c2%2c20090317%2c1&fname=%e8%87%ba%e7%81%a3%e9%ab%98%e7%ad%89%e6%b3%95%e9%99%a2+%e8%87%ba%e5%8d%97%e5%88%86%e9%99%a2+97+%e5%b9%b4%e5%ba%a6%e5%bb%ba%e4%b8%8a%e6%9b%b4(%e4%b8%80)%e5%ad%97%e7%ac%ac+2+%e8%99%9f%e6%b0%91%e4%ba%8b%e5%88%a4%e6%b1%ba&lawpara=&ot=in,地震,
臺灣高等法院 臺南分院 98 年度建上字第 1 號民事判決,https://judgment.judicial.gov.tw/EXPORTFILE/ExportToPdf.aspx?type=JD&id=TNHV%2c98%2c%e5%bb%ba%e4%b8%8a%2c1%2c20091110%2c3&fname=%e8%87%ba%e7%81%a3%e9%ab%98%e7%ad%89%e6%b3%95%e9%99%a2+%e8%87%ba%e5%8d%97%e5%88%86%e9%99%a2+98+%e5%b9%b4%e5%ba%a6%e5%bb%ba%e4%b8%8a%e5%ad%97%e7%ac%ac+1+%e8%99%9f%e6%b0%91%e4%ba%8b%e5%88%a4%e6%b1%ba&lawpara=&ot=in,地質,
臺灣高等法院 臺南分院 98 年度建上字第 11 號民事判決,https://judgment.judicial.gov.tw/EXPORTFILE/ExportToPdf.aspx?type=JD&id=TNHV%2c98%2c%e5%bb%ba%e4%b8%8a%2c11%2c20100226%2c1&fname=%e8%87%ba%e7%81%a3%e9%ab%98%e7%ad%89%e6%b3%95%e9%99%a2+%e8%87%ba%e5%8d%97%e5%88%86%e9%99%a2+98+%e5%b9%b4%e5%ba%a6%e5%bb%ba%e4%b8%8a%e5%ad%97%e7%ac%ac+11+%e8%99%9f%e6%b0%91%e4%ba%8b%e5%88%a4%e6%b1%ba&lawpara=&ot=in,"洪水, 地質, 豪雨, 地震",
臺灣高等法院 臺南分院 98 年度建上字第 7 號民事判決,https://judgment.judicial.gov.tw/EXPORTFILE/ExportToPdf.aspx?type=JD&id=TNHV%2c98%2c%e5%bb%ba%e4%b8%8a%2c7%2c20110630%2c1&fname=%e8%87%ba%e7%81%a3%e9%ab%98%e7%ad%89%e6%b3%95%e9%99%a2+%e8%87%ba%e5%8d%97%e5%88%86%e9%99%a2+98+%e5%b9%b4%e5%ba%a6%e5%bb%ba%e4%b8%8a%e5%ad%97%e7%ac%ac+7+%e8%99%9f%e6%b0%91%e4%ba%8b%e5%88%a4%e6%b1%ba&lawpara=&ot=in,地質,
臺灣高等法院 臺南分院 99 年度建上字第 1 號民事判決,https://judgment.judicial.gov.tw/EXPORTFILE/ExportToPdf.aspx?type=JD&id=TNHV%2c99%2c%e5%bb%ba%e4%b8%8a%2c1%2c20110112%2c1&fname=%e8%87%ba%e7%81%a3%e9%ab%98%e7%ad%89%e6%b3%95%e9%99%a2+%e8%87%ba%e5%8d%97%e5%88%86%e9%99%a2+99+%e5%b9%b4%e5%ba%a6%e5%bb%ba%e4%b8%8a%e5%ad%97%e7%ac%ac+1+%e8%99%9f%e6%b0%91%e4%ba%8b%e5%88%a4%e6%b1%ba&lawpara=&ot=in,地形,
臺灣高等法院 臺南分院 99 年度建上字第 6 號民事判決,https://judgment.judicial.gov.tw/EXPORTFILE/ExportToPdf.aspx?type=JD&id=TNHV%2c99%2c%e5%bb%ba%e4%b8%8a%2c6%2c20120911%2c3&fname=%e8%87%ba%e7%81%a3%e9%ab%98%e7%ad%89%e6%b3%95%e9%99%a2+%e8%87%ba%e5%8d%97%e5%88%86%e9%99%a2+99+%e5%b9%b4%e5%ba%a6%e5%bb%ba%e4%b8%8a%e5%ad%97%e7%ac%ac+6+%e8%99%9f%e6%b0%91%e4%ba%8b%e5%88%a4%e6%b1%ba&lawpara=&ot=in,"颱風, 豪雨, 淹水",
臺灣高等法院 臺南分院 99 年度建上更(一)字第 1 號民事判決,https://judgment.judicial.gov.tw/EXPORTFILE/ExportToPdf.aspx?type=JD&id=TNHV%2c99%2c%e5%bb%ba%e4%b8%8a%e6%9b%b4(%e4%b8%80)%2c1%2c20110816%2c2&fname=%e8%87%ba%e7%81%a3%e9%ab%98%e7%ad%89%e6%b3%95%e9%99%a2+%e8%87%ba%e5%8d%97%e5%88%86%e9%99%a2+99+%e5%b9%b4%e5%ba%a6%e5%bb%ba%e4%b8%8a%e6%9b%b4(%e4%b8%80)%e5%ad%97%e7%ac%ac+1+%e8%99%9f%e6%b0%91%e4%ba%8b%e5%88%a4%e6%b1%ba&lawpara=&ot=in,颱風,
臺灣高等法院 臺南分院 99 年度重上更(二)字第 14 號民事判決,https://judgment.judicial.gov.tw/EXPORTFILE/ExportToPdf.aspx?type=JD&id=TNHV%2c99%2c%e9%87%8d%e4%b8%8a%e6%9b%b4(%e4%ba%8c)%2c14%2c20120529%2c2&fname=%e8%87%ba%e7%81%a3%e9%ab%98%e7%ad%89%e6%b3%95%e9%99%a2+%e8%87%ba%e5%8d%97%e5%88%86%e9%99%a2+99+%e5%b9%b4%e5%ba%a6%e9%87%8d%e4%b8%8a%e6%9b%b4(%e4%ba%8c)%e5%ad%97%e7%ac%ac+14+%e8%99%9f%e6%b0%91%e4%ba%8b%e5%88%a4%e6%b1%ba&lawpara=&ot=in,"洪水, 風災, 風災, 颱風, 淹水",
臺灣高等法院 花蓮分院 100 年度建上字第 9 號民事判決,https://judgment.judicial.gov.tw/EXPORTFILE/ExportToPdf.aspx?type=JD&id=HLHV%2c100%2c%e5%bb%ba%e4%b8%8a%2c9%2c20121012%2c1&fname=%e8%87%ba%e7%81%a3%e9%ab%98%e7%ad%89%e6%b3%95%e9%99%a2+%e8%8a%b1%e8%93%ae%e5%88%86%e9%99%a2+100+%e5%b9%b4%e5%ba%a6%e5%bb%ba%e4%b8%8a%e5%ad%97%e7%ac%ac+9+%e8%99%9f%e6%b0%91%e4%ba%8b%e5%88%a4%e6%b1%ba&lawpara=&ot=in,"水災, 風災, 風災, 颱風",
臺灣高等法院 花蓮分院 100 年度建上更(一)字第 1 號民事判決,https://judgment.judicial.gov.tw/EXPORTFILE/ExportToPdf.aspx?type=JD&id=HLHV%2c100%2c%e5%bb%ba%e4%b8%8a%e6%9b%b4(%e4%b8%80)%2c1%2c20110429%2c1&fname=%e8%87%ba%e7%81%a3%e9%ab%98%e7%ad%89%e6%b3%95%e9%99%a2+%e8%8a%b1%e8%93%ae%e5%88%86%e9%99%a2+100+%e5%b9%b4%e5%ba%a6%e5%bb%ba%e4%b8%8a%e6%9b%b4(%e4%b8%80)%e5%ad%97%e7%ac%ac+1+%e8%99%9f%e6%b0%91%e4%ba%8b%e5%88%a4%e6%b1%ba&lawpara=&ot=in,"地震, 戰爭, 水災, 豪雨, 颱風",
臺灣高等法院 花蓮分院 100 年度建再字第 1 號民事判決,https://judgment.judicial.gov.tw/EXPORTFILE/ExportToPdf.aspx?type=JD&id=HLHV%2c100%2c%e5%bb%ba%e5%86%8d%2c1%2c20110801%2c1&fname=%e8%87%ba%e7%81%a3%e9%ab%98%e7%ad%89%e6%b3%95%e9%99%a2+%e8%8a%b1%e8%93%ae%e5%88%86%e9%99%a2+100+%e5%b9%b4%e5%ba%a6%e5%bb%ba%e5%86%8d%e5%ad%97%e7%ac%ac+1+%e8%99%9f%e6%b0%91%e4%ba%8b%e5%88%a4%e6%b1%ba&lawpara=&ot=in,"風災, 風災, 颱風",
臺灣高等法院 花蓮分院 100 年度重上更(一)字第 4 號民事判決,https://judgment.judicial.gov.tw/EXPORTFILE/ExportToPdf.aspx?type=JD&id=HLHV%2c100%2c%e9%87%8d%e4%b8%8a%e6%9b%b4(%e4%b8%80)%2c4%2c20121026%2c2&fname=%e8%87%ba%e7%81%a3%e9%ab%98%e7%ad%89%e6%b3%95%e9%99%a2+%e8%8a%b1%e8%93%ae%e5%88%86%e9%99%a2+100+%e5%b9%b4%e5%ba%a6%e9%87%8d%e4%b8%8a%e6%9b%b4(%e4%b8%80)%e5%ad%97%e7%ac%ac+4+%e8%99%9f%e6%b0%91%e4%ba%8b%e5%88%a4%e6%b1%ba&lawpara=&ot=in,颱風,
臺灣高等法院 花蓮分院 101 年度建上字第 7 號民事判決,https://judgment.judicial.gov.tw/EXPORTFILE/ExportToPdf.aspx?type=JD&id=HLHV%2c101%2c%e5%bb%ba%e4%b8%8a%2c7%2c20150115%2c1&fname=%e8%87%ba%e7%81%a3%e9%ab%98%e7%ad%89%e6%b3%95%e9%99%a2+%e8%8a%b1%e8%93%ae%e5%88%86%e9%99%a2+101+%e5%b9%b4%e5%ba%a6%e5%bb%ba%e4%b8%8a%e5%ad%97%e7%ac%ac+7+%e8%99%9f%e6%b0%91%e4%ba%8b%e5%88%a4%e6%b1%ba&lawpara=&ot=in,"風災, 洪水",
臺灣高等法院 花蓮分院 103 年度建上字第 1 號民事判決,https://judgment.judicial.gov.tw/EXPORTFILE/ExportToPdf.aspx?type=JD&id=HLHV%2c103%2c%e5%bb%ba%e4%b8%8a%2c1%2c20150731%2c1&fname=%e8%87%ba%e7%81%a3%e9%ab%98%e7%ad%89%e6%b3%95%e9%99%a2+%e8%8a%b1%e8%93%ae%e5%88%86%e9%99%a2+103+%e5%b9%b4%e5%ba%a6%e5%bb%ba%e4%b8%8a%e5%ad%97%e7%ac%ac+1+%e8%99%9f%e6%b0%91%e4%ba%8b%e5%88%a4%e6%b1%ba&lawpara=&ot=in,"地質, 地貌, 地形",
臺灣高等法院 花蓮分院 105 年度建上字第 12 號民事判決,https://judgment.judicial.gov.tw/EXPORTFILE/ExportToPdf.aspx?type=JD&id=HLHV%2c105%2c%e5%bb%ba%e4%b8%8a%2c12%2c20170106%2c1&fname=%e8%87%ba%e7%81%a3%e9%ab%98%e7%ad%89%e6%b3%95%e9%99%a2+%e8%8a%b1%e8%93%ae%e5%88%86%e9%99%a2+105+%e5%b9%b4%e5%ba%a6%e5%bb%ba%e4%b8%8a%e5%ad%97%e7%ac%ac+12+%e8%99%9f%e6%b0%91%e4%ba%8b%e5%88%a4%e6%b1%ba&lawpara=&ot=in,"洪水, 地震, 豪雨, 颱風, 地質",
臺灣高等法院 花蓮分院 105 年度建上字第 13 號民事判決,https://judgment.judicial.gov.tw/EXPORTFILE/ExportToPdf.aspx?type=JD&id=HLHV%2c105%2c%e5%bb%ba%e4%b8%8a%2c13%2c20170630%2c1&fname=%e8%87%ba%e7%81%a3%e9%ab%98%e7%ad%89%e6%b3%95%e9%99%a2+%e8%8a%b1%e8%93%ae%e5%88%86%e9%99%a2+105+%e5%b9%b4%e5%ba%a6%e5%bb%ba%e4%b8%8a%e5%ad%97%e7%ac%ac+13+%e8%99%9f%e6%b0%91%e4%ba%8b%e5%88%a4%e6%b1%ba&lawpara=&ot=in,"洪水, 地震, 水災, 豪雨, 颱風, 地質",
臺灣高等法院 花蓮分院 106 年度建上字第 1 號民事判決,https://judgment.judicial.gov.tw/EXPORTFILE/ExportToPdf.aspx?type=JD&id=HLHV%2c106%2c%e5%bb%ba%e4%b8%8a%2c1%2c20170726%2c1&fname=%e8%87%ba%e7%81%a3%e9%ab%98%e7%ad%89%e6%b3%95%e9%99%a2+%e8%8a%b1%e8%93%ae%e5%88%86%e9%99%a2+106+%e5%b9%b4%e5%ba%a6%e5%bb%ba%e4%b8%8a%e5%ad%97%e7%ac%ac+1+%e8%99%9f%e6%b0%91%e4%ba%8b%e5%88%a4%e6%b1%ba&lawpara=&ot=in,"洪水, 地震, 豪雨, 颱風, 地質",
臺灣高等法院 花蓮分院 106 年度建上字第 12 號民事判決,https://judgment.judicial.gov.tw/EXPORTFILE/ExportToPdf.aspx?type=JD&id=HLHV%2c106%2c%e5%bb%ba%e4%b8%8a%2c12%2c20180105%2c1&fname=%e8%87%ba%e7%81%a3%e9%ab%98%e7%ad%89%e6%b3%95%e9%99%a2+%e8%8a%b1%e8%93%ae%e5%88%86%e9%99%a2+106+%e5%b9%b4%e5%ba%a6%e5%bb%ba%e4%b8%8a%e5%ad%97%e7%ac%ac+12+%e8%99%9f%e6%b0%91%e4%ba%8b%e5%88%a4%e6%b1%ba&lawpara=&ot=in,"洪水, 地震, 水災, 豪雨, 颱風",
臺灣高等法院 花蓮分院 106 年度建上字第 13 號民事判決,https://judgment.judicial.gov.tw/EXPORTFILE/ExportToPdf.aspx?type=JD&id=HLHV%2c106%2c%e5%bb%ba%e4%b8%8a%2c13%2c20180515%2c1&fname=%e8%87%ba%e7%81%a3%e9%ab%98%e7%ad%89%e6%b3%95%e9%99%a2+%e8%8a%b1%e8%93%ae%e5%88%86%e9%99%a2+106+%e5%b9%b4%e5%ba%a6%e5%bb%ba%e4%b8%8a%e5%ad%97%e7%ac%ac+13+%e8%99%9f%e6%b0%91%e4%ba%8b%e5%88%a4%e6%b1%ba&lawpara=&ot=in,"地貌, 地形",
臺灣高等法院 花蓮分院 106 年度建上字第 2 號民事判決,https://judgment.judicial.gov.tw/EXPORTFILE/ExportToPdf.aspx?type=JD&id=HLHV%2c106%2c%e5%bb%ba%e4%b8%8a%2c2%2c20170407%2c1&fname=%e8%87%ba%e7%81%a3%e9%ab%98%e7%ad%89%e6%b3%95%e9%99%a2+%e8%8a%b1%e8%93%ae%e5%88%86%e9%99%a2+106+%e5%b9%b4%e5%ba%a6%e5%bb%ba%e4%b8%8a%e5%ad%97%e7%ac%ac+2+%e8%99%9f%e6%b0%91%e4%ba%8b%e5%88%a4%e6%b1%ba&lawpara=&ot=in,"天氣, 豪雨, 洪水",
臺灣高等法院 花蓮分院 108 年度建上字第 8 號民事判決,https://judgment.judicial.gov.tw/PdfWithLine/GetPDF.ashx?jrecno=108%2c%e5%bb%ba%e4%b8%8a%2c8%2c20200806%2c1&tablename=HLHV&fname=%e8%87%ba%e7%81%a3%e9%ab%98%e7%ad%89%e6%b3%95%e9%99%a2%e8%8a%b1%e8%93%ae%e5%88%86%e9%99%a2108%e5%b9%b4%e5%ba%a6%e5%bb%ba%e4%b8%8a%e5%ad%97%e7%ac%ac8%e8%99%9f%e6%b0%91%e4%ba%8b%e5%88%a4%e6%b1%ba,颱風,
臺灣高等法院 花蓮分院 109 年度建上字第 2 號民事判決,https://judgment.judicial.gov.tw/PdfWithLine/GetPDF.ashx?jrecno=109%2c%e5%bb%ba%e4%b8%8a%2c2%2c20211015%2c1&tablename=HLHV&fname=%e8%87%ba%e7%81%a3%e9%ab%98%e7%ad%89%e6%b3%95%e9%99%a2%e8%8a%b1%e8%93%ae%e5%88%86%e9%99%a2109%e5%b9%b4%e5%ba%a6%e5%bb%ba%e4%b8%8a%e5%ad%97%e7%ac%ac2%e8%99%9f%e6%b0%91%e4%ba%8b%e5%88%a4%e6%b1%ba,颱風,
臺灣高等法院 花蓮分院 109 年度建上字第 5 號民事判決,https://judgment.judicial.gov.tw/PdfWithLine/GetPDF.ashx?jrecno=109%2c%e5%bb%ba%e4%b8%8a%2c5%2c20211217%2c1&tablename=HLHV&fname=%e8%87%ba%e7%81%a3%e9%ab%98%e7%ad%89%e6%b3%95%e9%99%a2%e8%8a%b1%e8%93%ae%e5%88%86%e9%99%a2109%e5%b9%b4%e5%ba%a6%e5%bb%ba%e4%b8%8a%e5%ad%97%e7%ac%ac5%e8%99%9f%e6%b0%91%e4%ba%8b%e5%88%a4%e6%b1%ba,"颱風, 地質, 風災, 風災, 颱風",
臺灣高等法院 花蓮分院 109 年度建上易字第 7 號民事判決,https://judgment.judicial.gov.tw/PdfWithLine/GetPDF.ashx?jrecno=109%2c%e5%bb%ba%e4%b8%8a%e6%98%93%2c7%2c20210401%2c1&tablename=HLHV&fname=%e8%87%ba%e7%81%a3%e9%ab%98%e7%ad%89%e6%b3%95%e9%99%a2%e8%8a%b1%e8%93%ae%e5%88%86%e9%99%a2109%e5%b9%b4%e5%ba%a6%e5%bb%ba%e4%b8%8a%e6%98%93%e5%ad%97%e7%ac%ac7%e8%99%9f%e6%b0%91%e4%ba%8b%e5%88%a4%e6%b1%ba,地質,
臺灣高等法院 花蓮分院 109 年度建上更一字第 3 號民事判決,https://judgment.judicial.gov.tw/PdfWithLine/GetPDF.ashx?jrecno=109%2c%e5%bb%ba%e4%b8%8a%e6%9b%b4%e4%b8%80%2c3%2c20200918%2c1&tablename=HLHV&fname=%e8%87%ba%e7%81%a3%e9%ab%98%e7%ad%89%e6%b3%95%e9%99%a2%e8%8a%b1%e8%93%ae%e5%88%86%e9%99%a2109%e5%b9%b4%e5%ba%a6%e5%bb%ba%e4%b8%8a%e6%9b%b4%e4%b8%80%e5%ad%97%e7%ac%ac3%e8%99%9f%e6%b0%91%e4%ba%8b%e5%88%a4%e6%b1%ba,"颱風, 洪水, 豪雨, 地震",
臺灣高等法院 花蓮分院 109 年度建上更一字第 4 號民事判決,https://judgment.judicial.gov.tw/PdfWithLine/GetPDF.ashx?jrecno=109%2c%e5%bb%ba%e4%b8%8a%e6%9b%b4%e4%b8%80%2c4%2c20210716%2c1&tablename=HLHV&fname=%e8%87%ba%e7%81%a3%e9%ab%98%e7%ad%89%e6%b3%95%e9%99%a2%e8%8a%b1%e8%93%ae%e5%88%86%e9%99%a2109%e5%b9%b4%e5%ba%a6%e5%bb%ba%e4%b8%8a%e6%9b%b4%e4%b8%80%e5%ad%97%e7%ac%ac4%e8%99%9f%e6%b0%91%e4%ba%8b%e5%88%a4%e6%b1%ba,地形,
臺灣高等法院 花蓮分院 110 年度建上字第 4 號民事判決,https://judgment.judicial.gov.tw/FILES/HLHV/110%2c%e5%bb%ba%e4%b8%8a%2c4%2c20221102%2c1.pdf,地震,
臺灣高等法院 花蓮分院 110 年度建上更一字第 2 號民事判決,https://judgment.judicial.gov.tw/FILES/HLHV/110%2c%e5%bb%ba%e4%b8%8a%e6%9b%b4%e4%b8%80%2c2%2c20221020%2c1.pdf,"颱風, 豪雨",
臺灣高等法院 花蓮分院 111 年度建上更二字第 2 號民事判決,https://judgment.judicial.gov.tw/FILES/HLHV/111%2c%e5%bb%ba%e4%b8%8a%e6%9b%b4%e4%ba%8c%2c2%2c20230428%2c2.pdf,地形,
臺灣高等法院 花蓮分院 88 年度上字第 114 號民事判決,https://judgment.judicial.gov.tw/EXPORTFILE/ExportToPdf.aspx?type=JD&id=HLHV%2c88%2c%e4%b8%8a%2c114%2c20000913%2c1&fname=%e8%87%ba%e7%81%a3%e9%ab%98%e7%ad%89%e6%b3%95%e9%99%a2+%e8%8a%b1%e8%93%ae%e5%88%86%e9%99%a2+88+%e5%b9%b4%e5%ba%a6%e4%b8%8a%e5%ad%97%e7%ac%ac+114+%e8%99%9f%e6%b0%91%e4%ba%8b%e5%88%a4%e6%b1%ba&lawpara=&ot=in,"地質, 地貌, 豪雨",
臺灣高等法院 花蓮分院 91 年度上更(一)字第 22 號民事判決,https://judgment.judicial.gov.tw/EXPORTFILE/ExportToPdf.aspx?type=JD&id=HLHV%2c91%2c%e4%b8%8a%e6%9b%b4(%e4%b8%80)%2c22%2c20030331%2c1&fname=%e8%87%ba%e7%81%a3%e9%ab%98%e7%ad%89%e6%b3%95%e9%99%a2+%e8%8a%b1%e8%93%ae%e5%88%86%e9%99%a2+91+%e5%b9%b4%e5%ba%a6%e4%b8%8a%e6%9b%b4(%e4%b8%80)%e5%ad%97%e7%ac%ac+22+%e8%99%9f%e6%b0%91%e4%ba%8b%e5%88%a4%e6%b1%ba&lawpara=&ot=in,"地貌, 豪雨, 地形",
臺灣高等法院 花蓮分院 91 年度上更(一)字第 30 號民事判決,https://judgment.judicial.gov.tw/EXPORTFILE/ExportToPdf.aspx?type=JD&id=HLHV%2c91%2c%e4%b8%8a%e6%9b%b4(%e4%b8%80)%2c30%2c20030108%2c1&fname=%e8%87%ba%e7%81%a3%e9%ab%98%e7%ad%89%e6%b3%95%e9%99%a2+%e8%8a%b1%e8%93%ae%e5%88%86%e9%99%a2+91+%e5%b9%b4%e5%ba%a6%e4%b8%8a%e6%9b%b4(%e4%b8%80)%e5%ad%97%e7%ac%ac+30+%e8%99%9f%e6%b0%91%e4%ba%8b%e5%88%a4%e6%b1%ba&lawpara=&ot=in,地質,
臺灣高等法院 花蓮分院 96 年度上易字第 25 號民事判決,https://judgment.judicial.gov.tw/EXPORTFILE/ExportToPdf.aspx?type=JD&id=HLHV%2c96%2c%e4%b8%8a%e6%98%93%2c25%2c20070820%2c1&fname=%e8%87%ba%e7%81%a3%e9%ab%98%e7%ad%89%e6%b3%95%e9%99%a2+%e8%8a%b1%e8%93%ae%e5%88%86%e9%99%a2+96+%e5%b9%b4%e5%ba%a6%e4%b8%8a%e6%98%93%e5%ad%97%e7%ac%ac+25+%e8%99%9f%e6%b0%91%e4%ba%8b%e5%88%a4%e6%b1%ba&lawpara=&ot=in,風災,
臺灣高等法院 花蓮分院 96 年度建上字第 2 號民事判決,https://judgment.judicial.gov.tw/EXPORTFILE/ExportToPdf.aspx?type=JD&id=HLHV%2c96%2c%e5%bb%ba%e4%b8%8a%2c2%2c20080201%2c1&fname=%e8%87%ba%e7%81%a3%e9%ab%98%e7%ad%89%e6%b3%95%e9%99%a2+%e8%8a%b1%e8%93%ae%e5%88%86%e9%99%a2+96+%e5%b9%b4%e5%ba%a6%e5%bb%ba%e4%b8%8a%e5%ad%97%e7%ac%ac+2+%e8%99%9f%e6%b0%91%e4%ba%8b%e5%88%a4%e6%b1%ba&lawpara=&ot=in,"天氣, 豪雨",
臺灣高等法院 花蓮分院 97 年度重再字第 2 號民事判決,https://judgment.judicial.gov.tw/EXPORTFILE/ExportToPdf.aspx?type=JD&id=HLHV%2c97%2c%e9%87%8d%e5%86%8d%2c2%2c20080903%2c2&fname=%e8%87%ba%e7%81%a3%e9%ab%98%e7%ad%89%e6%b3%95%e9%99%a2+%e8%8a%b1%e8%93%ae%e5%88%86%e9%99%a2+97+%e5%b9%b4%e5%ba%a6%e9%87%8d%e5%86%8d%e5%ad%97%e7%ac%ac+2+%e8%99%9f%e6%b0%91%e4%ba%8b%e5%88%a4%e6%b1%ba&lawpara=&ot=in,"天氣, 豪雨",
臺灣高等法院 花蓮分院 98 年度建上字第 1 號民事判決,https://judgment.judicial.gov.tw/EXPORTFILE/ExportToPdf.aspx?type=JD&id=HLHV%2c98%2c%e5%bb%ba%e4%b8%8a%2c1%2c20100331%2c1&fname=%e8%87%ba%e7%81%a3%e9%ab%98%e7%ad%89%e6%b3%95%e9%99%a2+%e8%8a%b1%e8%93%ae%e5%88%86%e9%99%a2+98+%e5%b9%b4%e5%ba%a6%e5%bb%ba%e4%b8%8a%e5%ad%97%e7%ac%ac+1+%e8%99%9f%e6%b0%91%e4%ba%8b%e5%88%a4%e6%b1%ba&lawpara=&ot=in,風災,
臺灣高等法院 花蓮分院 98 年度建上字第 2 號民事判決,https://judgment.judicial.gov.tw/EXPORTFILE/ExportToPdf.aspx?type=JD&id=HLHV%2c98%2c%e5%bb%ba%e4%b8%8a%2c2%2c20090708%2c1&fname=%e8%87%ba%e7%81%a3%e9%ab%98%e7%ad%89%e6%b3%95%e9%99%a2+%e8%8a%b1%e8%93%ae%e5%88%86%e9%99%a2+98+%e5%b9%b4%e5%ba%a6%e5%bb%ba%e4%b8%8a%e5%ad%97%e7%ac%ac+2+%e8%99%9f%e6%b0%91%e4%ba%8b%e5%88%a4%e6%b1%ba&lawpara=&ot=in,"戰爭, 地質",
臺灣高等法院 花蓮分院 99 年度建上字第 1 號民事判決,https://judgment.judicial.gov.tw/EXPORTFILE/ExportToPdf.aspx?type=JD&id=HLHV%2c99%2c%e5%bb%ba%e4%b8%8a%2c1%2c20100625%2c1&fname=%e8%87%ba%e7%81%a3%e9%ab%98%e7%ad%89%e6%b3%95%e9%99%a2+%e8%8a%b1%e8%93%ae%e5%88%86%e9%99%a2+99+%e5%b9%b4%e5%ba%a6%e5%bb%ba%e4%b8%8a%e5%ad%97%e7%ac%ac+1+%e8%99%9f%e6%b0%91%e4%ba%8b%e5%88%a4%e6%b1%ba&lawpara=&ot=in,"水災, 戰爭, 豪雨, 地震",
臺灣高等法院 花蓮分院 99 年度重上字第 2 號民事判決,https://judgment.judicial.gov.tw/EXPORTFILE/ExportToPdf.aspx?type=JD&id=HLHV%2c99%2c%e9%87%8d%e4%b8%8a%2c2%2c20110224%2c1&fname=%e8%87%ba%e7%81%a3%e9%ab%98%e7%ad%89%e6%b3%95%e9%99%a2+%e8%8a%b1%e8%93%ae%e5%88%86%e9%99%a2+99+%e5%b9%b4%e5%ba%a6%e9%87%8d%e4%b8%8a%e5%ad%97%e7%ac%ac+2+%e8%99%9f%e6%b0%91%e4%ba%8b%e5%88%a4%e6%b1%ba&lawpara=&ot=in,颱風,
臺灣高等法院 高雄分院 100 年度建上易字第 9 號民事判決,https://judgment.judicial.gov.tw/EXPORTFILE/ExportToPdf.aspx?type=JD&id=KSHV%2c100%2c%e5%bb%ba%e4%b8%8a%e6%98%93%2c9%2c20110906%2c1&fname=%e8%87%ba%e7%81%a3%e9%ab%98%e7%ad%89%e6%b3%95%e9%99%a2+%e9%ab%98%e9%9b%84%e5%88%86%e9%99%a2+100+%e5%b9%b4%e5%ba%a6%e5%bb%ba%e4%b8%8a%e6%98%93%e5%ad%97%e7%ac%ac+9+%e8%99%9f%e6%b0%91%e4%ba%8b%e5%88%a4%e6%b1%ba&lawpara=&ot=in,颱風,
臺灣高等法院 高雄分院 100 年度建上更(一)字第 5 號民事判決,https://judgment.judicial.gov.tw/EXPORTFILE/ExportToPdf.aspx?type=JD&id=KSHV%2c100%2c%e5%bb%ba%e4%b8%8a%e6%9b%b4(%e4%b8%80)%2c5%2c20140416%2c4&fname=%e8%87%ba%e7%81%a3%e9%ab%98%e7%ad%89%e6%b3%95%e9%99%a2+%e9%ab%98%e9%9b%84%e5%88%86%e9%99%a2+100+%e5%b9%b4%e5%ba%a6%e5%bb%ba%e4%b8%8a%e6%9b%b4(%e4%b8%80)%e5%ad%97%e7%ac%ac+5+%e8%99%9f%e6%b0%91%e4%ba%8b%e5%88%a4%e6%b1%ba&lawpara=&ot=in,"颱風, 地質, 地形",
臺灣高等法院 高雄分院 101 年度建上字第 46 號民事判決,https://judgment.judicial.gov.tw/EXPORTFILE/ExportToPdf.aspx?type=JD&id=KSHV%2c101%2c%e5%bb%ba%e4%b8%8a%2c46%2c20131009%2c1&fname=%e8%87%ba%e7%81%a3%e9%ab%98%e7%ad%89%e6%b3%95%e9%99%a2+%e9%ab%98%e9%9b%84%e5%88%86%e9%99%a2+101+%e5%b9%b4%e5%ba%a6%e5%bb%ba%e4%b8%8a%e5%ad%97%e7%ac%ac+46+%e8%99%9f%e6%b0%91%e4%ba%8b%e5%88%a4%e6%b1%ba&lawpara=&ot=in,"豪雨, 淹水",
臺灣高等法院 高雄分院 101 年度建上字第 47 號民事判決,https://judgment.judicial.gov.tw/EXPORTFILE/ExportToPdf.aspx?type=JD&id=KSHV%2c101%2c%e5%bb%ba%e4%b8%8a%2c47%2c20131106%2c2&fname=%e8%87%ba%e7%81%a3%e9%ab%98%e7%ad%89%e6%b3%95%e9%99%a2+%e9%ab%98%e9%9b%84%e5%88%86%e9%99%a2+101+%e5%b9%b4%e5%ba%a6%e5%bb%ba%e4%b8%8a%e5%ad%97%e7%ac%ac+47+%e8%99%9f%e6%b0%91%e4%ba%8b%e5%88%a4%e6%b1%ba&lawpara=&ot=in,"地貌, 風災, 風災, 颱風, 洪水, 地震, 水災, 豪雨, 地形",
臺灣高等法院 高雄分院 101 年度建上字第 8 號民事判決,https://judgment.judicial.gov.tw/EXPORTFILE/ExportToPdf.aspx?type=JD&id=KSHV%2c101%2c%e5%bb%ba%e4%b8%8a%2c8%2c20130313%2c1&fname=%e8%87%ba%e7%81%a3%e9%ab%98%e7%ad%89%e6%b3%95%e9%99%a2+%e9%ab%98%e9%9b%84%e5%88%86%e9%99%a2+101+%e5%b9%b4%e5%ba%a6%e5%bb%ba%e4%b8%8a%e5%ad%97%e7%ac%ac+8+%e8%99%9f%e6%b0%91%e4%ba%8b%e5%88%a4%e6%b1%ba&lawpara=&ot=in,"地質, 地下水位",
臺灣高等法院 高雄分院 102 年度建上字第 2 號民事判決,https://judgment.judicial.gov.tw/EXPORTFILE/ExportToPdf.aspx?type=JD&id=KSHV%2c102%2c%e5%bb%ba%e4%b8%8a%2c2%2c20170628%2c1&fname=%e8%87%ba%e7%81%a3%e9%ab%98%e7%ad%89%e6%b3%95%e9%99%a2+%e9%ab%98%e9%9b%84%e5%88%86%e9%99%a2+102+%e5%b9%b4%e5%ba%a6%e5%bb%ba%e4%b8%8a%e5%ad%97%e7%ac%ac+2+%e8%99%9f%e6%b0%91%e4%ba%8b%e5%88%a4%e6%b1%ba&lawpara=&ot=in,"颱風, 地質, 豪雨, 洪水",
臺灣高等法院 高雄分院 102 年度建上字第 21 號民事判決,https://judgment.judicial.gov.tw/EXPORTFILE/ExportToPdf.aspx?type=JD&id=KSHV%2c102%2c%e5%bb%ba%e4%b8%8a%2c21%2c20140305%2c1&fname=%e8%87%ba%e7%81%a3%e9%ab%98%e7%ad%89%e6%b3%95%e9%99%a2+%e9%ab%98%e9%9b%84%e5%88%86%e9%99%a2+102+%e5%b9%b4%e5%ba%a6%e5%bb%ba%e4%b8%8a%e5%ad%97%e7%ac%ac+21+%e8%99%9f%e6%b0%91%e4%ba%8b%e5%88%a4%e6%b1%ba&lawpara=&ot=in,"水災, 風災, 風災, 颱風, 洪水",
臺灣高等法院 高雄分院 102 年度建上字第 4 號民事判決,https://judgment.judicial.gov.tw/EXPORTFILE/ExportToPdf.aspx?type=JD&id=KSHV%2c102%2c%e5%bb%ba%e4%b8%8a%2c4%2c20130611%2c1&fname=%e8%87%ba%e7%81%a3%e9%ab%98%e7%ad%89%e6%b3%95%e9%99%a2+%e9%ab%98%e9%9b%84%e5%88%86%e9%99%a2+102+%e5%b9%b4%e5%ba%a6%e5%bb%ba%e4%b8%8a%e5%ad%97%e7%ac%ac+4+%e8%99%9f%e6%b0%91%e4%ba%8b%e5%88%a4%e6%b1%ba&lawpara=&ot=in,颱風,
臺灣高等法院 高雄分院 102 年度建上字第 44 號民事判決,https://judgment.judicial.gov.tw/EXPORTFILE/ExportToPdf.aspx?type=JD&id=KSHV%2c102%2c%e5%bb%ba%e4%b8%8a%2c44%2c20160413%2c1&fname=%e8%87%ba%e7%81%a3%e9%ab%98%e7%ad%89%e6%b3%95%e9%99%a2+%e9%ab%98%e9%9b%84%e5%88%86%e9%99%a2+102+%e5%b9%b4%e5%ba%a6%e5%bb%ba%e4%b8%8a%e5%ad%97%e7%ac%ac+44+%e8%99%9f%e6%b0%91%e4%ba%8b%e5%88%a4%e6%b1%ba&lawpara=&ot=in,"颱風, 豪雨, 淹水",
臺灣高等法院 高雄分院 102 年度建上字第 46 號民事判決,https://judgment.judicial.gov.tw/EXPORTFILE/ExportToPdf.aspx?type=JD&id=KSHV%2c102%2c%e5%bb%ba%e4%b8%8a%2c46%2c20150414%2c2&fname=%e8%87%ba%e7%81%a3%e9%ab%98%e7%ad%89%e6%b3%95%e9%99%a2+%e9%ab%98%e9%9b%84%e5%88%86%e9%99%a2+102+%e5%b9%b4%e5%ba%a6%e5%bb%ba%e4%b8%8a%e5%ad%97%e7%ac%ac+46+%e8%99%9f%e6%b0%91%e4%ba%8b%e5%88%a4%e6%b1%ba&lawpara=&ot=in,"颱風, 豪雨",
臺灣高等法院 高雄分院 103 年度建上字第 21 號民事判決,https://judgment.judicial.gov.tw/EXPORTFILE/ExportToPdf.aspx?type=JD&id=KSHV%2c103%2c%e5%bb%ba%e4%b8%8a%2c21%2c20160630%2c2&fname=%e8%87%ba%e7%81%a3%e9%ab%98%e7%ad%89%e6%b3%95%e9%99%a2+%e9%ab%98%e9%9b%84%e5%88%86%e9%99%a2+103+%e5%b9%b4%e5%ba%a6%e5%bb%ba%e4%b8%8a%e5%ad%97%e7%ac%ac+21+%e8%99%9f%e6%b0%91%e4%ba%8b%e5%88%a4%e6%b1%ba&lawpara=&ot=in,"水災, 風災, 風災, 颱風",
臺灣高等法院 高雄分院 103 年度建上字第 30 號民事判決,https://judgment.judicial.gov.tw/EXPORTFILE/ExportToPdf.aspx?type=JD&id=KSHV%2c103%2c%e5%bb%ba%e4%b8%8a%2c30%2c20151118%2c1&fname=%e8%87%ba%e7%81%a3%e9%ab%98%e7%ad%89%e6%b3%95%e9%99%a2+%e9%ab%98%e9%9b%84%e5%88%86%e9%99%a2+103+%e5%b9%b4%e5%ba%a6%e5%bb%ba%e4%b8%8a%e5%ad%97%e7%ac%ac+30+%e8%99%9f%e6%b0%91%e4%ba%8b%e5%88%a4%e6%b1%ba&lawpara=&ot=in,"地質, 地下水位",
臺灣高等法院 高雄分院 103 年度建上字第 39 號民事判決,https://judgment.judicial.gov.tw/EXPORTFILE/ExportToPdf.aspx?type=JD&id=KSHV%2c103%2c%e5%bb%ba%e4%b8%8a%2c39%2c20150422%2c1&fname=%e8%87%ba%e7%81%a3%e9%ab%98%e7%ad%89%e6%b3%95%e9%99%a2+%e9%ab%98%e9%9b%84%e5%88%86%e9%99%a2+103+%e5%b9%b4%e5%ba%a6%e5%bb%ba%e4%b8%8a%e5%ad%97%e7%ac%ac+39+%e8%99%9f%e6%b0%91%e4%ba%8b%e5%88%a4%e6%b1%ba&lawpara=&ot=in,"風災, 豪雨",
臺灣高等法院 高雄分院 103 年度建上更(一)字第 9 號民事判決,https://judgment.judicial.gov.tw/EXPORTFILE/ExportToPdf.aspx?type=JD&id=KSHV%2c103%2c%e5%bb%ba%e4%b8%8a%e6%9b%b4(%e4%b8%80)%2c9%2c20180227%2c2&fname=%e8%87%ba%e7%81%a3%e9%ab%98%e7%ad%89%e6%b3%95%e9%99%a2+%e9%ab%98%e9%9b%84%e5%88%86%e9%99%a2+103+%e5%b9%b4%e5%ba%a6%e5%bb%ba%e4%b8%8a%e6%9b%b4(%e4%b8%80)%e5%ad%97%e7%ac%ac+9+%e8%99%9f%e6%b0%91%e4%ba%8b%e5%88%a4%e6%b1%ba&lawpara=&ot=in,"豪雨, 淹水",
臺灣高等法院 高雄分院 104 年度建上字第 29 號民事判決,https://judgment.judicial.gov.tw/EXPORTFILE/ExportToPdf.aspx?type=JD&id=KSHV%2c104%2c%e5%bb%ba%e4%b8%8a%2c29%2c20170621%2c1&fname=%e8%87%ba%e7%81%a3%e9%ab%98%e7%ad%89%e6%b3%95%e9%99%a2+%e9%ab%98%e9%9b%84%e5%88%86%e9%99%a2+104+%e5%b9%b4%e5%ba%a6%e5%bb%ba%e4%b8%8a%e5%ad%97%e7%ac%ac+29+%e8%99%9f%e6%b0%91%e4%ba%8b%e5%88%a4%e6%b1%ba&lawpara=&ot=in,"地質, 地下水位, 地形",
臺灣高等法院 高雄分院 104 年度建上字第 4 號民事判決,https://judgment.judicial.gov.tw/EXPORTFILE/ExportToPdf.aspx?type=JD&id=KSHV%2c104%2c%e5%bb%ba%e4%b8%8a%2c4%2c20170118%2c1&fname=%e8%87%ba%e7%81%a3%e9%ab%98%e7%ad%89%e6%b3%95%e9%99%a2+%e9%ab%98%e9%9b%84%e5%88%86%e9%99%a2+104+%e5%b9%b4%e5%ba%a6%e5%bb%ba%e4%b8%8a%e5%ad%97%e7%ac%ac+4+%e8%99%9f%e6%b0%91%e4%ba%8b%e5%88%a4%e6%b1%ba&lawpara=&ot=in,地質,
臺灣高等法院 高雄分院 105 年度建上字第 27 號民事判決,https://judgment.judicial.gov.tw/EXPORTFILE/ExportToPdf.aspx?type=JD&id=KSHV%2c105%2c%e5%bb%ba%e4%b8%8a%2c27%2c20170503%2c1&fname=%e8%87%ba%e7%81%a3%e9%ab%98%e7%ad%89%e6%b3%95%e9%99%a2+%e9%ab%98%e9%9b%84%e5%88%86%e9%99%a2+105+%e5%b9%b4%e5%ba%a6%e5%bb%ba%e4%b8%8a%e5%ad%97%e7%ac%ac+27+%e8%99%9f%e6%b0%91%e4%ba%8b%e5%88%a4%e6%b1%ba&lawpara=&ot=in,"颱風, 天氣, 豪雨, 地震",
臺灣高等法院 高雄分院 105 年度建上字第 32 號民事判決,https://judgment.judicial.gov.tw/FILES/KSHV/105%2c%e5%bb%ba%e4%b8%8a%2c32%2c20220817%2c1.pdf,"地質, 地形",
臺灣高等法院 高雄分院 105 年度建上字第 37 號民事判決,https://judgment.judicial.gov.tw/EXPORTFILE/ExportToPdf.aspx?type=JD&id=KSHV%2c105%2c%e5%bb%ba%e4%b8%8a%2c37%2c20181219%2c4&fname=%e8%87%ba%e7%81%a3%e9%ab%98%e7%ad%89%e6%b3%95%e9%99%a2+%e9%ab%98%e9%9b%84%e5%88%86%e9%99%a2+105+%e5%b9%b4%e5%ba%a6%e5%bb%ba%e4%b8%8a%e5%ad%97%e7%ac%ac+37+%e8%99%9f%e6%b0%91%e4%ba%8b%e5%88%a4%e6%b1%ba&lawpara=&ot=in,地形,
臺灣高等法院 高雄分院 105 年度建上更(一)字第 3 號民事判決,https://judgment.judicial.gov.tw/EXPORTFILE/ExportToPdf.aspx?type=JD&id=KSHV%2c105%2c%e5%bb%ba%e4%b8%8a%e6%9b%b4(%e4%b8%80)%2c3%2c20170322%2c1&fname=%e8%87%ba%e7%81%a3%e9%ab%98%e7%ad%89%e6%b3%95%e9%99%a2+%e9%ab%98%e9%9b%84%e5%88%86%e9%99%a2+105+%e5%b9%b4%e5%ba%a6%e5%bb%ba%e4%b8%8a%e6%9b%b4(%e4%b8%80)%e5%ad%97%e7%ac%ac+3+%e8%99%9f%e6%b0%91%e4%ba%8b%e5%88%a4%e6%b1%ba&lawpara=&ot=in,"地質, 地形",
臺灣高等法院 高雄分院 106 年度建上字第 1 號民事判決,https://judgment.judicial.gov.tw/EXPORTFILE/ExportToPdf.aspx?type=JD&id=KSHV%2c106%2c%e5%bb%ba%e4%b8%8a%2c1%2c20180613%2c1&fname=%e8%87%ba%e7%81%a3%e9%ab%98%e7%ad%89%e6%b3%95%e9%99%a2+%e9%ab%98%e9%9b%84%e5%88%86%e9%99%a2+106+%e5%b9%b4%e5%ba%a6%e5%bb%ba%e4%b8%8a%e5%ad%97%e7%ac%ac+1+%e8%99%9f%e6%b0%91%e4%ba%8b%e5%88%a4%e6%b1%ba&lawpara=&ot=in,"地貌, 風災, 風災, 颱風, 水災, 豪雨, 颱風, 地質, 地形",
臺灣高等法院 高雄分院 106 年度建上字第 22 號民事判決,https://judgment.judicial.gov.tw/PdfWithLine/GetPDF.ashx?jrecno=106%2c%e5%bb%ba%e4%b8%8a%2c22%2c20190220%2c3&tablename=KSHV&fname=%e8%87%ba%e7%81%a3%e9%ab%98%e7%ad%89%e6%b3%95%e9%99%a2%e9%ab%98%e9%9b%84%e5%88%86%e9%99%a2106%e5%b9%b4%e5%ba%a6%e5%bb%ba%e4%b8%8a%e5%ad%97%e7%ac%ac22%e8%99%9f%e6%b0%91%e4%ba%8b%e5%88%a4%e6%b1%ba,"颱風, 地質, 地下水位",
臺灣高等法院 高雄分院 106 年度建上字第 24 號民事判決,https://judgment.judicial.gov.tw/PdfWithLine/GetPDF.ashx?jrecno=106%2c%e5%bb%ba%e4%b8%8a%2c24%2c20210324%2c2&tablename=KSHV&fname=%e8%87%ba%e7%81%a3%e9%ab%98%e7%ad%89%e6%b3%95%e9%99%a2%e9%ab%98%e9%9b%84%e5%88%86%e9%99%a2106%e5%b9%b4%e5%ba%a6%e5%bb%ba%e4%b8%8a%e5%ad%97%e7%ac%ac24%e8%99%9f%e6%b0%91%e4%ba%8b%e5%88%a4%e6%b1%ba,"颱風, 地質",
臺灣高等法院 高雄分院 106 年度建上字第 37 號民事判決,https://judgment.judicial.gov.tw/EXPORTFILE/ExportToPdf.aspx?type=JD&id=KSHV%2c106%2c%e5%bb%ba%e4%b8%8a%2c37%2c20180530%2c1&fname=%e8%87%ba%e7%81%a3%e9%ab%98%e7%ad%89%e6%b3%95%e9%99%a2+%e9%ab%98%e9%9b%84%e5%88%86%e9%99%a2+106+%e5%b9%b4%e5%ba%a6%e5%bb%ba%e4%b8%8a%e5%ad%97%e7%ac%ac+37+%e8%99%9f%e6%b0%91%e4%ba%8b%e5%88%a4%e6%b1%ba&lawpara=&ot=in,地質,
臺灣高等法院 高雄分院 107 年度建上字第 3 號民事判決,https://judgment.judicial.gov.tw/PdfWithLine/GetPDF.ashx?jrecno=107%2c%e5%bb%ba%e4%b8%8a%2c3%2c20201125%2c3&tablename=KSHV&fname=%e8%87%ba%e7%81%a3%e9%ab%98%e7%ad%89%e6%b3%95%e9%99%a2%e9%ab%98%e9%9b%84%e5%88%86%e9%99%a2107%e5%b9%b4%e5%ba%a6%e5%bb%ba%e4%b8%8a%e5%ad%97%e7%ac%ac3%e8%99%9f%e6%b0%91%e4%ba%8b%e5%88%a4%e6%b1%ba,地質,
臺灣高等法院 高雄分院 107 年度建上字第 30 號民事判決,https://judgment.judicial.gov.tw/PdfWithLine/GetPDF.ashx?jrecno=107%2c%e5%bb%ba%e4%b8%8a%2c30%2c20200612%2c2&tablename=KSHV&fname=%e8%87%ba%e7%81%a3%e9%ab%98%e7%ad%89%e6%b3%95%e9%99%a2%e9%ab%98%e9%9b%84%e5%88%86%e9%99%a2107%e5%b9%b4%e5%ba%a6%e5%bb%ba%e4%b8%8a%e5%ad%97%e7%ac%ac30%e8%99%9f%e6%b0%91%e4%ba%8b%e5%88%a4%e6%b1%ba,"颱風, 地震",
臺灣高等法院 高雄分院 107 年度建上更二字第 4 號民事判決,https://judgment.judicial.gov.tw/PdfWithLine/GetPDF.ashx?jrecno=107%2c%e5%bb%ba%e4%b8%8a%e6%9b%b4%e4%ba%8c%2c4%2c20200429%2c1&tablename=KSHV&fname=%e8%87%ba%e7%81%a3%e9%ab%98%e7%ad%89%e6%b3%95%e9%99%a2%e9%ab%98%e9%9b%84%e5%88%86%e9%99%a2107%e5%b9%b4%e5%ba%a6%e5%bb%ba%e4%b8%8a%e6%9b%b4%e4%ba%8c%e5%ad%97%e7%ac%ac4%e8%99%9f%e6%b0%91%e4%ba%8b%e5%88%a4%e6%b1%ba,"地質, 地下水位, 地形",
臺灣高等法院 高雄分院 108 年度建上字第 18 號民事判決,https://judgment.judicial.gov.tw/PdfWithLine/GetPDF.ashx?jrecno=108%2c%e5%bb%ba%e4%b8%8a%2c18%2c20200415%2c1&tablename=KSHV&fname=%e8%87%ba%e7%81%a3%e9%ab%98%e7%ad%89%e6%b3%95%e9%99%a2%e9%ab%98%e9%9b%84%e5%88%86%e9%99%a2108%e5%b9%b4%e5%ba%a6%e5%bb%ba%e4%b8%8a%e5%ad%97%e7%ac%ac18%e8%99%9f%e6%b0%91%e4%ba%8b%e5%88%a4%e6%b1%ba,地質,
臺灣高等法院 高雄分院 108 年度建上字第 9 號民事判決,https://judgment.judicial.gov.tw/PdfWithLine/GetPDF.ashx?jrecno=108%2c%e5%bb%ba%e4%b8%8a%2c9%2c20210505%2c1&tablename=KSHV&fname=%e8%87%ba%e7%81%a3%e9%ab%98%e7%ad%89%e6%b3%95%e9%99%a2%e9%ab%98%e9%9b%84%e5%88%86%e9%99%a2108%e5%b9%b4%e5%ba%a6%e5%bb%ba%e4%b8%8a%e5%ad%97%e7%ac%ac9%e8%99%9f%e6%b0%91%e4%ba%8b%e5%88%a4%e6%b1%ba,"颱風, 地質, 風災, 風災, 颱風, 洪水",
臺灣高等法院 高雄分院 109 年度建上字第 10 號民事判決,https://judgment.judicial.gov.tw/FILES/KSHV/109%2c%e5%bb%ba%e4%b8%8a%2c10%2c20230823%2c1.pdf,"豪雨, 颱風, 颱風, 天氣, 地質, 地形",
臺灣高等法院 高雄分院 109 年度建上字第 2 號民事判決,https://judgment.judicial.gov.tw/PdfWithLine/GetPDF.ashx?jrecno=109%2c%e5%bb%ba%e4%b8%8a%2c2%2c20201230%2c1&tablename=KSHV&fname=%e8%87%ba%e7%81%a3%e9%ab%98%e7%ad%89%e6%b3%95%e9%99%a2%e9%ab%98%e9%9b%84%e5%88%86%e9%99%a2109%e5%b9%b4%e5%ba%a6%e5%bb%ba%e4%b8%8a%e5%ad%97%e7%ac%ac2%e8%99%9f%e6%b0%91%e4%ba%8b%e5%88%a4%e6%b1%ba,颱風,
臺灣高等法院 高雄分院 109 年度建上字第 25 號民事判決,https://judgment.judicial.gov.tw/PdfWithLine/GetPDF.ashx?jrecno=109%2c%e5%bb%ba%e4%b8%8a%2c25%2c20211124%2c2&tablename=KSHV&fname=%e8%87%ba%e7%81%a3%e9%ab%98%e7%ad%89%e6%b3%95%e9%99%a2%e9%ab%98%e9%9b%84%e5%88%86%e9%99%a2109%e5%b9%b4%e5%ba%a6%e5%bb%ba%e4%b8%8a%e5%ad%97%e7%ac%ac25%e8%99%9f%e6%b0%91%e4%ba%8b%e5%88%a4%e6%b1%ba,"地震, 豪雨, 颱風, 地質, 地形",
臺灣高等法院 高雄分院 110 年度建上字第 17 號民事判決,https://judgment.judicial.gov.tw/FILES/KSHV/110%2c%e5%bb%ba%e4%b8%8a%2c17%2c20230621%2c2.pdf,"颱風, 地質",
臺灣高等法院 高雄分院 111 年度重上字第 57 號民事判決,https://judgment.judicial.gov.tw/FILES/KSHV/111%2c%e9%87%8d%e4%b8%8a%2c57%2c20230510%2c1.pdf,"颱風, 豪雨",
臺灣高等法院 高雄分院 96 年度上更(一)字第 18 號民事判決,https://judgment.judicial.gov.tw/EXPORTFILE/ExportToPdf.aspx?type=JD&id=KSHV%2c96%2c%e4%b8%8a%e6%9b%b4(%e4%b8%80)%2c18%2c20080709%2c1&fname=%e8%87%ba%e7%81%a3%e9%ab%98%e7%ad%89%e6%b3%95%e9%99%a2+%e9%ab%98%e9%9b%84%e5%88%86%e9%99%a2+96+%e5%b9%b4%e5%ba%a6%e4%b8%8a%e6%9b%b4(%e4%b8%80)%e5%ad%97%e7%ac%ac+18+%e8%99%9f%e6%b0%91%e4%ba%8b%e5%88%a4%e6%b1%ba&lawpara=&ot=in,地震,
臺灣高等法院 高雄分院 96 年度建上字第 11 號民事判決,https://judgment.judicial.gov.tw/EXPORTFILE/ExportToPdf.aspx?type=JD&id=KSHV%2c96%2c%e5%bb%ba%e4%b8%8a%2c11%2c20080319%2c1&fname=%e8%87%ba%e7%81%a3%e9%ab%98%e7%ad%89%e6%b3%95%e9%99%a2+%e9%ab%98%e9%9b%84%e5%88%86%e9%99%a2+96+%e5%b9%b4%e5%ba%a6%e5%bb%ba%e4%b8%8a%e5%ad%97%e7%ac%ac+11+%e8%99%9f%e6%b0%91%e4%ba%8b%e5%88%a4%e6%b1%ba&lawpara=&ot=in,豪雨,
臺灣高等法院 高雄分院 96 年度建上字第 18 號民事判決,https://judgment.judicial.gov.tw/EXPORTFILE/ExportToPdf.aspx?type=JD&id=KSHV%2c96%2c%e5%bb%ba%e4%b8%8a%2c18%2c20110131%2c3&fname=%e8%87%ba%e7%81%a3%e9%ab%98%e7%ad%89%e6%b3%95%e9%99%a2+%e9%ab%98%e9%9b%84%e5%88%86%e9%99%a2+96+%e5%b9%b4%e5%ba%a6%e5%bb%ba%e4%b8%8a%e5%ad%97%e7%ac%ac+18+%e8%99%9f%e6%b0%91%e4%ba%8b%e5%88%a4%e6%b1%ba&lawpara=&ot=in,"地形, 地震",
臺灣高等法院 高雄分院 96 年度建上字第 7 號民事判決,https://judgment.judicial.gov.tw/EXPORTFILE/ExportToPdf.aspx?type=JD&id=KSHV%2c96%2c%e5%bb%ba%e4%b8%8a%2c7%2c20091117%2c3&fname=%e8%87%ba%e7%81%a3%e9%ab%98%e7%ad%89%e6%b3%95%e9%99%a2+%e9%ab%98%e9%9b%84%e5%88%86%e9%99%a2+96+%e5%b9%b4%e5%ba%a6%e5%bb%ba%e4%b8%8a%e5%ad%97%e7%ac%ac+7+%e8%99%9f%e6%b0%91%e4%ba%8b%e5%88%a4%e6%b1%ba&lawpara=&ot=in,"淹水, 地質, 豪雨, 地震",
臺灣高等法院 高雄分院 97 年度建上字第 23 號民事判決,https://judgment.judicial.gov.tw/EXPORTFILE/ExportToPdf.aspx?type=JD&id=KSHV%2c97%2c%e5%bb%ba%e4%b8%8a%2c23%2c20100324%2c2&fname=%e8%87%ba%e7%81%a3%e9%ab%98%e7%ad%89%e6%b3%95%e9%99%a2+%e9%ab%98%e9%9b%84%e5%88%86%e9%99%a2+97+%e5%b9%b4%e5%ba%a6%e5%bb%ba%e4%b8%8a%e5%ad%97%e7%ac%ac+23+%e8%99%9f%e6%b0%91%e4%ba%8b%e5%88%a4%e6%b1%ba&lawpara=&ot=in,地質,
臺灣高等法院 高雄分院 97 年度建上字第 4 號民事判決,https://judgment.judicial.gov.tw/EXPORTFILE/ExportToPdf.aspx?type=JD&id=KSHV%2c97%2c%e5%bb%ba%e4%b8%8a%2c4%2c20080917%2c1&fname=%e8%87%ba%e7%81%a3%e9%ab%98%e7%ad%89%e6%b3%95%e9%99%a2+%e9%ab%98%e9%9b%84%e5%88%86%e9%99%a2+97+%e5%b9%b4%e5%ba%a6%e5%bb%ba%e4%b8%8a%e5%ad%97%e7%ac%ac+4+%e8%99%9f%e6%b0%91%e4%ba%8b%e5%88%a4%e6%b1%ba&lawpara=&ot=in,戰爭,
臺灣高等法院 高雄分院 97 年度建上字第 9 號民事判決,https://judgment.judicial.gov.tw/EXPORTFILE/ExportToPdf.aspx?type=JD&id=KSHV%2c97%2c%e5%bb%ba%e4%b8%8a%2c9%2c20100818%2c1&fname=%e8%87%ba%e7%81%a3%e9%ab%98%e7%ad%89%e6%b3%95%e9%99%a2+%e9%ab%98%e9%9b%84%e5%88%86%e9%99%a2+97+%e5%b9%b4%e5%ba%a6%e5%bb%ba%e4%b8%8a%e5%ad%97%e7%ac%ac+9+%e8%99%9f%e6%b0%91%e4%ba%8b%e5%88%a4%e6%b1%ba&lawpara=&ot=in,地下水位,
臺灣高等法院 高雄分院 98 年度重上更(二)字第 8 號民事判決,https://judgment.judicial.gov.tw/EXPORTFILE/ExportToPdf.aspx?type=JD&id=KSHV%2c98%2c%e9%87%8d%e4%b8%8a%e6%9b%b4(%e4%ba%8c)%2c8%2c20101222%2c1&fname=%e8%87%ba%e7%81%a3%e9%ab%98%e7%ad%89%e6%b3%95%e9%99%a2+%e9%ab%98%e9%9b%84%e5%88%86%e9%99%a2+98+%e5%b9%b4%e5%ba%a6%e9%87%8d%e4%b8%8a%e6%9b%b4(%e4%ba%8c)%e5%ad%97%e7%ac%ac+8+%e8%99%9f%e6%b0%91%e4%ba%8b%e5%88%a4%e6%b1%ba&lawpara=&ot=in,"地質, 地貌",
臺灣高等法院 高雄分院 99 年度上易字第 44 號民事判決,https://judgment.judicial.gov.tw/EXPORTFILE/ExportToPdf.aspx?type=JD&id=KSHV%2c99%2c%e4%b8%8a%e6%98%93%2c44%2c20100609%2c2&fname=%e8%87%ba%e7%81%a3%e9%ab%98%e7%ad%89%e6%b3%95%e9%99%a2+%e9%ab%98%e9%9b%84%e5%88%86%e9%99%a2+99+%e5%b9%b4%e5%ba%a6%e4%b8%8a%e6%98%93%e5%ad%97%e7%ac%ac+44+%e8%99%9f%e6%b0%91%e4%ba%8b%e5%88%a4%e6%b1%ba&lawpara=&ot=in,天氣,
臺灣高等法院 高雄分院 99 年度建上字第 13 號民事判決,https://judgment.judicial.gov.tw/EXPORTFILE/ExportToPdf.aspx?type=JD&id=KSHV%2c99%2c%e5%bb%ba%e4%b8%8a%2c13%2c20110406%2c1&fname=%e8%87%ba%e7%81%a3%e9%ab%98%e7%ad%89%e6%b3%95%e9%99%a2+%e9%ab%98%e9%9b%84%e5%88%86%e9%99%a2+99+%e5%b9%b4%e5%ba%a6%e5%bb%ba%e4%b8%8a%e5%ad%97%e7%ac%ac+13+%e8%99%9f%e6%b0%91%e4%ba%8b%e5%88%a4%e6%b1%ba&lawpara=&ot=in,地質,
臺灣高等法院 高雄分院 99 年度建上字第 22 號民事判決,https://judgment.judicial.gov.tw/EXPORTFILE/ExportToPdf.aspx?type=JD&id=KSHV%2c99%2c%e5%bb%ba%e4%b8%8a%2c22%2c20110727%2c3&fname=%e8%87%ba%e7%81%a3%e9%ab%98%e7%ad%89%e6%b3%95%e9%99%a2+%e9%ab%98%e9%9b%84%e5%88%86%e9%99%a2+99+%e5%b9%b4%e5%ba%a6%e5%bb%ba%e4%b8%8a%e5%ad%97%e7%ac%ac+22+%e8%99%9f%e6%b0%91%e4%ba%8b%e5%88%a4%e6%b1%ba&lawpara=&ot=in,"颱風, 豪雨",
臺灣高雄地方法院 100 年度建字第 2 號民事判決,https://judgment.judicial.gov.tw/EXPORTFILE/ExportToPdf.aspx?type=JD&id=KSDV%2c100%2c%e5%bb%ba%2c2%2c20120926%2c1&fname=%e8%87%ba%e7%81%a3%e9%ab%98%e9%9b%84%e5%9c%b0%e6%96%b9%e6%b3%95%e9%99%a2+100+%e5%b9%b4%e5%ba%a6%e5%bb%ba%e5%ad%97%e7%ac%ac+2+%e8%99%9f%e6%b0%91%e4%ba%8b%e5%88%a4%e6%b1%ba&lawpara=&ot=in,"颱風, 豪雨, 淹水",
臺灣高雄地方法院 100 年度建字第 21 號民事判決,https://judgment.judicial.gov.tw/EXPORTFILE/ExportToPdf.aspx?type=JD&id=KSDV%2c100%2c%e5%bb%ba%2c21%2c20130820%2c1&fname=%e8%87%ba%e7%81%a3%e9%ab%98%e9%9b%84%e5%9c%b0%e6%96%b9%e6%b3%95%e9%99%a2+100+%e5%b9%b4%e5%ba%a6%e5%bb%ba%e5%ad%97%e7%ac%ac+21+%e8%99%9f%e6%b0%91%e4%ba%8b%e5%88%a4%e6%b1%ba&lawpara=&ot=in,"地質, 地下水位, 地貌, 地形",
臺灣高雄地方法院 100 年度建字第 36 號民事判決,https://judgment.judicial.gov.tw/EXPORTFILE/ExportToPdf.aspx?type=JD&id=KSDV%2c100%2c%e5%bb%ba%2c36%2c20120523%2c2&fname=%e8%87%ba%e7%81%a3%e9%ab%98%e9%9b%84%e5%9c%b0%e6%96%b9%e6%b3%95%e9%99%a2+100+%e5%b9%b4%e5%ba%a6%e5%bb%ba%e5%ad%97%e7%ac%ac+36+%e8%99%9f%e6%b0%91%e4%ba%8b%e5%88%a4%e6%b1%ba&lawpara=&ot=in,颱風,
臺灣高雄地方法院 100 年度建字第 37 號民事判決,https://judgment.judicial.gov.tw/EXPORTFILE/ExportToPdf.aspx?type=JD&id=KSDV%2c100%2c%e5%bb%ba%2c37%2c20120229%2c2&fname=%e8%87%ba%e7%81%a3%e9%ab%98%e9%9b%84%e5%9c%b0%e6%96%b9%e6%b3%95%e9%99%a2+100+%e5%b9%b4%e5%ba%a6%e5%bb%ba%e5%ad%97%e7%ac%ac+37+%e8%99%9f%e6%b0%91%e4%ba%8b%e5%88%a4%e6%b1%ba&lawpara=&ot=in,颱風,
臺灣高雄地方法院 100 年度建字第 62 號民事判決,https://judgment.judicial.gov.tw/EXPORTFILE/ExportToPdf.aspx?type=JD&id=KSDV%2c100%2c%e5%bb%ba%2c62%2c20130326%2c1&fname=%e8%87%ba%e7%81%a3%e9%ab%98%e9%9b%84%e5%9c%b0%e6%96%b9%e6%b3%95%e9%99%a2+100+%e5%b9%b4%e5%ba%a6%e5%bb%ba%e5%ad%97%e7%ac%ac+62+%e8%99%9f%e6%b0%91%e4%ba%8b%e5%88%a4%e6%b1%ba&lawpara=&ot=in,"水災, 風災, 風災, 颱風, 豪雨",
臺灣高雄地方法院 100 年度建字第 75 號民事判決,https://judgment.judicial.gov.tw/EXPORTFILE/ExportToPdf.aspx?type=JD&id=KSDV%2c100%2c%e5%bb%ba%2c75%2c20120111%2c2&fname=%e8%87%ba%e7%81%a3%e9%ab%98%e9%9b%84%e5%9c%b0%e6%96%b9%e6%b3%95%e9%99%a2+100+%e5%b9%b4%e5%ba%a6%e5%bb%ba%e5%ad%97%e7%ac%ac+75+%e8%99%9f%e6%b0%91%e4%ba%8b%e5%88%a4%e6%b1%ba&lawpara=&ot=in,"地質, 地下水位",
臺灣高雄地方法院 101 年度建字第 117 號民事判決,https://judgment.judicial.gov.tw/EXPORTFILE/ExportToPdf.aspx?type=JD&id=KSDV%2c101%2c%e5%bb%ba%2c117%2c20131022%2c1&fname=%e8%87%ba%e7%81%a3%e9%ab%98%e9%9b%84%e5%9c%b0%e6%96%b9%e6%b3%95%e9%99%a2+101+%e5%b9%b4%e5%ba%a6%e5%bb%ba%e5%ad%97%e7%ac%ac+117+%e8%99%9f%e6%b0%91%e4%ba%8b%e5%88%a4%e6%b1%ba&lawpara=&ot=in,"颱風, 天氣, 豪雨, 淹水",
臺灣高雄地方法院 101 年度建字第 124 號民事判決,https://judgment.judicial.gov.tw/EXPORTFILE/ExportToPdf.aspx?type=JD&id=KSDV%2c101%2c%e5%bb%ba%2c124%2c20131115%2c1&fname=%e8%87%ba%e7%81%a3%e9%ab%98%e9%9b%84%e5%9c%b0%e6%96%b9%e6%b3%95%e9%99%a2+101+%e5%b9%b4%e5%ba%a6%e5%bb%ba%e5%ad%97%e7%ac%ac+124+%e8%99%9f%e6%b0%91%e4%ba%8b%e5%88%a4%e6%b1%ba&lawpara=&ot=in,"颱風, 洪水, 豪雨, 地震",
臺灣高雄地方法院 101 年度建字第 58 號民事判決,https://judgment.judicial.gov.tw/EXPORTFILE/ExportToPdf.aspx?type=JD&id=KSDV%2c101%2c%e5%bb%ba%2c58%2c20130723%2c1&fname=%e8%87%ba%e7%81%a3%e9%ab%98%e9%9b%84%e5%9c%b0%e6%96%b9%e6%b3%95%e9%99%a2+101+%e5%b9%b4%e5%ba%a6%e5%bb%ba%e5%ad%97%e7%ac%ac+58+%e8%99%9f%e6%b0%91%e4%ba%8b%e5%88%a4%e6%b1%ba&lawpara=&ot=in,地形,
臺灣高雄地方法院 102 年度建字第 29 號民事判決,https://judgment.judicial.gov.tw/EXPORTFILE/ExportToPdf.aspx?type=JD&id=KSDV%2c102%2c%e5%bb%ba%2c29%2c20150625%2c4&fname=%e8%87%ba%e7%81%a3%e9%ab%98%e9%9b%84%e5%9c%b0%e6%96%b9%e6%b3%95%e9%99%a2+102+%e5%b9%b4%e5%ba%a6%e5%bb%ba%e5%ad%97%e7%ac%ac+29+%e8%99%9f%e6%b0%91%e4%ba%8b%e5%88%a4%e6%b1%ba&lawpara=&ot=in,"地質, 淹水, 地形",
臺灣高雄地方法院 102 年度建字第 30 號民事判決,https://judgment.judicial.gov.tw/EXPORTFILE/ExportToPdf.aspx?type=JD&id=KSDV%2c102%2c%e5%bb%ba%2c30%2c20170330%2c2&fname=%e8%87%ba%e7%81%a3%e9%ab%98%e9%9b%84%e5%9c%b0%e6%96%b9%e6%b3%95%e9%99%a2+102+%e5%b9%b4%e5%ba%a6%e5%bb%ba%e5%ad%97%e7%ac%ac+30+%e8%99%9f%e6%b0%91%e4%ba%8b%e5%88%a4%e6%b1%ba&lawpara=&ot=in,"颱風, 地質",
臺灣高雄地方法院 102 年度建字第 92 號民事判決,https://judgment.judicial.gov.tw/EXPORTFILE/ExportToPdf.aspx?type=JD&id=KSDV%2c102%2c%e5%bb%ba%2c92%2c20141209%2c1&fname=%e8%87%ba%e7%81%a3%e9%ab%98%e9%9b%84%e5%9c%b0%e6%96%b9%e6%b3%95%e9%99%a2+102+%e5%b9%b4%e5%ba%a6%e5%bb%ba%e5%ad%97%e7%ac%ac+92+%e8%99%9f%e6%b0%91%e4%ba%8b%e5%88%a4%e6%b1%ba&lawpara=&ot=in,颱風,
臺灣高雄地方法院 103 年度建字第 102 號民事判決,https://judgment.judicial.gov.tw/EXPORTFILE/ExportToPdf.aspx?type=JD&id=KSDV%2c103%2c%e5%bb%ba%2c102%2c20140930%2c1&fname=%e8%87%ba%e7%81%a3%e9%ab%98%e9%9b%84%e5%9c%b0%e6%96%b9%e6%b3%95%e9%99%a2+103+%e5%b9%b4%e5%ba%a6%e5%bb%ba%e5%ad%97%e7%ac%ac+102+%e8%99%9f%e6%b0%91%e4%ba%8b%e5%88%a4%e6%b1%ba&lawpara=&ot=in,豪雨,
臺灣高雄地方法院 103 年度建字第 17 號民事判決,https://judgment.judicial.gov.tw/EXPORTFILE/ExportToPdf.aspx?type=JD&id=KSDV%2c103%2c%e5%bb%ba%2c17%2c20171012%2c4&fname=%e8%87%ba%e7%81%a3%e9%ab%98%e9%9b%84%e5%9c%b0%e6%96%b9%e6%b3%95%e9%99%a2+103+%e5%b9%b4%e5%ba%a6%e5%bb%ba%e5%ad%97%e7%ac%ac+17+%e8%99%9f%e6%b0%91%e4%ba%8b%e5%88%a4%e6%b1%ba&lawpara=&ot=in,"颱風, 豪雨",
臺灣高雄地方法院 103 年度建字第 87 號民事判決,https://judgment.judicial.gov.tw/PdfWithLine/GetPDF.ashx?jrecno=103%2c%e5%bb%ba%2c87%2c20190116%2c2&tablename=KSDV&fname=%e8%87%ba%e7%81%a3%e9%ab%98%e9%9b%84%e5%9c%b0%e6%96%b9%e6%b3%95%e9%99%a2103%e5%b9%b4%e5%ba%a6%e5%bb%ba%e5%ad%97%e7%ac%ac87%e8%99%9f%e6%b0%91%e4%ba%8b%e5%88%a4%e6%b1%ba,"颱風, 地質, 風災, 風災, 颱風",
臺灣高雄地方法院 104 年度建字第 110 號民事判決,https://judgment.judicial.gov.tw/EXPORTFILE/ExportToPdf.aspx?type=JD&id=KSDV%2c104%2c%e5%bb%ba%2c110%2c20180131%2c2&fname=%e8%87%ba%e7%81%a3%e9%ab%98%e9%9b%84%e5%9c%b0%e6%96%b9%e6%b3%95%e9%99%a2+104+%e5%b9%b4%e5%ba%a6%e5%bb%ba%e5%ad%97%e7%ac%ac+110+%e8%99%9f%e6%b0%91%e4%ba%8b%e5%88%a4%e6%b1%ba&lawpara=&ot=in,風災,
臺灣高雄地方法院 104 年度建字第 115 號民事判決,https://judgment.judicial.gov.tw/EXPORTFILE/ExportToPdf.aspx?type=JD&id=KSDV%2c104%2c%e5%bb%ba%2c115%2c20170818%2c1&fname=%e8%87%ba%e7%81%a3%e9%ab%98%e9%9b%84%e5%9c%b0%e6%96%b9%e6%b3%95%e9%99%a2+104+%e5%b9%b4%e5%ba%a6%e5%bb%ba%e5%ad%97%e7%ac%ac+115+%e8%99%9f%e6%b0%91%e4%ba%8b%e5%88%a4%e6%b1%ba&lawpara=&ot=in,"颱風, 水災, 地震",
臺灣高雄地方法院 104 年度建字第 97 號民事判決,https://judgment.judicial.gov.tw/EXPORTFILE/ExportToPdf.aspx?type=JD&id=KSDV%2c104%2c%e5%bb%ba%2c97%2c20160805%2c2&fname=%e8%87%ba%e7%81%a3%e9%ab%98%e9%9b%84%e5%9c%b0%e6%96%b9%e6%b3%95%e9%99%a2+104+%e5%b9%b4%e5%ba%a6%e5%bb%ba%e5%ad%97%e7%ac%ac+97+%e8%99%9f%e6%b0%91%e4%ba%8b%e5%88%a4%e6%b1%ba&lawpara=&ot=in,"颱風, 天氣, 豪雨, 地震",
臺灣高雄地方法院 105 年度建字第 49 號民事判決,https://judgment.judicial.gov.tw/PdfWithLine/GetPDF.ashx?jrecno=105%2c%e5%bb%ba%2c49%2c20191031%2c1&tablename=KSDV&fname=%e8%87%ba%e7%81%a3%e9%ab%98%e9%9b%84%e5%9c%b0%e6%96%b9%e6%b3%95%e9%99%a2105%e5%b9%b4%e5%ba%a6%e5%bb%ba%e5%ad%97%e7%ac%ac49%e8%99%9f%e6%b0%91%e4%ba%8b%e5%88%a4%e6%b1%ba,"颱風, 地質",
臺灣高雄地方法院 106 年度建字第 34 號民事判決,https://judgment.judicial.gov.tw/FILES/KSDV/106%2c%e5%bb%ba%2c34%2c20231226%2c2.pdf,"颱風, 豪雨",
臺灣高雄地方法院 106 年度建字第 85 號民事判決,https://judgment.judicial.gov.tw/PdfWithLine/GetPDF.ashx?jrecno=106%2c%e5%bb%ba%2c85%2c20190524%2c1&tablename=KSDV&fname=%e8%87%ba%e7%81%a3%e9%ab%98%e9%9b%84%e5%9c%b0%e6%96%b9%e6%b3%95%e9%99%a2106%e5%b9%b4%e5%ba%a6%e5%bb%ba%e5%ad%97%e7%ac%ac85%e8%99%9f%e6%b0%91%e4%ba%8b%e5%88%a4%e6%b1%ba,地質,
臺灣高雄地方法院 107 年度建字第 17 號民事判決,https://judgment.judicial.gov.tw/FILES/KSDV/107%2c%e5%bb%ba%2c17%2c20230327%2c1.pdf,"颱風, 風災, 風災, 颱風, 豪雨",
臺灣高雄地方法院 107 年度建字第 28 號民事判決,https://judgment.judicial.gov.tw/FILES/KSDV/107%2c%e5%bb%ba%2c28%2c20221130%2c2.pdf,"颱風, 豪雨, 地震",
臺灣高雄地方法院 108 年度建字第 29 號民事判決,https://judgment.judicial.gov.tw/PdfWithLine/GetPDF.ashx?jrecno=108%2c%e5%bb%ba%2c29%2c20210728%2c1&tablename=KSDV&fname=%e8%87%ba%e7%81%a3%e9%ab%98%e9%9b%84%e5%9c%b0%e6%96%b9%e6%b3%95%e9%99%a2108%e5%b9%b4%e5%ba%a6%e5%bb%ba%e5%ad%97%e7%ac%ac29%e8%99%9f%e6%b0%91%e4%ba%8b%e5%88%a4%e6%b1%ba,"颱風, 地質, 地震",
臺灣高雄地方法院 108 年度建字第 97 號民事判決,https://judgment.judicial.gov.tw/PdfWithLine/GetPDF.ashx?jrecno=108%2c%e5%bb%ba%2c97%2c20210223%2c1&tablename=KSDV&fname=%e8%87%ba%e7%81%a3%e9%ab%98%e9%9b%84%e5%9c%b0%e6%96%b9%e6%b3%95%e9%99%a2108%e5%b9%b4%e5%ba%a6%e5%bb%ba%e5%ad%97%e7%ac%ac97%e8%99%9f%e6%b0%91%e4%ba%8b%e5%88%a4%e6%b1%ba,"地下水位, 豪雨, 颱風, 地質, 地形",
臺灣高雄地方法院 109 年度建字第 24 號民事判決,https://judgment.judicial.gov.tw/FILES/KSDV/109%2c%e5%bb%ba%2c24%2c20221221%2c1.pdf,"颱風, 地質, 風災, 風災, 颱風, 地形",
臺灣高雄地方法院 109 年度重訴字第 49 號民事判決,https://judgment.judicial.gov.tw/FILES/KSDV/109%2c%e9%87%8d%e8%a8%b4%2c49%2c20220225%2c1.pdf,"颱風, 地質, 地形",
臺灣高雄地方法院 110 年度建字第 14 號民事判決,https://judgment.judicial.gov.tw/PdfWithLine/GetPDF.ashx?jrecno=110%2c%e5%bb%ba%2c14%2c20220114%2c1&tablename=KSDV&fname=%e8%87%ba%e7%81%a3%e9%ab%98%e9%9b%84%e5%9c%b0%e6%96%b9%e6%b3%95%e9%99%a2110%e5%b9%b4%e5%ba%a6%e5%bb%ba%e5%ad%97%e7%ac%ac14%e8%99%9f%e6%b0%91%e4%ba%8b%e5%88%a4%e6%b1%ba,地質,
臺灣高雄地方法院 110 年度建字第 49 號民事判決,https://judgment.judicial.gov.tw/FILES/KSDV/110%2c%e5%bb%ba%2c49%2c20230823%2c1.pdf,"颱風, 颱風, 天氣, 地質, 豪雨",
臺灣高雄地方法院 112 年度續字第 1 號民事判決,https://judgment.judicial.gov.tw/FILES/KSDV/112%2c%e7%ba%8c%2c1%2c20240521%2c1.pdf,"地質, 疫情",
臺灣高雄地方法院 90 年度仲訴字第 1 號民事判決,https://judgment.judicial.gov.tw/EXPORTFILE/ExportToPdf.aspx?type=JD&id=KSDV%2c90%2c%e4%bb%b2%e8%a8%b4%2c1%2c20010522%2c1&fname=%e8%87%ba%e7%81%a3%e9%ab%98%e9%9b%84%e5%9c%b0%e6%96%b9%e6%b3%95%e9%99%a2+90+%e5%b9%b4%e5%ba%a6%e4%bb%b2%e8%a8%b4%e5%ad%97%e7%ac%ac+1+%e8%99%9f%e6%b0%91%e4%ba%8b%e5%88%a4%e6%b1%ba&lawpara=&ot=in,"戰爭, 地質, 天氣, 地形",
臺灣高雄地方法院 90 年度重訴字第 39 號民事判決,https://judgment.judicial.gov.tw/EXPORTFILE/ExportToPdf.aspx?type=JD&id=KSDV%2c90%2c%e9%87%8d%e8%a8%b4%2c39%2c20030903%2c1&fname=%e8%87%ba%e7%81%a3%e9%ab%98%e9%9b%84%e5%9c%b0%e6%96%b9%e6%b3%95%e9%99%a2+90+%e5%b9%b4%e5%ba%a6%e9%87%8d%e8%a8%b4%e5%ad%97%e7%ac%ac+39+%e8%99%9f%e6%b0%91%e4%ba%8b%e5%88%a4%e6%b1%ba&lawpara=&ot=in,"地形, 地質, 豪雨, 淹水",
臺灣高雄地方法院 92 年度營字第 2 號民事判決,https://judgment.judicial.gov.tw/EXPORTFILE/ExportToPdf.aspx?type=JD&id=KSDV%2c92%2c%e7%87%9f%2c2%2c20070131%2c1&fname=%e8%87%ba%e7%81%a3%e9%ab%98%e9%9b%84%e5%9c%b0%e6%96%b9%e6%b3%95%e9%99%a2+92+%e5%b9%b4%e5%ba%a6%e7%87%9f%e5%ad%97%e7%ac%ac+2+%e8%99%9f%e6%b0%91%e4%ba%8b%e5%88%a4%e6%b1%ba&lawpara=&ot=in,"戰爭, 地質, 豪雨, 淹水",
臺灣高雄地方法院 92 年度訴字第 1572 號民事判決,https://judgment.judicial.gov.tw/EXPORTFILE/ExportToPdf.aspx?type=JD&id=KSDV%2c92%2c%e8%a8%b4%2c1572%2c20040130%2c1&fname=%e8%87%ba%e7%81%a3%e9%ab%98%e9%9b%84%e5%9c%b0%e6%96%b9%e6%b3%95%e9%99%a2+92+%e5%b9%b4%e5%ba%a6%e8%a8%b4%e5%ad%97%e7%ac%ac+1572+%e8%99%9f%e6%b0%91%e4%ba%8b%e5%88%a4%e6%b1%ba&lawpara=&ot=in,地形,
臺灣高雄地方法院 93 年度建字第 45 號民事判決,https://judgment.judicial.gov.tw/EXPORTFILE/ExportToPdf.aspx?type=JD&id=KSDV%2c93%2c%e5%bb%ba%2c45%2c20080521%2c1&fname=%e8%87%ba%e7%81%a3%e9%ab%98%e9%9b%84%e5%9c%b0%e6%96%b9%e6%b3%95%e9%99%a2+93+%e5%b9%b4%e5%ba%a6%e5%bb%ba%e5%ad%97%e7%ac%ac+45+%e8%99%9f%e6%b0%91%e4%ba%8b%e5%88%a4%e6%b1%ba&lawpara=&ot=in,地形,
臺灣高雄地方法院 93 年度重訴字第 310 號民事判決,https://judgment.judicial.gov.tw/EXPORTFILE/ExportToPdf.aspx?type=JD&id=KSDV%2c93%2c%e9%87%8d%e8%a8%b4%2c310%2c20070725%2c1&fname=%e8%87%ba%e7%81%a3%e9%ab%98%e9%9b%84%e5%9c%b0%e6%96%b9%e6%b3%95%e9%99%a2+93+%e5%b9%b4%e5%ba%a6%e9%87%8d%e8%a8%b4%e5%ad%97%e7%ac%ac+310+%e8%99%9f%e6%b0%91%e4%ba%8b%e5%88%a4%e6%b1%ba&lawpara=&ot=in,豪雨,
臺灣高雄地方法院 94 年度建字第 32 號民事判決,https://judgment.judicial.gov.tw/EXPORTFILE/ExportToPdf.aspx?type=JD&id=KSDV%2c94%2c%e5%bb%ba%2c32%2c20100324%2c3&fname=%e8%87%ba%e7%81%a3%e9%ab%98%e9%9b%84%e5%9c%b0%e6%96%b9%e6%b3%95%e9%99%a2+94+%e5%b9%b4%e5%ba%a6%e5%bb%ba%e5%ad%97%e7%ac%ac+32+%e8%99%9f%e6%b0%91%e4%ba%8b%e5%88%a4%e6%b1%ba&lawpara=&ot=in,"地質, 地形",
臺灣高雄地方法院 94 年度建字第 58 號民事判決,https://judgment.judicial.gov.tw/EXPORTFILE/ExportToPdf.aspx?type=JD&id=KSDV%2c94%2c%e5%bb%ba%2c58%2c20080523%2c1&fname=%e8%87%ba%e7%81%a3%e9%ab%98%e9%9b%84%e5%9c%b0%e6%96%b9%e6%b3%95%e9%99%a2+94+%e5%b9%b4%e5%ba%a6%e5%bb%ba%e5%ad%97%e7%ac%ac+58+%e8%99%9f%e6%b0%91%e4%ba%8b%e5%88%a4%e6%b1%ba&lawpara=&ot=in,地質,
臺灣高雄地方法院 95 年度建字第 112 號民事判決,https://judgment.judicial.gov.tw/EXPORTFILE/ExportToPdf.aspx?type=JD&id=KSDV%2c95%2c%e5%bb%ba%2c112%2c20071227%2c2&fname=%e8%87%ba%e7%81%a3%e9%ab%98%e9%9b%84%e5%9c%b0%e6%96%b9%e6%b3%95%e9%99%a2+95+%e5%b9%b4%e5%ba%a6%e5%bb%ba%e5%ad%97%e7%ac%ac+112+%e8%99%9f%e6%b0%91%e4%ba%8b%e5%88%a4%e6%b1%ba&lawpara=&ot=in,戰爭,
臺灣高雄地方法院 95 年度建字第 58 號民事判決,https://judgment.judicial.gov.tw/EXPORTFILE/ExportToPdf.aspx?type=JD&id=KSDV%2c95%2c%e5%bb%ba%2c58%2c20080718%2c3&fname=%e8%87%ba%e7%81%a3%e9%ab%98%e9%9b%84%e5%9c%b0%e6%96%b9%e6%b3%95%e9%99%a2+95+%e5%b9%b4%e5%ba%a6%e5%bb%ba%e5%ad%97%e7%ac%ac+58+%e8%99%9f%e6%b0%91%e4%ba%8b%e5%88%a4%e6%b1%ba&lawpara=&ot=in,地質,
臺灣高雄地方法院 95 年度建字第 73 號民事判決,https://judgment.judicial.gov.tw/EXPORTFILE/ExportToPdf.aspx?type=JD&id=KSDV%2c95%2c%e5%bb%ba%2c73%2c20100831%2c2&fname=%e8%87%ba%e7%81%a3%e9%ab%98%e9%9b%84%e5%9c%b0%e6%96%b9%e6%b3%95%e9%99%a2+95+%e5%b9%b4%e5%ba%a6%e5%bb%ba%e5%ad%97%e7%ac%ac+73+%e8%99%9f%e6%b0%91%e4%ba%8b%e5%88%a4%e6%b1%ba&lawpara=&ot=in,"天氣, 豪雨",
臺灣高雄地方法院 96 年度建字第 40 號民事判決,https://judgment.judicial.gov.tw/EXPORTFILE/ExportToPdf.aspx?type=JD&id=KSDV%2c96%2c%e5%bb%ba%2c40%2c20141124%2c9&fname=%e8%87%ba%e7%81%a3%e9%ab%98%e9%9b%84%e5%9c%b0%e6%96%b9%e6%b3%95%e9%99%a2+96+%e5%b9%b4%e5%ba%a6%e5%bb%ba%e5%ad%97%e7%ac%ac+40+%e8%99%9f%e6%b0%91%e4%ba%8b%e5%88%a4%e6%b1%ba&lawpara=&ot=in,地質,
臺灣高雄地方法院 98 年度建字第 87 號民事判決,https://judgment.judicial.gov.tw/EXPORTFILE/ExportToPdf.aspx?type=JD&id=KSDV%2c98%2c%e5%bb%ba%2c87%2c20121115%2c1&fname=%e8%87%ba%e7%81%a3%e9%ab%98%e9%9b%84%e5%9c%b0%e6%96%b9%e6%b3%95%e9%99%a2+98+%e5%b9%b4%e5%ba%a6%e5%bb%ba%e5%ad%97%e7%ac%ac+87+%e8%99%9f%e6%b0%91%e4%ba%8b%e5%88%a4%e6%b1%ba&lawpara=&ot=in,"颱風, 豪雨",
臺灣高雄地方法院 99 年度建字第 1 號民事判決,https://judgment.judicial.gov.tw/EXPORTFILE/ExportToPdf.aspx?type=JD&id=KSDV%2c99%2c%e5%bb%ba%2c1%2c20130909%2c2&fname=%e8%87%ba%e7%81%a3%e9%ab%98%e9%9b%84%e5%9c%b0%e6%96%b9%e6%b3%95%e9%99%a2+99+%e5%b9%b4%e5%ba%a6%e5%bb%ba%e5%ad%97%e7%ac%ac+1+%e8%99%9f%e6%b0%91%e4%ba%8b%e5%88%a4%e6%b1%ba&lawpara=&ot=in,"地質, 地下水位",
臺灣高雄地方法院 99 年度建字第 28 號民事判決,https://judgment.judicial.gov.tw/EXPORTFILE/ExportToPdf.aspx?type=JD&id=KSDV%2c99%2c%e5%bb%ba%2c28%2c20130327%2c1&fname=%e8%87%ba%e7%81%a3%e9%ab%98%e9%9b%84%e5%9c%b0%e6%96%b9%e6%b3%95%e9%99%a2+99+%e5%b9%b4%e5%ba%a6%e5%bb%ba%e5%ad%97%e7%ac%ac+28+%e8%99%9f%e6%b0%91%e4%ba%8b%e5%88%a4%e6%b1%ba&lawpara=&ot=in,地質,
